time_ns,vcc_mV,trigger,reset_n,debug
0,3302,0,1,1
250,3303,0,1,1
500,3302,0,1,1
750,3302,0,1,1
1000,3305,0,1,1
1250,3308,0,1,1
1500,3308,0,1,1
1750,3308,0,1,1
2000,3305,0,1,1
2250,3310,0,1,1
2500,3310,0,1,1
2750,3306,0,1,1
3000,3309,0,1,1
3250,3307,0,1,1
3500,3312,0,1,1
3750,3310,0,1,1
4000,3308,0,1,1
4250,3308,0,1,1
4500,3309,0,1,0
4750,3308,0,1,0
5000,3310,0,1,0
5250,3304,0,1,0
5500,3304,0,1,0
5750,3309,0,1,0
6000,3307,0,1,0
6250,3302,0,1,0
6500,3302,0,1,0
6750,3301,0,1,0
7000,3307,0,1,0
7250,3305,0,1,0
7500,3303,0,1,0
7750,3305,0,1,0
8000,3302,0,1,0
8250,3303,0,1,0
8500,3300,0,1,0
8750,3304,0,1,0
9000,3305,0,1,0
9250,3302,0,1,0
9500,3306,0,1,0
9750,3305,0,1,0
10000,3304,0,1,0
10250,3307,0,1,0
10500,3304,0,1,0
10750,3308,0,1,0
11000,3302,0,1,0
11250,3303,0,1,0
11500,3308,0,1,0
11750,3307,0,1,0
12000,3305,0,1,0
12250,3309,0,1,0
12500,3309,0,1,0
12750,3305,0,1,0
13000,3305,0,1,0
13250,3305,0,1,0
13500,3308,0,1,0
13750,3307,0,1,0
14000,3308,0,1,0
14250,3302,0,1,0
14500,3308,0,1,0
14750,3306,0,1,0
15000,3300,0,1,1
15250,3300,0,1,1
15500,3302,0,1,1
15750,3297,0,1,1
16000,3297,0,1,1
16250,3299,0,1,1
16500,3300,0,1,1
16750,3298,0,1,1
17000,3296,0,1,1
17250,3298,0,1,1
17500,3297,0,0,1
17750,3290,0,0,1
18000,3290,0,0,1
18250,3290,0,0,1
18500,3293,0,0,1
18750,3289,0,0,1
19000,3292,0,0,1
19250,3287,0,0,1
19500,3289,0,0,1
19750,3286,0,0,1
20000,3289,0,0,1
20250,3290,0,0,1
20500,3286,0,0,1
20750,3293,0,0,1
21000,3293,0,0,1
21250,3289,0,0,1
21500,3292,0,0,1
21750,3290,0,0,1
22000,3291,0,0,1
22250,3291,0,0,1
22500,3296,0,0,1
22750,3296,0,0,1
23000,3295,0,0,1
23250,3296,0,0,1
23500,3294,0,0,1
23750,3297,0,0,1
24000,3299,0,0,1
24250,3295,0,0,1
24500,3296,0,0,1
24750,3300,0,0,1
25000,3297,0,0,1
25250,3300,0,0,1
25500,3298,0,0,0
25750,3299,0,0,0
26000,3295,0,0,0
26250,3301,0,0,0
26500,3301,0,0,0
26750,3296,0,0,0
27000,3297,0,0,0
27250,3298,0,0,0
27500,3294,0,0,0
27750,3297,0,0,0
28000,3293,0,0,0
28250,3296,0,0,0
28500,3293,0,0,0
28750,3293,0,0,0
29000,3294,0,0,0
29250,3296,0,0,0
29500,3297,0,0,0
29750,3299,0,0,0
30000,3294,0,0,1
30250,3295,0,0,1
30500,3300,0,0,1
30750,3300,0,0,1
31000,3296,0,0,1
31250,3296,0,0,1
31500,3302,0,0,1
31750,3300,0,0,1
32000,3302,0,0,1
32250,3302,0,0,1
32500,3302,0,0,1
32750,3305,0,0,1
33000,3307,0,0,1
33250,3309,0,0,1
33500,3307,0,0,1
33750,3307,0,0,1
34000,3308,0,0,1
34250,3308,0,0,1
34500,3312,0,0,0
34750,3311,0,0,0
35000,3313,0,0,0
35250,3311,0,0,0
35500,3309,0,0,0
35750,3314,0,0,0
36000,3310,0,0,0
36250,3312,0,0,0
36500,3309,0,0,0
36750,3311,0,0,0
37000,3309,0,0,0
37250,3314,0,0,0
37500,3311,0,1,0
37750,3307,0,1,0
38000,3310,0,1,0
38250,3309,0,1,0
38500,3306,0,1,0
38750,3308,0,1,0
39000,3309,0,1,0
39250,3305,0,1,0
39500,3303,0,1,0
39750,3303,0,1,0
40000,3302,0,1,0
40250,3302,0,1,0
40500,3299,0,1,0
40750,3300,0,1,0
41000,3298,0,1,0
41250,3301,0,1,0
41500,3303,0,1,0
41750,3298,0,1,0
42000,3301,0,1,0
42250,3297,0,1,0
42500,3299,0,1,0
42750,3300,0,1,0
43000,3303,0,1,0
43250,3301,0,1,0
43500,3302,0,1,0
43750,3299,0,1,0
44000,3302,0,1,0
44250,3301,0,1,0
44500,3299,0,1,0
44750,3303,0,1,0
45000,3300,0,1,1
45250,3299,0,1,1
45500,3299,0,1,1
45750,3304,0,1,1
46000,3300,0,1,1
46250,3300,0,1,1
46500,3305,0,1,1
46750,3299,0,1,1
47000,3302,0,1,1
47250,3302,0,1,1
47500,3297,0,1,1
47750,3298,0,1,1
48000,3299,0,1,1
48250,3296,0,1,1
48500,3297,0,1,1
48750,3297,0,1,1
49000,3296,0,1,1
49250,3298,0,1,1
49500,3294,0,1,1
49750,3291,0,1,1
50000,3294,0,1,1
50250,3289,0,1,1
50500,3293,0,1,1
50750,3292,0,1,1
51000,3290,0,1,1
51250,3287,0,1,1
51500,3290,0,1,1
51750,3288,0,1,1
52000,3286,0,1,1
52250,3286,0,1,1
52500,3285,0,1,1
52750,3285,0,1,1
53000,3285,0,1,1
53250,3287,0,1,1
53500,3291,0,1,1
53750,3289,0,1,1
54000,3293,0,1,1
54250,3292,0,1,1
54500,3292,0,1,1
54750,3294,0,1,1
55000,3291,0,1,1
55250,3298,0,1,1
55500,3298,0,1,0
55750,3294,0,1,0
56000,3297,0,1,0
56250,3301,0,1,0
56500,3301,0,1,0
56750,3302,0,1,0
57000,3302,0,1,0
57250,3299,0,1,0
57500,3304,0,1,0
57750,3304,0,1,0
58000,3304,0,1,0
58250,3304,0,1,0
58500,3304,0,1,0
58750,3301,0,1,0
59000,3300,0,1,0
59250,3303,0,1,0
59500,3300,0,1,0
59750,3301,0,1,0
60000,3302,0,1,1
60250,3303,0,1,1
60500,3301,0,1,1
60750,3298,0,1,1
61000,3303,0,1,1
61250,3302,0,1,1
61500,3301,0,1,1
61750,3299,0,1,1
62000,3301,0,1,1
62250,3299,0,1,1
62500,3299,0,1,1
62750,3297,0,1,1
63000,3302,0,1,1
63250,3299,0,1,1
63500,3297,0,1,1
63750,3304,0,1,1
64000,3300,0,1,1
64250,3304,0,1,1
64500,3300,0,1,0
64750,3306,0,1,0
65000,3306,0,1,0
65250,3304,0,1,0
65500,3305,0,1,0
65750,3308,0,1,0
66000,3308,0,1,0
66250,3306,0,1,0
66500,3307,0,1,0
66750,3310,0,1,0
67000,3309,0,1,0
67250,3311,0,1,0
67500,3309,0,1,0
67750,3315,0,1,0
68000,3309,0,1,0
68250,3311,0,1,0
68500,3314,0,1,0
68750,3310,0,1,0
69000,3309,0,1,0
69250,3311,0,1,0
69500,3312,0,1,0
69750,3309,0,1,0
70000,3311,0,1,0
70250,3310,0,1,0
70500,3305,0,1,0
70750,3304,0,1,0
71000,3304,0,1,0
71250,3305,0,1,0
71500,3307,0,1,0
71750,3301,0,1,0
72000,3301,0,1,0
72250,3303,0,1,0
72500,3302,0,1,0
72750,3301,0,1,0
73000,3298,0,1,0
73250,3297,0,1,0
73500,3296,0,1,0
73750,3300,0,1,0
74000,3296,0,1,0
74250,3298,0,1,0
74500,3296,0,1,0
74750,3294,0,1,0
75000,3298,0,1,1
75250,3292,0,1,1
75500,3292,0,1,1
75750,3297,0,1,1
76000,3295,0,1,1
76250,3295,0,1,1
76500,3298,0,1,1
76750,3299,0,1,1
77000,3296,0,1,1
77250,3300,0,1,1
77500,3295,0,1,1
77750,3300,0,1,1
78000,3295,0,1,1
78250,3300,0,1,1
78500,3300,0,1,1
78750,3299,0,1,1
79000,3296,0,1,1
79250,3301,0,1,1
79500,3296,0,1,1
79750,3297,0,1,1
80000,3301,1,1,1
80250,3298,1,1,1
80500,3295,0,1,1
80750,3295,0,1,1
81000,3295,0,1,1
81250,3294,0,1,1
81500,3295,0,1,1
81750,3296,0,1,1
82000,3318,0,1,1
82250,3263,0,1,1
82500,3249,0,1,1
82750,3235,0,1,1
83000,3245,0,1,1
83250,3292,0,1,1
83500,3291,0,1,1
83750,3289,0,1,1
84000,3291,0,1,1
84250,3286,0,1,1
84500,3291,0,1,1
84750,3291,0,1,1
85000,3289,0,1,1
85250,3286,0,1,1
85500,3288,0,1,0
85750,3290,0,1,0
86000,3291,1,1,0
86250,3293,1,1,0
86500,3294,0,1,0
86750,3290,0,1,0
87000,3297,0,1,0
87250,3296,0,1,0
87500,3294,0,1,0
87750,3300,0,1,0
88000,3298,0,1,0
88250,3358,0,1,0
88500,3363,0,1,0
88750,3360,0,1,0
89000,3348,0,1,0
89250,3303,0,1,0
89500,3304,0,1,0
89750,3304,0,1,0
90000,3306,0,1,1
90250,3305,0,1,1
90500,3309,0,1,1
90750,3304,0,1,1
91000,3309,0,1,1
91250,3307,0,1,1
91500,3305,0,1,1
91750,3306,0,1,1
92000,3304,1,1,1
92250,3309,1,1,1
92500,3310,0,1,1
92750,3308,0,1,1
93000,3305,0,1,1
93250,3306,0,1,1
93500,3308,0,1,1
93750,3304,0,1,1
94000,3305,0,1,1
94250,3246,0,1,1
94500,3242,0,1,0
94750,3244,0,1,0
95000,3252,0,1,0
95250,3305,0,1,0
95500,3304,0,1,0
95750,3301,0,1,0
96000,3304,0,1,0
96250,3305,0,1,0
96500,3301,0,1,0
96750,3304,0,1,0
97000,3303,0,1,0
97250,3306,0,1,0
97500,3301,0,1,0
97750,3304,0,1,0
98000,3304,1,1,0
98250,3303,1,1,0
98500,3303,0,1,0
98750,3307,0,1,0
99000,3304,0,1,0
99250,3304,0,1,0
99500,3311,0,1,0
99750,3309,0,1,0
100000,3308,0,1,0
100250,3363,0,1,0
100500,3372,0,1,0
100750,3366,0,1,0
101000,3359,0,1,0
101250,3310,0,1,0
101500,3307,0,1,0
101750,3312,0,1,0
102000,3305,0,1,0
102250,3309,0,1,0
102500,3310,0,1,0
102750,3306,0,1,0
103000,3304,0,1,0
103250,3305,0,1,0
103500,3303,0,1,0
103750,3300,0,1,0
104000,3301,1,1,0
104250,3297,1,1,0
104500,3298,0,1,0
104750,3301,0,1,0
105000,3297,0,1,1
105250,3299,0,1,1
105500,3296,0,1,1
105750,3292,0,1,1
106000,3296,0,1,1
106250,3238,0,1,1
106500,3225,0,1,1
106750,3232,0,1,1
107000,3240,0,1,1
107250,3293,0,1,1
107500,3288,0,1,1
107750,3291,0,1,1
108000,3288,0,1,1
108250,3289,0,1,1
108500,3294,0,1,1
108750,3294,0,1,1
109000,3290,0,1,1
109250,3291,0,1,1
109500,3291,0,1,1
109750,3290,0,1,1
110000,3293,1,1,1
110250,3294,1,1,1
110500,3294,0,1,1
110750,3292,0,1,1
111000,3298,0,1,1
111250,3296,0,1,1
111500,3294,0,1,1
111750,3297,0,1,1
112000,3298,0,1,1
112250,3353,0,1,1
112500,3366,0,1,1
112750,3355,0,1,1
113000,3350,0,1,1
113250,3299,0,1,1
113500,3298,0,1,1
113750,3300,0,1,1
114000,3296,0,1,1
114250,3298,0,1,1
114500,3295,0,1,1
114750,3299,0,1,1
115000,3292,0,1,1
115250,3293,0,1,1
115500,3298,0,1,0
115750,3296,0,1,0
116000,3294,1,1,0
116250,3296,1,1,0
116500,3292,0,1,0
116750,3296,0,1,0
117000,3292,0,1,0
117250,3295,0,1,0
117500,3292,0,1,0
117750,3294,0,1,0
118000,3294,0,1,0
118250,3238,0,1,0
118500,3232,0,1,0
118750,3239,0,1,0
119000,3249,0,1,0
119250,3295,0,1,0
119500,3294,0,1,0
119750,3297,0,1,0
120000,3299,0,1,1
120250,3301,0,1,1
120500,3299,0,1,1
120750,3301,0,1,1
121000,3304,0,1,1
121250,3302,0,1,1
121500,3302,0,1,1
121750,3304,0,1,1
122000,3308,1,1,1
122250,3305,1,1,1
122500,3310,0,1,1
122750,3311,0,1,1
123000,3313,0,1,1
123250,3310,0,1,1
123500,3308,0,1,1
123750,3314,0,1,1
124000,3309,0,1,1
124250,3368,0,1,1
124500,3377,0,1,0
124750,3370,0,1,0
125000,3357,0,1,0
125250,3313,0,1,0
125500,3311,0,1,0
125750,3307,0,1,0
126000,3308,0,1,0
126250,3311,0,1,0
126500,3309,0,1,0
126750,3307,0,1,0
127000,3307,0,1,0
127250,3302,0,1,0
127500,3304,0,1,0
127750,3306,0,1,0
128000,3301,1,1,0
128250,3301,1,1,0
128500,3304,0,1,0
128750,3304,0,1,0
129000,3303,0,1,0
129250,3300,0,1,0
129500,3301,0,1,0
129750,3300,0,1,0
130000,3304,0,1,0
130250,3241,0,1,0
130500,3238,0,1,0
130750,3244,0,1,0
131000,3252,0,1,0
131250,3301,0,1,0
131500,3306,0,1,0
131750,3305,0,1,0
132000,3304,0,1,0
132250,3302,0,1,0
132500,3303,0,1,0
132750,3302,0,1,0
133000,3306,0,1,0
133250,3308,0,1,0
133500,3302,0,1,0
133750,3304,0,1,0
134000,3304,1,1,0
134250,3305,1,1,0
134500,3307,0,1,0
134750,3302,0,1,0
135000,3300,0,1,1
135250,3300,0,1,1
135500,3299,0,1,1
135750,3299,0,1,1
136000,3301,0,1,1
136250,3354,0,1,1
136500,3366,0,1,1
136750,3352,0,1,1
137000,3346,0,1,1
137250,3297,0,1,1
137500,3294,0,1,1
137750,3292,0,1,1
138000,3296,0,1,1
138250,3290,0,1,1
138500,3288,0,1,1
138750,3293,0,1,1
139000,3291,0,1,1
139250,3289,0,1,1
139500,3287,0,1,1
139750,3291,0,1,1
140000,3288,1,1,1
140250,3289,1,1,1
140500,3288,0,1,1
140750,3285,0,1,1
141000,3291,0,1,1
141250,3286,0,1,1
141500,3286,0,1,1
141750,3288,0,1,1
142000,3287,0,1,1
142250,3234,0,1,1
142500,3223,0,1,1
142750,3234,0,1,1
143000,3245,0,1,1
143250,3293,0,1,1
143500,3292,0,1,1
143750,3295,0,1,1
144000,3294,0,1,1
144250,3298,0,1,1
144500,3300,0,1,1
144750,3298,0,1,1
145000,3301,0,1,1
145250,3301,0,1,1
145500,3301,0,1,0
145750,3299,0,1,0
146000,3300,1,1,0
146250,3298,1,1,0
146500,3299,0,1,0
146750,3300,0,1,0
147000,3300,0,1,0
147250,3303,0,1,0
147500,3303,0,1,0
147750,3303,0,1,0
148000,3303,0,1,0
148250,3353,0,1,0
148500,3364,0,1,0
148750,3358,0,1,0
149000,3345,0,1,0
149250,3299,0,1,0
149500,3297,0,1,0
149750,3296,0,1,0
150000,3298,0,1,1
150250,3299,0,1,1
150500,3297,0,1,1
150750,3298,0,1,1
151000,3300,0,1,1
151250,3301,0,1,1
151500,3299,0,1,1
151750,3297,0,1,1
152000,3297,1,1,1
152250,3297,1,1,1
152500,3303,0,1,1
152750,3302,0,1,1
153000,3305,0,1,1
153250,3307,0,1,1
153500,3305,0,1,1
153750,3308,0,1,1
154000,3306,0,1,1
154250,3251,0,1,1
154500,3242,0,1,0
154750,3252,0,1,0
155000,3261,0,1,0
155250,3308,0,1,0
155500,3311,0,1,0
155750,3315,0,1,0
156000,3314,0,1,0
156250,3312,0,1,0
156500,3314,0,1,0
156750,3313,0,1,0
157000,3311,0,1,0
157250,3314,0,1,0
157500,3315,0,1,0
157750,3309,0,1,0
158000,3309,1,1,0
158250,3313,1,1,0
158500,3312,0,1,0
158750,3311,0,1,0
159000,3308,0,1,0
159250,3310,0,1,0
159500,3304,0,1,0
159750,3306,0,1,0
160000,3302,0,1,0
160250,3360,0,1,0
160500,3368,0,1,0
160750,3359,0,1,0
161000,3348,0,1,0
161250,3301,0,1,0
161500,3301,0,1,0
161750,3298,0,1,0
162000,3297,0,1,0
162250,3301,0,1,0
162500,3300,0,1,0
162750,3299,0,1,0
163000,3300,0,1,0
163250,3296,0,1,0
163500,3299,0,1,0
163750,3299,0,1,0
164000,3295,1,1,0
164250,3297,1,1,0
164500,3297,0,1,0
164750,3296,0,1,0
165000,3301,0,1,1
165250,3297,0,1,1
165500,3297,0,1,1
165750,3297,0,1,1
166000,3299,0,1,1
166250,3245,0,1,1
166500,3233,0,1,1
166750,3243,0,1,1
167000,3251,0,1,1
167250,3301,0,1,1
167500,3299,0,1,1
167750,3298,0,1,1
168000,3300,0,1,1
168250,3297,0,1,1
168500,3298,0,1,1
168750,3295,0,1,1
169000,3295,0,1,1
169250,3299,0,1,1
169500,3298,0,1,0
169750,3295,0,1,0
170000,3292,1,1,0
170250,3291,1,1,0
170500,3290,0,1,0
170750,3295,0,1,0
171000,3293,0,1,0
171250,3293,0,1,0
171500,3290,0,1,0
171750,3289,0,1,0
172000,3292,0,1,0
172250,3346,0,1,0
172500,3355,0,1,0
172750,3344,0,1,0
173000,3339,0,1,0
173250,3289,0,1,0
173500,3291,0,1,0
173750,3292,0,1,0
174000,3292,0,1,0
174250,3291,0,1,0
174500,3292,0,1,0
174750,3289,0,1,0
175000,3292,0,1,0
175250,3291,0,1,0
175500,3294,0,1,0
175750,3298,0,1,0
176000,3298,1,1,0
176250,3299,1,1,0
176500,3295,0,1,0
176750,3297,0,1,0
177000,3302,0,1,0
177250,3302,0,1,0
177500,3304,0,1,0
177750,3299,0,1,0
178000,3303,0,1,0
178250,3303,0,1,0
178500,3305,0,1,0
178750,3307,0,1,0
179000,3307,0,1,0
179250,3305,0,1,0
179500,3307,0,1,0
179750,3308,0,1,0
180000,3308,0,1,1
180250,3305,0,1,1
180500,3307,0,1,1
180750,3301,0,1,1
181000,3307,0,1,1
181250,3303,0,1,1
181500,3306,0,1,1
181750,3302,0,1,1
182000,3304,1,1,1
182250,3305,1,1,1
182500,3300,0,1,1
182750,3300,0,1,1
183000,3301,0,1,1
183250,3299,0,1,1
183500,3303,0,1,1
183750,3302,0,1,1
184000,3298,0,1,1
184250,3300,0,1,1
184500,3305,0,1,1
184750,3282,0,1,1
185000,3281,0,1,1
185250,3280,0,1,1
185500,3304,0,1,1
185750,3305,0,1,1
186000,3303,0,1,1
186250,3303,0,1,1
186500,3307,0,1,1
186750,3305,0,1,1
187000,3306,0,1,1
187250,3306,0,1,1
187500,3306,0,1,1
187750,3309,0,1,1
188000,3308,1,1,1
188250,3308,1,1,1
188500,3311,0,1,1
188750,3310,0,1,1
189000,3311,0,1,1
189250,3310,0,1,1
189500,3314,0,1,1
189750,3309,0,1,1
190000,3312,0,1,1
190250,3311,0,1,1
190500,3312,0,1,0
190750,3306,0,1,0
191000,3311,0,1,0
191250,3310,0,1,0
191500,3303,0,1,0
191750,3307,0,1,0
192000,3306,0,1,0
192250,3305,0,1,0
192500,3304,0,1,0
192750,3303,0,1,0
193000,3303,0,1,0
193250,3296,0,1,0
193500,3301,0,1,0
193750,3295,0,1,0
194000,3295,1,1,0
194250,3296,1,1,0
194500,3297,0,1,0
194750,3294,0,1,0
195000,3296,0,1,1
195250,3294,0,1,1
195500,3296,0,1,1
195750,3295,0,1,1
196000,3295,0,1,1
196250,3294,0,1,1
196500,3294,0,1,1
196750,3292,0,1,1
197000,3290,0,1,1
197250,3292,0,1,1
197500,3292,0,1,1
197750,3295,0,1,1
198000,3296,0,1,1
198250,3292,0,1,1
198500,3296,0,1,1
198750,3297,0,1,1
199000,3299,0,1,1
199250,3294,0,1,1
199500,3297,0,1,1
199750,3298,0,1,1
200000,3297,1,1,1
200250,3301,1,1,1
200500,3300,0,1,1
200750,3297,0,1,1
201000,3300,0,1,1
201250,3295,0,1,1
201500,3296,0,1,1
201750,3295,0,1,1
202000,3293,0,1,1
202250,3299,0,1,1
202500,3297,0,1,1
202750,3296,0,1,1
203000,3292,0,1,1
203250,3292,0,1,1
203500,3291,0,1,1
203750,3291,0,1,1
204000,3292,0,1,1
204250,3290,0,1,1
204500,3293,0,1,1
204750,3293,0,1,1
205000,3288,0,1,1
205250,3289,0,1,1
205500,3294,0,1,0
205750,3291,0,1,0
206000,3288,1,1,0
206250,3292,1,1,0
206500,3295,0,1,0
206750,3291,0,1,0
207000,3293,0,1,0
207250,3291,0,1,0
207500,3295,0,1,0
207750,3293,0,1,0
208000,3295,0,1,0
208250,3295,0,1,0
208500,3297,0,1,0
208750,3300,0,1,0
209000,3302,0,1,0
209250,3300,0,1,0
209500,3299,0,1,0
209750,3305,0,1,0
210000,3302,0,1,1
210250,3304,0,1,1
210500,3304,0,1,1
210750,3308,0,1,1
211000,3308,0,1,1
211250,3310,0,1,1
211500,3310,0,1,1
211750,3308,0,1,1
212000,3306,1,1,1
212250,3311,1,1,1
212500,3310,0,1,1
212750,3310,0,1,1
213000,3309,0,1,1
213250,3306,0,1,1
213500,3311,0,1,1
213750,3311,0,1,1
214000,3308,0,1,1
214250,3307,0,1,1
214500,3304,0,1,1
214750,3307,0,1,1
215000,3307,0,1,1
215250,3307,0,1,1
215500,3304,0,1,1
215750,3306,0,1,1
216000,3301,0,1,1
216250,3300,0,1,1
216500,3303,0,1,1
216750,3303,0,1,1
217000,3299,0,1,1
217250,3303,0,1,1
217500,3303,0,1,1
217750,3304,0,1,1
218000,3306,1,1,1
218250,3301,1,1,1
218500,3306,0,1,1
218750,3301,0,1,1
219000,3307,0,1,1
219250,3307,0,1,1
219500,3304,0,1,1
219750,3308,0,1,1
220000,3304,0,1,1
220250,3308,0,1,1
220500,3304,0,1,0
220750,3309,0,1,0
221000,3305,0,1,0
221250,3306,0,1,0
221500,3306,0,1,0
221750,3307,0,1,0
222000,3310,0,1,0
222250,3309,0,1,0
222500,3306,0,1,0
222750,3307,0,1,0
223000,3309,0,1,0
223250,3307,0,1,0
223500,3307,0,1,0
223750,3305,0,1,0
224000,3302,1,1,0
224250,3302,1,1,0
224500,3300,0,1,0
224750,3302,0,1,0
225000,3300,0,1,1
225250,3299,0,1,1
225500,3297,0,1,1
225750,3295,0,1,1
226000,3297,0,1,1
226250,3295,0,1,1
226500,3292,0,1,1
226750,3292,0,1,1
227000,3292,0,1,1
227250,3289,0,1,1
227500,3293,0,1,1
227750,3292,0,1,1
228000,3291,0,1,1
228250,3290,0,1,1
228500,3289,0,1,1
228750,3291,0,1,1
229000,3289,0,1,1
229250,3290,0,1,1
229500,3292,0,1,0
229750,3288,0,1,0
230000,3293,1,1,0
230250,3290,1,1,0
230500,3293,0,1,0
230750,3289,0,1,0
231000,3291,0,1,0
231250,3296,0,1,0
231500,3296,0,1,0
231750,3295,0,1,0
232000,3295,0,1,0
232250,3294,0,1,0
232500,3295,0,1,0
232750,3297,0,1,0
233000,3296,0,1,0
233250,3296,0,1,0
233500,3296,0,1,0
233750,3300,0,1,0
234000,3298,0,1,0
234250,3296,0,1,0
234500,3297,0,1,0
234750,3300,0,1,0
235000,3301,0,1,0
235250,3295,0,1,0
235500,3296,0,1,0
235750,3299,0,1,0
236000,3300,1,1,0
236250,3297,1,1,0
236500,3297,0,1,0
236750,3296,0,1,0
237000,3294,0,1,0
237250,3294,0,1,0
237500,3298,0,1,0
237750,3298,0,1,0
238000,3297,0,1,0
238250,3294,0,1,0
238500,3295,0,1,0
238750,3298,0,1,0
239000,3297,0,1,0
239250,3294,0,1,0
239500,3297,0,1,0
239750,3297,0,1,0
240000,3298,0,1,1
240250,3296,0,1,1
240500,3298,0,1,1
240750,3297,0,1,1
241000,3304,0,1,1
241250,3301,0,1,1
241500,3303,0,1,1
241750,3305,0,1,1
242000,3303,1,1,1
242250,3304,1,1,1
242500,3309,0,1,1
242750,3308,0,1,1
243000,3309,0,1,1
243250,3309,0,1,1
243500,3308,0,1,1
243750,3311,0,1,1
244000,3310,0,1,1
244250,3311,0,1,1
244500,3310,0,1,0
244750,3313,0,1,0
245000,3312,0,1,0
245250,3315,0,1,0
245500,3311,0,1,0
245750,3315,0,1,0
246000,3308,0,1,0
246250,3309,0,1,0
246500,3308,0,1,0
246750,3308,0,1,0
247000,3311,0,1,0
247250,3306,0,1,0
247500,3310,0,1,0
247750,3303,0,1,0
248000,3303,1,1,0
248250,3302,1,1,0
248500,3306,0,1,0
248750,3303,0,1,0
249000,3304,0,1,0
249250,3300,0,1,0
249500,3303,0,1,0
249750,3304,0,1,0
250000,3298,0,1,0
250250,3298,0,1,0
250500,3303,0,1,0
250750,3298,0,1,0
251000,3303,0,1,0
251250,3301,0,1,0
251500,3297,0,1,0
251750,3299,0,1,0
252000,3302,0,1,0
252250,3303,0,1,0
252500,3298,0,1,0
252750,3303,0,1,0
253000,3303,0,1,0
253250,3303,0,1,0
253500,3303,0,1,0
253750,3305,0,1,0
254000,3304,1,1,0
254250,3299,1,1,0
254500,3304,0,1,0
254750,3304,0,1,0
255000,3304,0,1,1
255250,3303,0,1,1
255500,3303,0,1,1
255750,3302,0,1,1
256000,3304,0,1,1
256250,3302,0,1,1
256500,3301,0,1,1
256750,3299,0,1,1
257000,3301,0,1,1
257250,3297,0,1,1
257500,3298,0,1,1
257750,3293,0,1,1
258000,3292,0,1,1
258250,3295,0,1,1
258500,3296,0,1,1
258750,3292,0,1,1
259000,3293,0,1,1
259250,3292,0,1,1
259500,3291,0,1,1
259750,3286,0,1,1
260000,3292,1,1,1
260250,3289,1,1,1
260500,3290,0,1,1
260750,3288,0,1,1
261000,3290,0,1,1
261250,3290,0,1,1
261500,3285,0,1,1
261750,3290,0,1,1
262000,3289,0,1,1
262250,3290,0,1,1
262500,3287,0,1,1
262750,3293,0,1,1
263000,3293,0,1,1
263250,3294,0,1,1
263500,3290,0,1,1
263750,3296,0,1,1
264000,3296,0,1,1
264250,3296,0,1,1
264500,3299,0,1,1
264750,3295,0,1,1
265000,3298,0,1,1
265250,3301,0,1,1
265500,3298,0,1,0
265750,3299,0,1,0
266000,3303,1,1,0
266250,3302,1,1,0
266500,3301,0,1,0
266750,3298,0,1,0
267000,3299,0,1,0
267250,3300,0,1,0
267500,3300,0,1,0
267750,3301,0,1,0
268000,3301,0,1,0
268250,3299,0,1,0
268500,3303,0,1,0
268750,3301,0,1,0
269000,3301,0,1,0
269250,3304,0,1,0
269500,3303,0,1,0
269750,3303,0,1,0
270000,3303,0,1,1
270250,3297,0,1,1
270500,3303,0,1,1
270750,3299,0,1,1
271000,3303,0,1,1
271250,3301,0,1,1
271500,3301,0,1,1
271750,3302,0,1,1
272000,3303,1,1,1
272250,3301,1,1,1
272500,3301,0,1,1
272750,3299,0,1,1
273000,3299,0,1,1
273250,3302,0,1,1
273500,3301,0,1,1
273750,3305,0,1,1
274000,3304,0,1,1
274250,3304,0,1,1
274500,3304,0,1,0
274750,3309,0,1,0
275000,3306,0,1,0
275250,3311,0,1,0
275500,3311,0,1,0
275750,3308,0,1,0
276000,3308,0,1,0
276250,3309,0,1,0
276500,3310,0,1,0
276750,3311,0,1,0
277000,3309,0,1,0
277250,3312,0,1,0
277500,3311,0,1,0
277750,3309,0,1,0
278000,3313,1,1,0
278250,3313,1,1,0
278500,3312,0,1,0
278750,3313,0,1,0
279000,3310,0,1,0
279250,3311,0,1,0
279500,3305,0,1,0
279750,3309,0,1,0
280000,3303,0,1,0
280250,3308,0,1,0
280500,3303,0,1,0
280750,3302,0,1,0
281000,3303,0,1,0
281250,3304,0,1,0
281500,3302,0,1,0
281750,3302,0,1,0
282000,3298,0,1,0
282250,3296,0,1,0
282500,3297,0,1,0
282750,3295,0,1,0
283000,3294,0,1,0
283250,3296,0,1,0
283500,3295,0,1,0
283750,3297,0,1,0
284000,3294,1,1,0
284250,3297,1,1,0
284500,3295,0,1,0
284750,3292,0,1,0
285000,3293,0,1,1
285250,3295,0,1,1
285500,3299,0,1,1
285750,3294,0,1,1
286000,3295,0,1,1
286250,3295,0,1,1
286500,3299,0,1,1
286750,3295,0,1,1
287000,3297,0,1,1
287250,3296,0,1,1
287500,3298,0,1,1
287750,3302,0,1,1
288000,3296,0,1,1
288250,3302,0,1,1
288500,3302,0,1,1
288750,3301,0,1,1
289000,3300,0,1,1
289250,3298,0,1,1
289500,3294,0,1,0
289750,3297,0,1,0
290000,3299,1,1,0
290250,3299,1,1,0
290500,3295,0,1,0
290750,3292,0,1,0
291000,3297,0,1,0
291250,3293,0,1,0
291500,3295,0,1,0
291750,3293,0,1,0
292000,3292,0,1,0
292250,3292,0,1,0
292500,3288,0,1,0
292750,3289,0,1,0
293000,3287,0,1,0
293250,3286,0,1,0
293500,3292,0,1,0
293750,3291,0,1,0
294000,3288,0,1,0
294250,3291,0,1,0
294500,3291,0,1,0
294750,3289,0,1,0
295000,3289,0,1,0
295250,3289,0,1,0
295500,3290,0,1,0
295750,3295,0,1,0
296000,3292,1,1,0
296250,3296,1,1,0
296500,3296,0,1,0
296750,3295,0,1,0
297000,3298,0,1,0
297250,3303,0,1,0
297500,3300,0,1,0
297750,3300,0,1,0
298000,3299,0,1,0
298250,3306,0,1,0
298500,3301,0,1,0
298750,3302,0,1,0
299000,3302,0,1,0
299250,3304,0,1,0
299500,3307,0,1,0
299750,3308,0,1,0
300000,3308,0,1,1
300250,3309,0,1,1
300500,3309,0,1,1
300750,3307,0,1,1
301000,3310,0,1,1
301250,3304,0,1,1
301500,3310,0,1,1
301750,3308,0,1,1
302000,3304,1,1,1
302250,3303,1,1,1
302500,3307,0,1,1
302750,3303,0,1,1
303000,3304,0,1,1
303250,3307,0,1,1
303500,3301,0,1,1
303750,3301,0,1,1
304000,3329,0,1,1
304250,3355,0,1,1
304500,3357,0,1,1
304750,3333,0,1,1
305000,3328,0,1,1
305250,3304,0,1,1
305500,3300,0,1,1
305750,3301,0,1,1
306000,3305,0,1,1
306250,3306,0,1,1
306500,3302,0,1,1
306750,3307,0,1,1
307000,3302,0,1,1
307250,3302,0,1,1
307500,3305,0,1,1
307750,3310,0,1,1
308000,3304,1,1,1
308250,3311,1,1,1
308500,3310,0,1,1
308750,3308,0,1,1
309000,3312,0,1,1
309250,3311,0,1,1
309500,3306,0,1,1
309750,3311,0,1,1
310000,3310,0,1,1
310250,3280,0,1,1
310500,3272,0,1,0
310750,3280,0,1,0
311000,3284,0,1,0
311250,3308,0,1,0
311500,3305,0,1,0
311750,3305,0,1,0
312000,3304,0,1,0
312250,3306,0,1,0
312500,3301,0,1,0
312750,3303,0,1,0
313000,3299,0,1,0
313250,3298,0,1,0
313500,3300,0,1,0
313750,3297,0,1,0
314000,3298,1,1,0
314250,3297,1,1,0
314500,3295,0,1,0
314750,3292,0,1,0
315000,3293,0,1,1
315250,3295,0,1,1
315500,3293,0,1,1
315750,3291,0,1,1
316000,3288,0,1,1
316250,3291,0,1,1
316500,3290,0,1,1
316750,3292,0,1,1
317000,3291,0,1,1
317250,3289,0,1,1
317500,3293,0,1,1
317750,3288,0,1,1
318000,3288,0,1,1
318250,3294,0,1,1
318500,3294,0,1,1
318750,3295,0,1,1
319000,3291,0,1,1
319250,3295,0,1,1
319500,3296,0,1,0
319750,3294,0,1,0
320000,3299,1,1,0
320250,3293,1,1,0
320500,3300,0,1,0
320750,3297,0,1,0
321000,3296,0,1,0
321250,3297,0,1,0
321500,3297,0,1,0
321750,3298,0,1,0
322000,3300,0,1,0
322250,3299,0,1,0
322500,3299,0,1,0
322750,3300,0,1,0
323000,3297,0,1,0
323250,3294,0,1,0
323500,3295,0,1,0
323750,3297,0,1,0
324000,3298,0,1,0
324250,3293,0,1,0
324500,3296,0,1,0
324750,3293,0,1,0
325000,3295,0,1,0
325250,3291,0,1,0
325500,3296,0,1,0
325750,3294,0,1,0
326000,3295,1,1,0
326250,3290,1,1,0
326500,3295,0,1,0
326750,3296,0,1,0
327000,3293,0,1,0
327250,3294,0,1,0
327500,3294,0,1,0
327750,3298,0,1,0
328000,3295,0,1,0
328250,3299,0,1,0
328500,3299,0,1,0
328750,3299,0,1,0
329000,3298,0,1,0
329250,3301,0,1,0
329500,3300,0,1,0
329750,3299,0,1,0
330000,3306,0,1,1
330250,3304,0,1,1
330500,3305,0,1,1
330750,3307,0,1,1
331000,3309,0,1,1
331250,3310,0,1,1
331500,3311,0,1,1
331750,3311,0,1,1
332000,3309,1,1,1
332250,3307,1,1,1
332500,3309,0,1,1
332750,3308,0,1,1
333000,3311,0,1,1
333250,3309,0,1,1
333500,3314,0,1,1
333750,3308,0,1,1
334000,3307,0,1,1
334250,3308,0,1,1
334500,3308,0,1,0
334750,3310,0,1,0
335000,3307,0,1,0
335250,3305,0,1,0
335500,3307,0,1,0
335750,3306,0,1,0
336000,3305,0,1,0
336250,3307,0,1,0
336500,3304,0,1,0
336750,3303,0,1,0
337000,3300,0,1,0
337250,3306,0,1,0
337500,3303,0,1,0
337750,3300,0,1,0
338000,3301,1,1,0
338250,3300,1,1,0
338500,3300,0,1,0
338750,3302,0,1,0
339000,3299,0,1,0
339250,3298,0,1,0
339500,3302,0,1,0
339750,3299,0,1,0
340000,3305,0,1,0
340250,3299,0,1,0
340500,3305,0,1,0
340750,3303,0,1,0
341000,3305,0,1,0
341250,3305,0,1,0
341500,3305,0,1,0
341750,3305,0,1,0
342000,3305,0,1,0
342250,3308,0,1,0
342500,3305,0,1,0
342750,3302,0,1,0
343000,3307,0,1,0
343250,3303,0,1,0
343500,3306,0,1,0
343750,3306,0,1,0
344000,3300,1,1,0
344250,3299,1,1,0
344500,3302,0,1,0
344750,3303,0,1,0
345000,3299,0,1,1
345250,3302,0,1,1
345500,3300,0,1,1
345750,3297,0,1,1
346000,3295,0,1,1
346250,3266,0,1,1
346500,3264,0,1,1
346750,3267,0,1,1
347000,3271,0,1,1
347250,3293,0,1,1
347500,3289,0,1,1
347750,3289,0,1,1
348000,3287,0,1,1
348250,3290,0,1,1
348500,3292,0,1,1
348750,3285,0,1,1
349000,3288,0,1,1
349250,3287,0,1,1
349500,3289,0,1,1
349750,3291,0,1,1
350000,3288,1,1,1
350250,3287,1,1,1
350500,3288,0,1,1
350750,3288,0,1,1
351000,3287,0,1,1
351250,3288,0,1,1
351500,3292,0,1,1
351750,3290,0,1,1
352000,3294,0,1,1
352250,3292,0,1,1
352500,3293,0,1,1
352750,3296,0,1,1
353000,3295,0,1,1
353250,3294,0,1,1
353500,3301,0,1,1
353750,3298,0,1,1
354000,3299,0,1,1
354250,3302,0,1,1
354500,3299,0,1,1
354750,3297,0,1,1
355000,3300,0,1,1
355250,3299,0,1,1
355500,3301,0,1,0
355750,3297,0,1,0
356000,3302,1,1,0
356250,3298,1,1,0
356500,3298,0,1,0
356750,3303,0,1,0
357000,3297,0,1,0
357250,3299,0,1,0
357500,3302,0,1,0
357750,3300,0,1,0
358000,3300,0,1,0
358250,3297,0,1,0
358500,3295,0,1,0
358750,3295,0,1,0
359000,3297,0,1,0
359250,3296,0,1,0
359500,3299,0,1,0
359750,3295,0,1,0
360000,3298,0,1,1
360250,3296,0,1,1
360500,3302,0,1,1
360750,3297,0,1,1
361000,3299,0,1,1
361250,3300,0,1,1
361500,3300,0,1,1
361750,3303,0,1,1
362000,3304,1,1,1
362250,3302,1,1,1
362500,3307,0,1,1
362750,3306,0,1,1
363000,3306,0,1,1
363250,3307,0,1,1
363500,3309,0,1,1
363750,3306,0,1,1
364000,3311,0,1,1
364250,3308,0,1,1
364500,3309,0,1,0
364750,3311,0,1,0
365000,3310,0,1,0
365250,3314,0,1,0
365500,3315,0,1,0
365750,3309,0,1,0
366000,3315,0,1,0
366250,3311,0,1,0
366500,3313,0,1,0
366750,3312,0,1,0
367000,3313,0,1,0
367250,3310,0,1,0
367500,3312,0,1,0
367750,3308,0,1,0
368000,3305,1,1,0
368250,3305,1,1,0
368500,3306,0,1,0
368750,3303,0,1,0
369000,3307,0,1,0
369250,3300,0,1,0
369500,3303,0,1,0
369750,3300,0,1,0
370000,3302,0,1,0
370250,3297,0,1,0
370500,3303,0,1,0
370750,3298,0,1,0
371000,3298,0,1,0
371250,3297,0,1,0
371500,3297,0,1,0
371750,3295,0,1,0
372000,3296,0,1,0
372250,3297,0,1,0
372500,3298,0,1,0
372750,3298,0,1,0
373000,3296,0,1,0
373250,3301,0,1,0
373500,3300,0,1,0
373750,3298,0,1,0
374000,3296,1,1,0
374250,3302,1,1,0
374500,3302,0,1,0
374750,3301,0,1,0
375000,3303,0,1,1
375250,3297,0,1,1
375500,3301,0,1,1
375750,3298,0,1,1
376000,3299,0,1,1
376250,3303,0,1,1
376500,3298,0,1,1
376750,3299,0,1,1
377000,3301,0,1,1
377250,3298,0,1,1
377500,3301,0,1,1
377750,3299,0,1,1
378000,3298,0,1,1
378250,3299,0,1,1
378500,3294,0,1,1
378750,3298,0,1,1
379000,3292,0,1,1
379250,3292,0,1,1
379500,3295,0,1,0
379750,3288,0,1,0
380000,3288,1,1,0
380250,3293,1,1,0
380500,3288,0,1,0
380750,3286,0,1,0
381000,3285,0,1,0
381250,3290,0,1,0
381500,3290,0,1,0
381750,3290,0,1,0
382000,3286,0,1,0
382250,3318,0,1,0
382500,3323,0,1,0
382750,3318,0,1,0
383000,3311,0,1,0
383250,3288,0,1,0
383500,3292,0,1,0
383750,3291,0,1,0
384000,3292,0,1,0
384250,3290,0,1,0
384500,3292,0,1,0
384750,3294,0,1,0
385000,3295,0,1,0
385250,3300,0,1,0
385500,3301,0,1,0
385750,3300,0,1,0
386000,3299,1,1,0
386250,3302,1,1,0
386500,3304,0,1,0
386750,3305,0,1,0
387000,3302,0,1,0
387250,3305,0,1,0
387500,3301,0,1,0
387750,3307,0,1,0
388000,3307,0,1,0
388250,3306,0,1,0
388500,3303,0,1,0
388750,3302,0,1,0
389000,3308,0,1,0
389250,3302,0,1,0
389500,3302,0,1,0
389750,3301,0,1,0
390000,3302,0,1,1
390250,3301,0,1,1
390500,3301,0,1,1
390750,3305,0,1,1
391000,3305,0,1,1
391250,3301,0,1,1
391500,3301,0,1,1
391750,3299,0,1,1
392000,3303,1,1,1
392250,3299,1,1,1
392500,3300,0,1,1
392750,3299,0,1,1
393000,3304,0,1,1
393250,3302,0,1,1
393500,3299,0,1,1
393750,3300,0,1,1
394000,3306,0,1,1
394250,3303,0,1,1
394500,3307,0,1,1
394750,3303,0,1,1
395000,3305,0,1,1
395250,3309,0,1,1
395500,3310,0,1,1
395750,3310,0,1,1
396000,3310,0,1,1
396250,3308,0,1,1
396500,3307,0,1,1
396750,3307,0,1,1
397000,3311,0,1,1
397250,3308,0,1,1
397500,3309,0,1,1
397750,3313,0,1,1
398000,3309,1,1,1
398250,3309,1,1,1
398500,3313,0,1,1
398750,3311,0,1,1
399000,3311,0,1,1
399250,3311,0,1,1
399500,3312,0,1,1
399750,3305,0,1,1
400000,3305,0,1,1
400250,3306,0,1,1
400500,3303,0,1,0
400750,3303,0,1,0
401000,3307,0,1,0
401250,3304,0,1,0
401500,3299,0,1,0
401750,3298,0,1,0
402000,3299,0,1,0
402250,3299,0,1,0
402500,3301,0,1,0
402750,3295,0,1,0
403000,3295,0,1,0
403250,3293,0,1,0
403500,3292,0,1,0
403750,3291,0,1,0
404000,3291,1,1,0
404250,3292,1,1,0
404500,3293,0,1,0
404750,3293,0,1,0
405000,3292,0,1,1
405250,3294,0,1,1
405500,3293,0,1,1
405750,3293,0,1,1
406000,3296,0,1,1
406250,3295,0,1,1
406500,3297,0,1,1
406750,3297,0,1,1
407000,3298,0,1,1
407250,3298,0,1,1
407500,3297,0,1,1
407750,3297,0,1,1
408000,3298,0,1,1
408250,3295,0,1,1
408500,3296,0,1,1
408750,3294,0,1,1
409000,3300,0,1,1
409250,3296,0,1,1
409500,3296,0,1,1
409750,3300,0,1,1
410000,3299,1,1,1
410250,3296,1,1,1
410500,3299,0,1,1
410750,3299,0,1,1
411000,3293,0,1,1
411250,3297,0,1,1
411500,3293,0,1,1
411750,3291,0,1,1
412000,3291,0,1,1
412250,3290,0,1,1
412500,3290,0,1,1
412750,3295,0,1,1
413000,3289,0,1,1
413250,3288,0,1,1
413500,3291,0,1,1
413750,3294,0,1,1
414000,3291,0,1,1
414250,3290,0,1,1
414500,3291,0,1,1
414750,3293,0,1,1
415000,3288,0,1,1
415250,3288,0,1,1
415500,3289,0,1,0
415750,3290,0,1,0
416000,3290,1,1,0
416250,3294,1,1,0
416500,3297,0,1,0
416750,3298,0,1,0
417000,3294,0,1,0
417250,3296,0,1,0
417500,3300,0,1,0
417750,3302,0,1,0
418000,3297,0,1,0
418250,3302,0,1,0
418500,3303,0,1,0
418750,3304,0,1,0
419000,3303,0,1,0
419250,3303,0,1,0
419500,3303,0,1,0
419750,3308,0,1,0
420000,3308,0,1,1
420250,3309,0,1,1
420500,3308,0,1,1
420750,3307,0,1,1
421000,3311,0,1,1
421250,3307,0,1,1
421500,3311,0,1,1
421750,3308,0,1,1
422000,3309,1,1,1
422250,3306,1,1,1
422500,3308,0,1,1
422750,3310,0,1,1
423000,3306,0,1,1
423250,3307,0,1,1
423500,3308,0,1,1
423750,3305,0,1,1
424000,3308,0,1,1
424250,3303,0,1,1
424500,3302,0,1,0
424750,3304,0,1,0
425000,3303,0,1,0
425250,3306,0,1,0
425500,3301,0,1,0
425750,3303,0,1,0
426000,3304,0,1,0
426250,3299,0,1,0
426500,3301,0,1,0
426750,3302,0,1,0
427000,3305,0,1,0
427250,3300,0,1,0
427500,3302,0,1,0
427750,3301,0,1,0
428000,3307,1,1,0
428250,3302,1,1,0
428500,3306,0,1,0
428750,3304,0,1,0
429000,3304,0,1,0
429250,3303,0,1,0
429500,3303,0,1,0
429750,3305,0,1,0
430000,3305,0,1,0
430250,3337,0,1,0
430500,3341,0,1,0
430750,3335,0,1,0
431000,3334,0,1,0
431250,3308,0,1,0
431500,3306,0,1,0
431750,3307,0,1,0
432000,3303,0,1,0
432250,3302,0,1,0
432500,3304,0,1,0
432750,3305,0,1,0
433000,3304,0,1,0
433250,3301,0,1,0
433500,3299,0,1,0
433750,3298,0,1,0
434000,3299,1,1,0
434250,3301,1,1,0
434500,3298,0,1,0
434750,3296,0,1,0
435000,3293,0,1,1
435250,3292,0,1,1
435500,3293,0,1,1
435750,3294,0,1,1
436000,3289,0,1,1
436250,3293,0,1,1
436500,3288,0,1,1
436750,3287,0,1,1
437000,3287,0,1,1
437250,3292,0,1,1
437500,3291,0,1,1
437750,3292,0,1,1
438000,3287,0,1,1
438250,3291,0,1,1
438500,3287,0,1,1
438750,3293,0,1,1
439000,3293,0,1,1
439250,3288,0,1,1
439500,3292,0,1,1
439750,3295,0,1,1
440000,3294,1,1,1
440250,3293,1,1,1
440500,3292,0,1,1
440750,3295,0,1,1
441000,3295,0,1,1
441250,3299,0,1,1
441500,3296,0,1,1
441750,3300,0,1,1
442000,3301,0,1,1
442250,3325,0,1,1
442500,3334,0,1,1
442750,3331,0,1,1
443000,3320,0,1,1
443250,3300,0,1,1
443500,3296,0,1,1
443750,3296,0,1,1
444000,3300,0,1,1
444250,3296,0,1,1
444500,3297,0,1,1
444750,3300,0,1,1
445000,3294,0,1,1
445250,3299,0,1,1
445500,3296,0,1,0
445750,3298,0,1,0
446000,3295,1,1,0
446250,3295,1,1,0
446500,3298,0,1,0
446750,3295,0,1,0
447000,3298,0,1,0
447250,3298,0,1,0
447500,3297,0,1,0
447750,3293,0,1,0
448000,3299,0,1,0
448250,3297,0,1,0
448500,3298,0,1,0
448750,3296,0,1,0
449000,3298,0,1,0
449250,3300,0,1,0
449500,3299,0,1,0
449750,3300,0,1,0
450000,3298,0,1,1
450250,3300,0,1,1
450500,3302,0,1,1
450750,3305,0,1,1
451000,3307,0,1,1
451250,3305,0,1,1
451500,3307,0,1,1
451750,3311,0,1,1
452000,3310,1,1,1
452250,3308,1,1,1
452500,3313,0,1,1
452750,3310,0,1,1
453000,3312,0,1,1
453250,3312,0,1,1
453500,3310,0,1,1
453750,3315,0,1,1
454000,3309,0,1,1
454250,3315,0,1,1
454500,3312,0,1,1
454750,3310,0,1,1
455000,3310,0,1,1
455250,3309,0,1,1
455500,3312,0,1,1
455750,3306,0,1,1
456000,3309,0,1,1
456250,3306,0,1,1
456500,3307,0,1,1
456750,3309,0,1,1
457000,3304,0,1,1
457250,3305,0,1,1
457500,3303,0,1,1
457750,3306,0,1,1
458000,3301,1,1,1
458250,3303,1,1,1
458500,3299,0,1,1
458750,3299,0,1,1
459000,3297,0,1,1
459250,3298,0,1,1
459500,3301,0,1,1
459750,3298,0,1,1
460000,3303,0,1,1
460250,3298,0,1,1
460500,3301,0,1,0
460750,3299,0,1,0
461000,3303,0,1,0
461250,3302,0,1,0
461500,3301,0,1,0
461750,3299,0,1,0
462000,3300,0,1,0
462250,3300,0,1,0
462500,3302,0,1,0
462750,3303,0,1,0
463000,3300,0,1,0
463250,3303,0,1,0
463500,3300,0,1,0
463750,3300,0,1,0
464000,3304,1,1,0
464250,3305,1,1,0
464500,3300,0,1,0
464750,3303,0,1,0
465000,3299,0,1,1
465250,3297,0,1,1
465500,3303,0,1,1
465750,3298,0,1,1
466000,3298,0,1,1
466250,3272,0,1,1
466500,3263,0,1,1
466750,3264,0,1,1
467000,3271,0,1,1
467250,3292,0,1,1
467500,3291,0,1,1
467750,3293,0,1,1
468000,3288,0,1,1
468250,3294,0,1,1
468500,3287,0,1,1
468750,3291,0,1,1
469000,3286,0,1,1
469250,3289,0,1,1
469500,3287,0,1,0
469750,3286,0,1,0
470000,3288,1,1,0
470250,3287,1,1,0
470500,3288,0,1,0
470750,3288,0,1,0
471000,3289,0,1,0
471250,3290,0,1,0
471500,3291,0,1,0
471750,3293,0,1,0
472000,3294,0,1,0
472250,3293,0,1,0
472500,3294,0,1,0
472750,3291,0,1,0
473000,3296,0,1,0
473250,3293,0,1,0
473500,3296,0,1,0
473750,3296,0,1,0
474000,3300,0,1,0
474250,3296,0,1,0
474500,3300,0,1,0
474750,3297,0,1,0
475000,3303,0,1,0
475250,3301,0,1,0
475500,3303,0,1,0
475750,3301,0,1,0
476000,3299,1,1,0
476250,3303,1,1,0
476500,3302,0,1,0
476750,3300,0,1,0
477000,3300,0,1,0
477250,3302,0,1,0
477500,3301,0,1,0
477750,3301,0,1,0
478000,3301,0,1,0
478250,3300,0,1,0
478500,3298,0,1,0
478750,3302,0,1,0
479000,3299,0,1,0
479250,3301,0,1,0
479500,3299,0,1,0
479750,3300,0,1,0
480000,3297,0,1,1
480250,3303,0,1,1
480500,3298,0,1,1
480750,3297,0,1,1
481000,3299,0,1,1
481250,3300,0,1,1
481500,3301,0,1,1
481750,3300,0,1,1
482000,3305,1,1,1
482250,3303,1,1,1
482500,3305,0,1,1
482750,3304,0,1,1
483000,3308,0,1,1
483250,3306,0,1,1
483500,3308,0,1,1
483750,3305,0,1,1
484000,3306,0,1,1
484250,3311,0,1,1
484500,3306,0,1,0
484750,3310,0,1,0
485000,3310,0,1,0
485250,3308,0,1,0
485500,3310,0,1,0
485750,3310,0,1,0
486000,3309,0,1,0
486250,3309,0,1,0
486500,3312,0,1,0
486750,3313,0,1,0
487000,3309,0,1,0
487250,3308,0,1,0
487500,3309,0,1,0
487750,3307,0,1,0
488000,3306,1,1,0
488250,3309,1,1,0
488500,3308,0,1,0
488750,3310,0,1,0
489000,3306,0,1,0
489250,3303,0,1,0
489500,3303,0,1,0
489750,3305,0,1,0
490000,3303,0,1,0
490250,3268,0,1,0
490500,3266,0,1,0
490750,3269,0,1,0
491000,3273,0,1,0
491250,3295,0,1,0
491500,3296,0,1,0
491750,3300,0,1,0
492000,3299,0,1,0
492250,3296,0,1,0
492500,3295,0,1,0
492750,3295,0,1,0
493000,3296,0,1,0
493250,3298,0,1,0
493500,3297,0,1,0
493750,3299,0,1,0
494000,3294,1,1,0
494250,3299,1,1,0
494500,3294,0,1,0
494750,3297,0,1,0
495000,3300,0,1,1
495250,3294,0,1,1
495500,3297,0,1,1
495750,3299,0,1,1
496000,3301,0,1,1
496250,3296,0,1,1
496500,3300,0,1,1
496750,3298,0,1,1
497000,3301,0,1,1
497250,3296,0,1,1
497500,3296,0,1,1
497750,3299,0,1,1
498000,3300,0,1,1
498250,3297,0,1,1
498500,3296,0,1,1
498750,3297,0,1,1
499000,3297,0,1,1
499250,3292,0,1,1
499500,3292,0,1,1
499750,3297,0,1,1
500000,3294,1,1,1
500250,3293,1,1,1
500500,3290,0,1,1
500750,3292,0,1,1
501000,3292,0,1,1
501250,3288,0,1,1
501500,3292,0,1,1
501750,3286,0,1,1
502000,3291,0,1,1
502250,3287,0,1,1
502500,3292,0,1,1
502750,3265,0,1,1
503000,3264,0,1,1
503250,3264,0,1,1
503500,3292,0,1,1
503750,3289,0,1,1
504000,3291,0,1,1
504250,3295,0,1,1
504500,3295,0,1,1
504750,3295,0,1,1
505000,3293,0,1,1
505250,3293,0,1,1
505500,3295,0,1,0
505750,3298,0,1,0
506000,3300,1,1,0
506250,3297,1,1,0
506500,3302,0,1,0
506750,3302,0,1,0
507000,3304,0,1,0
507250,3306,0,1,0
507500,3306,0,1,0
507750,3302,0,1,0
508000,3305,0,1,0
508250,3304,0,1,0
508500,3308,0,1,0
508750,3308,0,1,0
509000,3304,0,1,0
509250,3309,0,1,0
509500,3309,0,1,0
509750,3306,0,1,0
510000,3305,0,1,1
510250,3309,0,1,1
510500,3308,0,1,1
510750,3308,0,1,1
511000,3305,0,1,1
511250,3306,0,1,1
511500,3305,0,1,1
511750,3306,0,1,1
512000,3306,1,1,1
512250,3302,1,1,1
512500,3300,0,1,1
512750,3303,0,1,1
513000,3305,0,1,1
513250,3303,0,1,1
513500,3305,0,1,1
513750,3301,0,1,1
514000,3302,0,1,1
514250,3300,0,1,1
514500,3306,0,1,0
514750,3301,0,1,0
515000,3306,0,1,0
515250,3307,0,1,0
515500,3302,0,1,0
515750,3303,0,1,0
516000,3307,0,1,0
516250,3304,0,1,0
516500,3306,0,1,0
516750,3305,0,1,0
517000,3304,0,1,0
517250,3306,0,1,0
517500,3308,0,1,0
517750,3308,0,1,0
518000,3312,1,1,0
518250,3309,1,1,0
518500,3312,0,1,0
518750,3307,0,1,0
519000,3308,0,1,0
519250,3311,0,1,0
519500,3306,0,1,0
519750,3309,0,1,0
520000,3306,0,1,0
520250,3307,0,1,0
520500,3305,0,1,0
520750,3309,0,1,0
521000,3302,0,1,0
521250,3302,0,1,0
521500,3302,0,1,0
521750,3301,0,1,0
522000,3300,0,1,0
522250,3300,0,1,0
522500,3299,0,1,0
522750,3299,0,1,0
523000,3295,0,1,0
523250,3298,0,1,0
523500,3294,0,1,0
523750,3297,0,1,0
524000,3291,1,1,0
524250,3291,1,1,0
524500,3294,0,1,0
524750,3290,0,1,0
525000,3294,0,1,1
525250,3288,0,1,1
525500,3293,0,1,1
525750,3292,0,1,1
526000,3314,0,1,1
526250,3315,0,1,1
526500,3318,0,1,1
526750,3294,0,1,1
527000,3291,0,1,1
527250,3294,0,1,1
527500,3291,0,1,1
527750,3290,0,1,1
528000,3296,0,1,1
528250,3291,0,1,1
528500,3294,0,1,1
528750,3292,0,1,1
529000,3298,0,1,1
529250,3299,0,1,1
529500,3300,0,1,0
529750,3295,0,1,0
530000,3294,1,1,0
530250,3298,1,1,0
530500,3299,0,1,0
530750,3297,0,1,0
531000,3299,0,1,0
531250,3297,0,1,0
531500,3298,0,1,0
531750,3299,0,1,0
532000,3295,0,1,0
532250,3293,0,1,0
532500,3297,0,1,0
532750,3296,0,1,0
533000,3295,0,1,0
533250,3295,0,1,0
533500,3294,0,1,0
533750,3292,0,1,0
534000,3294,0,1,0
534250,3295,0,1,0
534500,3295,0,1,0
534750,3291,0,1,0
535000,3290,0,1,0
535250,3290,0,1,0
535500,3290,0,1,0
535750,3293,0,1,0
536000,3292,1,1,0
536250,3296,1,1,0
536500,3292,0,1,0
536750,3295,0,1,0
537000,3299,0,1,0
537250,3297,0,1,0
537500,3295,0,1,0
537750,3297,0,1,0
538000,3297,0,1,0
538250,3299,0,1,0
538500,3299,0,1,0
538750,3299,0,1,0
539000,3300,0,1,0
539250,3303,0,1,0
539500,3304,0,1,0
539750,3304,0,1,0
540000,3310,0,1,1
540250,3310,0,1,1
540500,3308,0,1,1
540750,3307,0,1,1
541000,3308,0,1,1
541250,3309,0,1,1
541500,3313,0,1,1
541750,3311,0,1,1
542000,3313,1,1,1
542250,3313,1,1,1
542500,3308,0,1,1
542750,3310,0,1,1
543000,3309,0,1,1
543250,3312,0,1,1
543500,3311,0,1,1
543750,3306,0,1,1
544000,3308,0,1,1
544250,3306,0,1,1
544500,3310,0,1,0
544750,3305,0,1,0
545000,3306,0,1,0
545250,3303,0,1,0
545500,3305,0,1,0
545750,3302,0,1,0
546000,3302,0,1,0
546250,3306,0,1,0
546500,3304,0,1,0
546750,3299,0,1,0
547000,3301,0,1,0
547250,3302,0,1,0
547500,3301,0,1,0
547750,3299,0,1,0
548000,3300,1,1,0
548250,3302,1,1,0
548500,3303,0,1,0
548750,3304,0,1,0
549000,3300,0,1,0
549250,3305,0,1,0
549500,3302,0,1,0
549750,3302,0,1,0
550000,3305,0,1,0
550250,3301,0,1,0
550500,3303,0,1,0
550750,3301,0,1,0
551000,3308,0,1,0
551250,3305,0,1,0
551500,3307,0,1,0
551750,3308,0,1,0
552000,3308,0,1,0
552250,3307,0,1,0
552500,3301,0,1,0
552750,3301,0,1,0
553000,3305,0,1,0
553250,3303,0,1,0
553500,3304,0,1,0
553750,3301,0,1,0
554000,3302,1,1,0
554250,3297,1,1,0
554500,3297,0,1,0
554750,3298,0,1,0
555000,3294,0,1,1
555250,3298,0,1,1
555500,3293,0,1,1
555750,3292,0,1,1
556000,3293,0,1,1
556250,3289,0,1,1
556500,3288,0,1,1
556750,3292,0,1,1
557000,3288,0,1,1
557250,3292,0,1,1
557500,3288,0,1,1
557750,3290,0,1,1
558000,3285,0,1,1
558250,3289,0,1,1
558500,3291,0,1,1
558750,3285,0,1,1
559000,3291,0,1,1
559250,3286,0,1,1
559500,3287,0,1,0
559750,3287,0,1,0
560000,3292,1,1,0
560250,3288,1,1,0
560500,3289,0,1,0
560750,3294,0,1,0
561000,3294,0,1,0
561250,3296,0,1,0
561500,3294,0,1,0
561750,3296,0,1,0
562000,3296,0,1,0
562250,3299,0,1,0
562500,3301,0,1,0
562750,3296,0,1,0
563000,3302,0,1,0
563250,3303,0,1,0
563500,3303,0,1,0
563750,3303,0,1,0
564000,3301,0,1,0
564250,3301,0,1,0
564500,3302,0,1,0
564750,3302,0,1,0
565000,3297,0,1,0
565250,3298,0,1,0
565500,3303,0,1,0
565750,3299,0,1,0
566000,3302,1,1,0
566250,3299,1,1,0
566500,3297,0,1,0
566750,3301,0,1,0
567000,3300,0,1,0
567250,3298,0,1,0
567500,3300,0,1,0
567750,3296,0,1,0
568000,3298,0,1,0
568250,3300,0,1,0
568500,3295,0,1,0
568750,3300,0,1,0
569000,3302,0,1,0
569250,3300,0,1,0
569500,3297,0,1,0
569750,3297,0,1,0
570000,3297,0,1,1
570250,3299,0,1,1
570500,3299,0,1,1
570750,3304,0,1,1
571000,3305,0,1,1
571250,3307,0,1,1
571500,3304,0,1,1
571750,3309,0,1,1
572000,3305,1,1,1
572250,3305,1,1,1
572500,3311,0,1,1
572750,3308,0,1,1
573000,3307,0,1,1
573250,3312,0,1,1
573500,3313,0,1,1
573750,3313,0,1,1
574000,3312,0,1,1
574250,3339,0,1,1
574500,3345,0,1,1
574750,3338,0,1,1
575000,3336,0,1,1
575250,3309,0,1,1
575500,3312,0,1,1
575750,3312,0,1,1
576000,3311,0,1,1
576250,3312,0,1,1
576500,3308,0,1,1
576750,3311,0,1,1
577000,3308,0,1,1
577250,3307,0,1,1
577500,3308,0,1,1
577750,3306,0,1,1
578000,3300,1,1,1
578250,3303,1,1,1
578500,3303,0,1,1
578750,3303,0,1,1
579000,3301,0,1,1
579250,3299,0,1,1
579500,3299,0,1,1
579750,3301,0,1,1
580000,3302,0,1,1
580250,3301,0,1,1
580500,3301,0,1,0
580750,3296,0,1,0
581000,3301,0,1,0
581250,3297,0,1,0
581500,3298,0,1,0
581750,3296,0,1,0
582000,3298,0,1,0
582250,3301,0,1,0
582500,3296,0,1,0
582750,3298,0,1,0
583000,3301,0,1,0
583250,3303,0,1,0
583500,3301,0,1,0
583750,3303,0,1,0
584000,3299,1,1,0
584250,3301,1,1,0
584500,3301,0,1,0
584750,3303,0,1,0
585000,3300,0,1,1
585250,3300,0,1,1
585500,3303,0,1,1
585750,3303,0,1,1
586000,3300,0,1,1
586250,3299,0,1,1
586500,3297,0,1,1
586750,3301,0,1,1
587000,3299,0,1,1
587250,3297,0,1,1
587500,3297,0,1,1
587750,3292,0,1,1
588000,3294,0,1,1
588250,3294,0,1,1
588500,3293,0,1,1
588750,3290,0,1,1
589000,3292,0,1,1
589250,3291,0,1,1
589500,3288,0,1,1
589750,3287,0,1,1
590000,3285,1,1,1
590250,3291,1,1,1
590500,3286,0,1,1
590750,3290,0,1,1
591000,3285,0,1,1
591250,3291,0,1,1
591500,3290,0,1,1
591750,3287,0,1,1
592000,3286,0,1,1
592250,3287,0,1,1
592500,3291,0,1,1
592750,3294,0,1,1
593000,3292,0,1,1
593250,3296,0,1,1
593500,3293,0,1,1
593750,3297,0,1,1
594000,3300,0,1,1
594250,3296,0,1,1
594500,3302,0,1,1
594750,3302,0,1,1
595000,3300,0,1,1
595250,3303,0,1,1
595500,3299,0,1,0
595750,3299,0,1,0
596000,3303,1,1,0
596250,3304,1,1,0
596500,3302,0,1,0
596750,3307,0,1,0
597000,3302,0,1,0
597250,3308,0,1,0
597500,3305,0,1,0
597750,3304,0,1,0
598000,3305,0,1,0
598250,3305,0,1,0
598500,3302,0,1,0
598750,3305,0,1,0
599000,3307,0,1,0
599250,3305,0,1,0
599500,3305,0,1,0
599750,3305,0,1,0
600000,3302,0,1,1
600250,3302,0,1,1
600500,3299,0,1,1
600750,3305,0,1,1
601000,3298,0,1,1
601250,3298,0,1,1
601500,3304,0,1,1
601750,3304,0,1,1
602000,3299,1,1,1
602250,3301,1,1,1
602500,3302,0,1,1
602750,3303,0,1,1
603000,3302,0,1,1
603250,3302,0,1,1
603500,3303,0,1,1
603750,3305,0,1,1
604000,3303,0,1,1
604250,3278,0,1,1
604500,3273,0,1,0
604750,3275,0,1,0
605000,3287,0,1,0
605250,3311,0,1,0
605500,3310,0,1,0
605750,3307,0,1,0
606000,3313,0,1,0
606250,3313,0,1,0
606500,3314,0,1,0
606750,3312,0,1,0
607000,3309,0,1,0
607250,3310,0,1,0
607500,3312,0,1,0
607750,3313,0,1,0
608000,3312,1,1,0
608250,3312,1,1,0
608500,3311,0,1,0
608750,3305,0,1,0
609000,3310,0,1,0
609250,3308,0,1,0
609500,3307,0,1,0
609750,3305,0,1,0
610000,3301,0,1,0
610250,3331,0,1,0
610500,3336,0,1,0
610750,3327,0,1,0
611000,3326,0,1,0
611250,3302,0,1,0
611500,3298,0,1,0
611750,3300,0,1,0
612000,3293,0,1,0
612250,3298,0,1,0
612500,3297,0,1,0
612750,3295,0,1,0
613000,3296,0,1,0
613250,3294,0,1,0
613500,3293,0,1,0
613750,3290,0,1,0
614000,3296,1,1,0
614250,3290,1,1,0
614500,3294,0,1,0
614750,3296,0,1,0
615000,3293,0,1,1
615250,3295,0,1,1
615500,3292,0,1,1
615750,3294,0,1,1
616000,3297,0,1,1
616250,3324,0,1,1
616500,3327,0,1,1
616750,3324,0,1,1
617000,3322,0,1,1
617250,3296,0,1,1
617500,3295,0,1,1
617750,3297,0,1,1
618000,3296,0,1,1
618250,3295,0,1,1
618500,3298,0,1,1
618750,3298,0,1,1
619000,3300,0,1,1
619250,3295,0,1,1
619500,3294,0,1,1
619750,3293,0,1,1
620000,3297,1,1,1
620250,3298,1,1,1
620500,3297,0,1,1
620750,3295,0,1,1
621000,3294,0,1,1
621250,3294,0,1,1
621500,3295,0,1,1
621750,3291,0,1,1
622000,3289,0,1,1
622250,3290,0,1,1
622500,3291,0,1,1
622750,3292,0,1,1
623000,3293,0,1,1
623250,3290,0,1,1
623500,3289,0,1,1
623750,3289,0,1,1
624000,3290,0,1,1
624250,3295,0,1,1
624500,3290,0,1,1
624750,3294,0,1,1
625000,3294,0,1,1
625250,3293,0,1,1
625500,3292,0,1,0
625750,3295,0,1,0
626000,3299,1,1,0
626250,3295,1,1,0
626500,3300,0,1,0
626750,3299,0,1,0
627000,3304,0,1,0
627250,3302,0,1,0
627500,3301,0,1,0
627750,3304,0,1,0
628000,3306,0,1,0
628250,3306,0,1,0
628500,3305,0,1,0
628750,3310,0,1,0
629000,3307,0,1,0
629250,3305,0,1,0
629500,3306,0,1,0
629750,3310,0,1,0
630000,3311,0,1,1
630250,3308,0,1,1
630500,3306,0,1,1
630750,3312,0,1,1
631000,3309,0,1,1
631250,3308,0,1,1
631500,3310,0,1,1
631750,3311,0,1,1
632000,3308,1,1,1
632250,3309,1,1,1
632500,3305,0,1,1
632750,3309,0,1,1
633000,3304,0,1,1
633250,3306,0,1,1
633500,3302,0,1,1
633750,3305,0,1,1
634000,3305,0,1,1
634250,3304,0,1,1
634500,3300,0,1,0
634750,3299,0,1,0
635000,3299,0,1,0
635250,3299,0,1,0
635500,3301,0,1,0
635750,3300,0,1,0
636000,3306,0,1,0
636250,3304,0,1,0
636500,3303,0,1,0
636750,3304,0,1,0
637000,3301,0,1,0
637250,3305,0,1,0
637500,3303,0,1,0
637750,3307,0,1,0
638000,3307,1,1,0
638250,3307,1,1,0
638500,3307,0,1,0
638750,3307,0,1,0
639000,3310,0,1,0
639250,3304,0,1,0
639500,3309,0,1,0
639750,3309,0,1,0
640000,3305,0,1,0
640250,3279,0,1,0
640500,3270,0,1,0
640750,3278,0,1,0
641000,3282,0,1,0
641250,3303,0,1,0
641500,3304,0,1,0
641750,3305,0,1,0
642000,3299,0,1,0
642250,3301,0,1,0
642500,3297,0,1,0
642750,3300,0,1,0
643000,3299,0,1,0
643250,3299,0,1,0
643500,3299,0,1,0
643750,3297,0,1,0
644000,3298,1,1,0
644250,3294,1,1,0
644500,3293,0,1,0
644750,3292,0,1,0
645000,3292,0,1,1
645250,3287,0,1,1
645500,3293,0,1,1
645750,3291,0,1,1
646000,3288,0,1,1
646250,3315,0,1,1
646500,3326,0,1,1
646750,3320,0,1,1
647000,3312,0,1,1
647250,3292,0,1,1
647500,3288,0,1,1
647750,3289,0,1,1
648000,3289,0,1,1
648250,3294,0,1,1
648500,3290,0,1,1
648750,3293,0,1,1
649000,3290,0,1,1
649250,3295,0,1,1
649500,3292,0,1,1
649750,3293,0,1,1
650000,3296,1,1,1
650250,3299,1,1,1
650500,3294,0,1,1
650750,3299,0,1,1
651000,3300,0,1,1
651250,3299,0,1,1
651500,3296,0,1,1
651750,3301,0,1,1
652000,3301,0,1,1
652250,3299,0,1,1
652500,3296,0,1,1
652750,3301,0,1,1
653000,3297,0,1,1
653250,3298,0,1,1
653500,3295,0,1,1
653750,3296,0,1,1
654000,3297,0,1,1
654250,3294,0,1,1
654500,3297,0,1,1
654750,3295,0,1,1
655000,3297,0,1,1
655250,3296,0,1,1
655500,3293,0,1,0
655750,3295,0,1,0
656000,3294,1,1,0
656250,3297,1,1,0
656500,3295,0,1,0
656750,3297,0,1,0
657000,3294,0,1,0
657250,3295,0,1,0
657500,3294,0,1,0
657750,3300,0,1,0
658000,3302,0,1,0
658250,3298,0,1,0
658500,3300,0,1,0
658750,3300,0,1,0
659000,3304,0,1,0
659250,3304,0,1,0
659500,3305,0,1,0
659750,3306,0,1,0
660000,3305,0,1,1
660250,3304,0,1,1
660500,3304,0,1,1
660750,3309,0,1,1
661000,3311,0,1,1
661250,3308,0,1,1
661500,3309,0,1,1
661750,3312,0,1,1
662000,3314,1,1,1
662250,3311,1,1,1
662500,3315,0,1,1
662750,3312,0,1,1
663000,3312,0,1,1
663250,3312,0,1,1
663500,3310,0,1,1
663750,3310,0,1,1
664000,3309,0,1,1
664250,3308,0,1,1
664500,3308,0,1,0
664750,3310,0,1,0
665000,3310,0,1,0
665250,3305,0,1,0
665500,3303,0,1,0
665750,3309,0,1,0
666000,3303,0,1,0
666250,3306,0,1,0
666500,3304,0,1,0
666750,3299,0,1,0
667000,3301,0,1,0
667250,3298,0,1,0
667500,3303,0,1,0
667750,3299,0,1,0
668000,3298,1,1,0
668250,3302,1,1,0
668500,3302,0,1,0
668750,3300,0,1,0
669000,3301,0,1,0
669250,3298,0,1,0
669500,3298,0,1,0
669750,3302,0,1,0
670000,3300,0,1,0
670250,3297,0,1,0
670500,3298,0,1,0
670750,3302,0,1,0
671000,3304,0,1,0
671250,3301,0,1,0
671500,3303,0,1,0
671750,3305,0,1,0
672000,3299,0,1,0
672250,3302,0,1,0
672500,3300,0,1,0
672750,3305,0,1,0
673000,3302,0,1,0
673250,3300,0,1,0
673500,3300,0,1,0
673750,3304,0,1,0
674000,3299,1,1,0
674250,3297,1,1,0
674500,3302,0,1,0
674750,3298,0,1,0
675000,3297,0,1,1
675250,3297,0,1,1
675500,3295,0,1,1
675750,3295,0,1,1
676000,3297,0,1,1
676250,3264,0,1,1
676500,3261,0,1,1
676750,3263,0,1,1
677000,3265,0,1,1
677250,3290,0,1,1
677500,3293,0,1,1
677750,3288,0,1,1
678000,3287,0,1,1
678250,3287,0,1,1
678500,3289,0,1,1
678750,3285,0,1,1
679000,3286,0,1,1
679250,3291,0,1,1
679500,3286,0,1,1
679750,3285,0,1,1
680000,3287,1,1,1
680250,3286,1,1,1
680500,3292,0,1,1
680750,3293,0,1,1
681000,3292,0,1,1
681250,3294,0,1,1
681500,3292,0,1,1
681750,3292,0,1,1
682000,3292,0,1,1
682250,3299,0,1,1
682500,3295,0,1,1
682750,3299,0,1,1
683000,3302,0,1,1
683250,3300,0,1,1
683500,3298,0,1,1
683750,3297,0,1,1
684000,3301,0,1,1
684250,3302,0,1,1
684500,3301,0,1,1
684750,3299,0,1,1
685000,3301,0,1,1
685250,3300,0,1,1
685500,3300,0,1,0
685750,3300,0,1,0
686000,3299,1,1,0
686250,3303,1,1,0
686500,3305,0,1,0
686750,3299,0,1,0
687000,3300,0,1,0
687250,3298,0,1,0
687500,3302,0,1,0
687750,3298,0,1,0
688000,3300,0,1,0
688250,3302,0,1,0
688500,3302,0,1,0
688750,3297,0,1,0
689000,3300,0,1,0
689250,3298,0,1,0
689500,3302,0,1,0
689750,3301,0,1,0
690000,3303,0,1,1
690250,3301,0,1,1
690500,3299,0,1,1
690750,3298,0,1,1
691000,3303,0,1,1
691250,3306,0,1,1
691500,3302,0,1,1
691750,3301,0,1,1
692000,3307,1,1,1
692250,3305,1,1,1
692500,3307,0,1,1
692750,3310,0,1,1
693000,3305,0,1,1
693250,3308,0,1,1
693500,3313,0,1,1
693750,3313,0,1,1
694000,3311,0,1,1
694250,3312,0,1,1
694500,3312,0,1,0
694750,3309,0,1,0
695000,3313,0,1,0
695250,3311,0,1,0
695500,3312,0,1,0
695750,3313,0,1,0
696000,3315,0,1,0
696250,3309,0,1,0
696500,3312,0,1,0
696750,3312,0,1,0
697000,3309,0,1,0
697250,3307,0,1,0
697500,3307,0,1,0
697750,3306,0,1,0
698000,3303,1,1,0
698250,3303,1,1,0
698500,3303,0,1,0
698750,3304,0,1,0
699000,3303,0,1,0
699250,3302,0,1,0
699500,3303,0,1,0
699750,3302,0,1,0
700000,3301,0,1,0
700250,3301,0,1,0
700500,3294,0,1,0
700750,3294,0,1,0
701000,3296,0,1,0
701250,3298,0,1,0
701500,3294,0,1,0
701750,3297,0,1,0
702000,3296,0,1,0
702250,3295,0,1,0
702500,3293,0,1,0
702750,3295,0,1,0
703000,3294,0,1,0
703250,3293,0,1,0
703500,3297,0,1,0
703750,3297,0,1,0
704000,3295,1,1,0
704250,3298,1,1,0
704500,3297,0,1,0
704750,3296,0,1,0
705000,3297,0,1,1
705250,3295,0,1,1
705500,3300,0,1,1
705750,3301,0,1,1
706000,3299,0,1,1
706250,3296,0,1,1
706500,3296,0,1,1
706750,3300,0,1,1
707000,3297,0,1,1
707250,3300,0,1,1
707500,3294,0,1,1
707750,3293,0,1,1
708000,3296,0,1,1
708250,3297,0,1,1
708500,3293,0,1,1
708750,3291,0,1,1
709000,3294,0,1,1
709250,3292,0,1,1
709500,3289,0,1,0
709750,3289,0,1,0
710000,3288,1,1,0
710250,3291,1,1,0
710500,3291,0,1,0
710750,3292,0,1,0
711000,3290,0,1,0
711250,3288,0,1,0
711500,3292,0,1,0
711750,3287,0,1,0
712000,3292,0,1,0
712250,3290,0,1,0
712500,3289,0,1,0
712750,3293,0,1,0
713000,3292,0,1,0
713250,3289,0,1,0
713500,3293,0,1,0
713750,3295,0,1,0
714000,3297,0,1,0
714250,3299,0,1,0
714500,3298,0,1,0
714750,3295,0,1,0
715000,3298,0,1,0
715250,3303,0,1,0
715500,3300,0,1,0
715750,3303,0,1,0
716000,3302,1,1,0
716250,3301,1,1,0
716500,3306,0,1,0
716750,3308,0,1,0
717000,3309,0,1,0
717250,3303,0,1,0
717500,3309,0,1,0
717750,3305,0,1,0
718000,3307,0,1,0
718250,3334,0,1,0
718500,3342,0,1,0
718750,3335,0,1,0
719000,3330,0,1,0
719250,3310,0,1,0
719500,3304,0,1,0
719750,3305,0,1,0
720000,3309,0,1,1
720250,3306,0,1,1
720500,3305,0,1,1
720750,3307,0,1,1
721000,3303,0,1,1
721250,3302,0,1,1
721500,3303,0,1,1
721750,3301,0,1,1
722000,3306,1,1,1
722250,3304,1,1,1
722500,3304,0,1,1
722750,3299,0,1,1
723000,3304,0,1,1
723250,3306,0,1,1
723500,3301,0,1,1
723750,3306,0,1,1
724000,3303,0,1,1
724250,3302,0,1,1
724500,3305,0,1,0
724750,3308,0,1,0
725000,3308,0,1,0
725250,3306,0,1,0
725500,3306,0,1,0
725750,3308,0,1,0
726000,3308,0,1,0
726250,3311,0,1,0
726500,3306,0,1,0
726750,3311,0,1,0
727000,3307,0,1,0
727250,3312,0,1,0
727500,3312,0,1,0
727750,3306,0,1,0
728000,3310,1,1,0
728250,3307,1,1,0
728500,3309,0,1,0
728750,3306,0,1,0
729000,3310,0,1,0
729250,3305,0,1,0
729500,3307,0,1,0
729750,3306,0,1,0
730000,3307,0,1,0
730250,3307,0,1,0
730500,3306,0,1,0
730750,3301,0,1,0
731000,3299,0,1,0
731250,3303,0,1,0
731500,3298,0,1,0
731750,3296,0,1,0
732000,3297,0,1,0
732250,3298,0,1,0
732500,3296,0,1,0
732750,3294,0,1,0
733000,3290,0,1,0
733250,3296,0,1,0
733500,3291,0,1,0
733750,3290,0,1,0
734000,3288,1,1,0
734250,3294,1,1,0
734500,3293,0,1,0
734750,3288,0,1,0
735000,3288,0,1,1
735250,3291,0,1,1
735500,3292,0,1,1
735750,3290,0,1,1
736000,3292,0,1,1
736250,3294,0,1,1
736500,3296,0,1,1
736750,3294,0,1,1
737000,3292,0,1,1
737250,3295,0,1,1
737500,3292,0,1,1
737750,3297,0,1,1
738000,3299,0,1,1
738250,3299,0,1,1
738500,3298,0,1,1
738750,3295,0,1,1
739000,3299,0,1,1
739250,3295,0,1,1
739500,3298,0,1,1
739750,3297,0,1,1
740000,3298,1,1,1
740250,3295,1,1,1
740500,3296,0,1,1
740750,3300,0,1,1
741000,3295,0,1,1
741250,3297,0,1,1
741500,3299,0,1,1
741750,3296,0,1,1
742000,3298,0,1,1
742250,3295,0,1,1
742500,3297,0,1,1
742750,3294,0,1,1
743000,3293,0,1,1
743250,3290,0,1,1
743500,3294,0,1,1
743750,3295,0,1,1
744000,3290,0,1,1
744250,3295,0,1,1
744500,3290,0,1,1
744750,3292,0,1,1
745000,3295,0,1,1
745250,3295,0,1,1
745500,3297,0,1,0
745750,3295,0,1,0
746000,3297,1,1,0
746250,3294,1,1,0
746500,3300,0,1,0
746750,3298,0,1,0
747000,3300,0,1,0
747250,3303,0,1,0
747500,3304,0,1,0
747750,3300,0,1,0
748000,3326,0,1,0
748250,3297,0,1,0
748500,3299,0,1,0
748750,3276,0,1,0
749000,3281,0,1,0
749250,3310,0,1,0
749500,3307,0,1,0
749750,3312,0,1,0
750000,3313,0,1,1
750250,3310,0,1,1
750500,3313,0,1,1
750750,3313,0,1,1
751000,3309,0,1,1
751250,3313,0,1,1
751500,3308,0,1,1
751750,3311,0,1,1
752000,3309,1,1,1
752250,3311,1,1,1
752500,3307,0,1,1
752750,3312,0,1,1
753000,3305,0,1,1
753250,3307,0,1,1
753500,3309,0,1,1
753750,3309,0,1,1
754000,3307,0,1,1
754250,3302,0,1,1
754500,3302,0,1,0
754750,3302,0,1,0
755000,3301,0,1,0
755250,3300,0,1,0
755500,3299,0,1,0
755750,3302,0,1,0
756000,3298,0,1,0
756250,3302,0,1,0
756500,3303,0,1,0
756750,3298,0,1,0
757000,3300,0,1,0
757250,3302,0,1,0
757500,3303,0,1,0
757750,3305,0,1,0
758000,3303,1,1,0
758250,3305,1,1,0
758500,3306,0,1,0
758750,3302,0,1,0
759000,3305,0,1,0
759250,3301,0,1,0
759500,3303,0,1,0
759750,3301,0,1,0
760000,3306,0,1,0
760250,3307,0,1,0
760500,3307,0,1,0
760750,3307,0,1,0
761000,3307,0,1,0
761250,3302,0,1,0
761500,3307,0,1,0
761750,3302,0,1,0
762000,3306,0,1,0
762250,3302,0,1,0
762500,3299,0,1,0
762750,3301,0,1,0
763000,3300,0,1,0
763250,3297,0,1,0
763500,3298,0,1,0
763750,3294,0,1,0
764000,3293,1,1,0
764250,3298,1,1,0
764500,3295,0,1,0
764750,3290,0,1,0
765000,3290,0,1,1
765250,3288,0,1,1
765500,3291,0,1,1
765750,3292,0,1,1
766000,3290,0,1,1
766250,3260,0,1,1
766500,3252,0,1,1
766750,3259,0,1,1
767000,3262,0,1,1
767250,3286,0,1,1
767500,3287,0,1,1
767750,3285,0,1,1
768000,3291,0,1,1
768250,3287,0,1,1
768500,3287,0,1,1
768750,3287,0,1,1
769000,3289,0,1,1
769250,3293,0,1,1
769500,3291,0,1,0
769750,3290,0,1,0
770000,3291,1,1,0
770250,3296,1,1,0
770500,3294,0,1,0
770750,3295,0,1,0
771000,3299,0,1,0
771250,3301,0,1,0
771500,3298,0,1,0
771750,3299,0,1,0
772000,3301,0,1,0
772250,3302,0,1,0
772500,3302,0,1,0
772750,3297,0,1,0
773000,3301,0,1,0
773250,3299,0,1,0
773500,3298,0,1,0
773750,3297,0,1,0
774000,3303,0,1,0
774250,3300,0,1,0
774500,3301,0,1,0
774750,3297,0,1,0
775000,3299,0,1,0
775250,3299,0,1,0
775500,3299,0,1,0
775750,3296,0,1,0
776000,3295,1,1,0
776250,3296,1,1,0
776500,3296,0,1,0
776750,3299,0,1,0
777000,3299,0,1,0
777250,3295,0,1,0
777500,3298,0,1,0
777750,3301,0,1,0
778000,3297,0,1,0
778250,3298,0,1,0
778500,3299,0,1,0
778750,3302,0,1,0
779000,3303,0,1,0
779250,3302,0,1,0
779500,3302,0,1,0
779750,3300,0,1,0
780000,3301,0,1,1
780250,3302,0,1,1
780500,3303,0,1,1
780750,3305,0,1,1
781000,3308,0,1,1
781250,3308,0,1,1
781500,3311,0,1,1
781750,3313,0,1,1
782000,3308,1,1,1
782250,3309,1,1,1
782500,3310,0,1,1
782750,3309,0,1,1
783000,3315,0,1,1
783250,3313,0,1,1
783500,3313,0,1,1
783750,3312,0,1,1
784000,3311,0,1,1
784250,3342,0,1,1
784500,3343,0,1,0
784750,3342,0,1,0
785000,3335,0,1,0
785250,3311,0,1,0
785500,3311,0,1,0
785750,3310,0,1,0
786000,3305,0,1,0
786250,3309,0,1,0
786500,3308,0,1,0
786750,3307,0,1,0
787000,3300,0,1,0
787250,3299,0,1,0
787500,3304,0,1,0
787750,3301,0,1,0
788000,3301,1,1,0
788250,3302,1,1,0
788500,3301,0,1,0
788750,3296,0,1,0
789000,3301,0,1,0
789250,3295,0,1,0
789500,3298,0,1,0
789750,3297,0,1,0
790000,3298,0,1,0
790250,3267,0,1,0
790500,3265,0,1,0
790750,3268,0,1,0
791000,3273,0,1,0
791250,3302,0,1,0
791500,3300,0,1,0
791750,3299,0,1,0
792000,3302,0,1,0
792250,3300,0,1,0
792500,3302,0,1,0
792750,3300,0,1,0
793000,3298,0,1,0
793250,3300,0,1,0
793500,3302,0,1,0
793750,3303,0,1,0
794000,3300,1,1,0
794250,3302,1,1,0
794500,3300,0,1,0
794750,3297,0,1,0
795000,3297,0,1,1
795250,3300,0,1,1
795500,3295,0,1,1
795750,3297,0,1,1
796000,3295,0,1,1
796250,3299,0,1,1
796500,3298,0,1,1
796750,3291,0,1,1
797000,3295,0,1,1
797250,3294,0,1,1
797500,3293,0,1,1
797750,3293,0,1,1
798000,3288,0,1,1
798250,3291,0,1,1
798500,3288,0,1,1
798750,3287,0,1,1
799000,3286,0,1,1
799250,3291,0,1,1
799500,3291,0,1,1
799750,3288,0,1,1
800000,3285,1,1,1
800250,3287,1,1,1
800500,3292,0,1,1
800750,3286,0,1,1
801000,3289,0,1,1
801250,3291,0,1,1
801500,3289,0,1,1
801750,3289,0,1,1
802000,3291,0,1,1
802250,3291,0,1,1
802500,3292,0,1,1
802750,3293,0,1,1
803000,3294,0,1,1
803250,3298,0,1,1
803500,3297,0,1,1
803750,3302,0,1,1
804000,3303,0,1,1
804250,3300,0,1,1
804500,3304,0,1,1
804750,3304,0,1,1
805000,3300,0,1,1
805250,3301,0,1,1
805500,3303,0,1,0
805750,3306,0,1,0
806000,3306,1,1,0
806250,3304,1,1,0
806500,3307,0,1,0
806750,3303,0,1,0
807000,3308,0,1,0
807250,3303,0,1,0
807500,3307,0,1,0
807750,3302,0,1,0
808000,3304,0,1,0
808250,3302,0,1,0
808500,3301,0,1,0
808750,3303,0,1,0
809000,3300,0,1,0
809250,3303,0,1,0
809500,3300,0,1,0
809750,3301,0,1,0
810000,3299,0,1,1
810250,3299,0,1,1
810500,3300,0,1,1
810750,3304,0,1,1
811000,3302,0,1,1
811250,3301,0,1,1
811500,3302,0,1,1
811750,3301,0,1,1
812000,3305,1,1,1
812250,3307,1,1,1
812500,3307,0,1,1
812750,3305,0,1,1
813000,3305,0,1,1
813250,3304,0,1,1
813500,3308,0,1,1
813750,3306,0,1,1
814000,3311,0,1,1
814250,3309,0,1,1
814500,3310,0,1,1
814750,3309,0,1,1
815000,3310,0,1,1
815250,3312,0,1,1
815500,3313,0,1,1
815750,3311,0,1,1
816000,3308,0,1,1
816250,3312,0,1,1
816500,3313,0,1,1
816750,3312,0,1,1
817000,3308,0,1,1
817250,3310,0,1,1
817500,3311,0,1,1
817750,3306,0,1,1
818000,3304,1,1,1
818250,3305,1,1,1
818500,3302,0,1,1
818750,3302,0,1,1
819000,3304,0,1,1
819250,3299,0,1,1
819500,3300,0,1,1
819750,3301,0,1,1
820000,3297,0,1,1
820250,3301,0,1,1
820500,3295,0,1,0
820750,3272,0,1,0
821000,3271,0,1,0
821250,3270,0,1,0
821500,3293,0,1,0
821750,3297,0,1,0
822000,3291,0,1,0
822250,3291,0,1,0
822500,3292,0,1,0
822750,3294,0,1,0
823000,3293,0,1,0
823250,3295,0,1,0
823500,3294,0,1,0
823750,3291,0,1,0
824000,3296,1,1,0
824250,3293,1,1,0
824500,3295,0,1,0
824750,3293,0,1,0
825000,3296,0,1,1
825250,3298,0,1,1
825500,3294,0,1,1
825750,3296,0,1,1
826000,3295,0,1,1
826250,3296,0,1,1
826500,3296,0,1,1
826750,3300,0,1,1
827000,3295,0,1,1
827250,3296,0,1,1
827500,3300,0,1,1
827750,3300,0,1,1
828000,3300,0,1,1
828250,3298,0,1,1
828500,3297,0,1,1
828750,3293,0,1,1
829000,3298,0,1,1
829250,3293,0,1,1
829500,3297,0,1,0
829750,3295,0,1,0
830000,3293,1,1,0
830250,3291,1,1,0
830500,3294,0,1,0
830750,3293,0,1,0
831000,3289,0,1,0
831250,3292,0,1,0
831500,3294,0,1,0
831750,3289,0,1,0
832000,3292,0,1,0
832250,3322,0,1,0
832500,3323,0,1,0
832750,3322,0,1,0
833000,3317,0,1,0
833250,3289,0,1,0
833500,3295,0,1,0
833750,3292,0,1,0
834000,3294,0,1,0
834250,3292,0,1,0
834500,3297,0,1,0
834750,3293,0,1,0
835000,3295,0,1,0
835250,3296,0,1,0
835500,3299,0,1,0
835750,3299,0,1,0
836000,3304,1,1,0
836250,3304,1,1,0
836500,3303,0,1,0
836750,3302,0,1,0
837000,3307,0,1,0
837250,3309,0,1,0
837500,3309,0,1,0
837750,3311,0,1,0
838000,3309,0,1,0
838250,3283,0,1,0
838500,3274,0,1,0
838750,3279,0,1,0
839000,3282,0,1,0
839250,3306,0,1,0
839500,3308,0,1,0
839750,3309,0,1,0
840000,3312,0,1,1
840250,3309,0,1,1
840500,3305,0,1,1
840750,3310,0,1,1
841000,3306,0,1,1
841250,3306,0,1,1
841500,3303,0,1,1
841750,3307,0,1,1
842000,3304,1,1,1
842250,3303,1,1,1
842500,3303,0,1,1
842750,3302,0,1,1
843000,3304,0,1,1
843250,3305,0,1,1
843500,3304,0,1,1
843750,3304,0,1,1
844000,3304,0,1,1
844250,3304,0,1,1
844500,3302,0,1,0
844750,3306,0,1,0
845000,3300,0,1,0
845250,3306,0,1,0
845500,3300,0,1,0
845750,3306,0,1,0
846000,3301,0,1,0
846250,3306,0,1,0
846500,3306,0,1,0
846750,3309,0,1,0
847000,3305,0,1,0
847250,3305,0,1,0
847500,3310,0,1,0
847750,3307,0,1,0
848000,3307,1,1,0
848250,3307,1,1,0
848500,3308,0,1,0
848750,3305,0,1,0
849000,3308,0,1,0
849250,3308,0,1,0
849500,3308,0,1,0
849750,3304,0,1,0
850000,3306,0,1,0
850250,3305,0,1,0
850500,3307,0,1,0
850750,3303,0,1,0
851000,3304,0,1,0
851250,3299,0,1,0
851500,3303,0,1,0
851750,3303,0,1,0
852000,3301,0,1,0
852250,3300,0,1,0
852500,3296,0,1,0
852750,3297,0,1,0
853000,3296,0,1,0
853250,3295,0,1,0
853500,3291,0,1,0
853750,3291,0,1,0
854000,3292,1,1,0
854250,3288,1,1,0
854500,3287,0,1,0
854750,3291,0,1,0
855000,3288,0,1,1
855250,3289,0,1,1
855500,3292,0,1,1
855750,3290,0,1,1
856000,3290,0,1,1
856250,3292,0,1,1
856500,3288,0,1,1
856750,3289,0,1,1
857000,3289,0,1,1
857250,3292,0,1,1
857500,3292,0,1,1
857750,3292,0,1,1
858000,3291,0,1,1
858250,3296,0,1,1
858500,3295,0,1,1
858750,3293,0,1,1
859000,3299,0,1,1
859250,3300,0,1,1
859500,3295,0,1,1
859750,3298,0,1,1
860000,3299,1,1,1
860250,3298,1,1,1
860500,3300,0,1,1
860750,3301,0,1,1
861000,3298,0,1,1
861250,3302,0,1,1
861500,3299,0,1,1
861750,3301,0,1,1
862000,3300,0,1,1
862250,3296,0,1,1
862500,3295,0,1,1
862750,3295,0,1,1
863000,3294,0,1,1
863250,3298,0,1,1
863500,3294,0,1,1
863750,3293,0,1,1
864000,3293,0,1,1
864250,3297,0,1,1
864500,3297,0,1,1
864750,3298,0,1,1
865000,3293,0,1,1
865250,3292,0,1,1
865500,3293,0,1,0
865750,3294,0,1,0
866000,3295,1,1,0
866250,3297,1,1,0
866500,3298,0,1,0
866750,3295,0,1,0
867000,3297,0,1,0
867250,3302,0,1,0
867500,3303,0,1,0
867750,3302,0,1,0
868000,3304,0,1,0
868250,3301,0,1,0
868500,3302,0,1,0
868750,3307,0,1,0
869000,3309,0,1,0
869250,3309,0,1,0
869500,3308,0,1,0
869750,3310,0,1,0
870000,3306,0,1,1
870250,3310,0,1,1
870500,3308,0,1,1
870750,3312,0,1,1
871000,3314,0,1,1
871250,3309,0,1,1
871500,3315,0,1,1
871750,3312,0,1,1
872000,3310,1,1,1
872250,3312,1,1,1
872500,3309,0,1,1
872750,3308,0,1,1
873000,3312,0,1,1
873250,3313,0,1,1
873500,3311,0,1,1
873750,3307,0,1,1
874000,3305,0,1,1
874250,3338,0,1,1
874500,3341,0,1,1
874750,3335,0,1,1
875000,3327,0,1,1
875250,3307,0,1,1
875500,3301,0,1,1
875750,3301,0,1,1
876000,3300,0,1,1
876250,3301,0,1,1
876500,3302,0,1,1
876750,3300,0,1,1
877000,3303,0,1,1
877250,3297,0,1,1
877500,3301,0,1,1
877750,3302,0,1,1
878000,3297,1,1,1
878250,3303,1,1,1
878500,3297,0,1,1
878750,3303,0,1,1
879000,3300,0,1,1
879250,3303,0,1,1
879500,3298,0,1,1
879750,3301,0,1,1
880000,3300,0,1,1
880250,3273,0,1,1
880500,3269,0,1,0
880750,3271,0,1,0
881000,3281,0,1,0
881250,3304,0,1,0
881500,3300,0,1,0
881750,3304,0,1,0
882000,3301,0,1,0
882250,3300,0,1,0
882500,3304,0,1,0
882750,3302,0,1,0
883000,3297,0,1,0
883250,3297,0,1,0
883500,3298,0,1,0
883750,3296,0,1,0
884000,3299,1,1,0
884250,3297,1,1,0
884500,3294,0,1,0
884750,3293,0,1,0
885000,3295,0,1,1
885250,3295,0,1,1
885500,3289,0,1,1
885750,3289,0,1,1
886000,3291,0,1,1
886250,3291,0,1,1
886500,3286,0,1,1
886750,3290,0,1,1
887000,3288,0,1,1
887250,3289,0,1,1
887500,3285,0,1,1
887750,3288,0,1,1
888000,3290,0,1,1
888250,3289,0,1,1
888500,3290,0,1,1
888750,3290,0,1,1
889000,3289,0,1,1
889250,3291,0,1,1
889500,3289,0,1,1
889750,3289,0,1,1
890000,3292,1,1,1
890250,3295,1,1,1
890500,3293,0,1,1
890750,3297,0,1,1
891000,3298,0,1,1
891250,3298,0,1,1
891500,3296,0,1,1
891750,3301,0,1,1
892000,3298,0,1,1
892250,3300,0,1,1
892500,3302,0,1,1
892750,3297,0,1,1
893000,3300,0,1,1
893250,3300,0,1,1
893500,3302,0,1,1
893750,3302,0,1,1
894000,3303,0,1,1
894250,3299,0,1,1
894500,3304,0,1,1
894750,3304,0,1,1
895000,3300,0,1,1
895250,3304,0,1,1
895500,3301,0,1,0
895750,3299,0,1,0
896000,3298,1,1,0
896250,3304,1,1,0
896500,3302,0,1,0
896750,3301,0,1,0
897000,3303,0,1,0
897250,3298,0,1,0
897500,3297,0,1,0
897750,3300,0,1,0
898000,3299,0,1,0
898250,3330,0,1,0
898500,3335,0,1,0
898750,3327,0,1,0
899000,3322,0,1,0
899250,3300,0,1,0
899500,3298,0,1,0
899750,3302,0,1,0
900000,3302,0,1,1
900250,3304,0,1,1
900500,3302,0,1,1
900750,3303,0,1,1
901000,3304,0,1,1
901250,3305,0,1,1
901500,3307,0,1,1
901750,3309,0,1,1
902000,3309,1,1,1
902250,3310,1,1,1
902500,3307,0,1,1
902750,3313,0,1,1
903000,3311,0,1,1
903250,3312,0,1,1
903500,3314,0,1,1
903750,3310,0,1,1
904000,3312,0,1,1
904250,3342,0,1,1
904500,3347,0,1,1
904750,3340,0,1,1
905000,3334,0,1,1
905250,3312,0,1,1
905500,3310,0,1,1
905750,3312,0,1,1
906000,3311,0,1,1
906250,3310,0,1,1
906500,3308,0,1,1
906750,3304,0,1,1
907000,3305,0,1,1
907250,3305,0,1,1
907500,3306,0,1,1
907750,3300,0,1,1
908000,3302,1,1,1
908250,3297,1,1,1
908500,3301,0,1,1
908750,3296,0,1,1
909000,3297,0,1,1
909250,3297,0,1,1
909500,3297,0,1,1
909750,3294,0,1,1
910000,3295,0,1,1
910250,3298,0,1,1
910500,3297,0,1,0
910750,3294,0,1,0
911000,3298,0,1,0
911250,3297,0,1,0
911500,3292,0,1,0
911750,3299,0,1,0
912000,3293,0,1,0
912250,3296,0,1,0
912500,3294,0,1,0
912750,3300,0,1,0
913000,3294,0,1,0
913250,3300,0,1,0
913500,3301,0,1,0
913750,3300,0,1,0
914000,3300,1,1,0
914250,3301,1,1,0
914500,3301,0,1,0
914750,3302,0,1,0
915000,3297,0,1,1
915250,3302,0,1,1
915500,3297,0,1,1
915750,3296,0,1,1
916000,3298,0,1,1
916250,3300,0,1,1
916500,3299,0,1,1
916750,3294,0,1,1
917000,3296,0,1,1
917250,3295,0,1,1
917500,3295,0,1,1
917750,3295,0,1,1
918000,3292,0,1,1
918250,3292,0,1,1
918500,3289,0,1,1
918750,3289,0,1,1
919000,3291,0,1,1
919250,3293,0,1,1
919500,3293,0,1,0
919750,3287,0,1,0
920000,3288,1,1,0
920250,3289,1,1,0
920500,3292,0,1,0
920750,3291,0,1,0
921000,3286,0,1,0
921250,3293,0,1,0
921500,3292,0,1,0
921750,3294,0,1,0
922000,3293,0,1,0
922250,3291,0,1,0
922500,3295,0,1,0
922750,3293,0,1,0
923000,3293,0,1,0
923250,3297,0,1,0
923500,3297,0,1,0
923750,3299,0,1,0
924000,3298,0,1,0
924250,3299,0,1,0
924500,3299,0,1,0
924750,3301,0,1,0
925000,3300,0,1,0
925250,3303,0,1,0
925500,3302,0,1,0
925750,3308,0,1,0
926000,3303,1,1,0
926250,3303,1,1,0
926500,3307,0,1,0
926750,3308,0,1,0
927000,3308,0,1,0
927250,3309,0,1,0
927500,3306,0,1,0
927750,3308,0,1,0
928000,3308,0,1,0
928250,3309,0,1,0
928500,3303,0,1,0
928750,3309,0,1,0
929000,3304,0,1,0
929250,3306,0,1,0
929500,3303,0,1,0
929750,3303,0,1,0
930000,3301,0,1,1
930250,3303,0,1,1
930500,3302,0,1,1
930750,3304,0,1,1
931000,3301,0,1,1
931250,3301,0,1,1
931500,3303,0,1,1
931750,3301,0,1,1
932000,3303,1,1,1
932250,3306,1,1,1
932500,3305,0,1,1
932750,3303,0,1,1
933000,3300,0,1,1
933250,3307,0,1,1
933500,3303,0,1,1
933750,3305,0,1,1
934000,3308,0,1,1
934250,3337,0,1,1
934500,3341,0,1,1
934750,3334,0,1,1
935000,3332,0,1,1
935250,3311,0,1,1
935500,3309,0,1,1
935750,3311,0,1,1
936000,3309,0,1,1
936250,3311,0,1,1
936500,3307,0,1,1
936750,3312,0,1,1
937000,3312,0,1,1
937250,3312,0,1,1
937500,3310,0,1,1
937750,3310,0,1,1
938000,3306,1,1,1
938250,3310,1,1,1
938500,3309,0,1,1
938750,3304,0,1,1
939000,3302,0,1,1
939250,3303,0,1,1
939500,3305,0,1,1
939750,3303,0,1,1
940000,3298,0,1,1
940250,3329,0,1,1
940500,3336,0,1,0
940750,3330,0,1,0
941000,3318,0,1,0
941250,3298,0,1,0
941500,3295,0,1,0
941750,3296,0,1,0
942000,3291,0,1,0
942250,3294,0,1,0
942500,3294,0,1,0
942750,3294,0,1,0
943000,3291,0,1,0
943250,3288,0,1,0
943500,3290,0,1,0
943750,3289,0,1,0
944000,3289,1,1,0
944250,3291,1,1,0
944500,3293,0,1,0
944750,3294,0,1,0
945000,3290,0,1,1
945250,3293,0,1,1
945500,3295,0,1,1
945750,3293,0,1,1
946000,3293,0,1,1
946250,3296,0,1,1
946500,3292,0,1,1
946750,3293,0,1,1
947000,3296,0,1,1
947250,3298,0,1,1
947500,3298,0,1,1
947750,3297,0,1,1
948000,3295,0,1,1
948250,3297,0,1,1
948500,3298,0,1,1
948750,3296,0,1,1
949000,3295,0,1,1
949250,3297,0,1,1
949500,3298,0,1,1
949750,3294,0,1,1
950000,3295,1,1,1
950250,3298,1,1,1
950500,3294,0,1,1
950750,3294,0,1,1
951000,3298,0,1,1
951250,3292,0,1,1
951500,3292,0,1,1
951750,3295,0,1,1
952000,3294,0,1,1
952250,3293,0,1,1
952500,3290,0,1,1
952750,3291,0,1,1
953000,3290,0,1,1
953250,3295,0,1,1
953500,3291,0,1,1
953750,3296,0,1,1
954000,3294,0,1,1
954250,3295,0,1,1
954500,3298,0,1,1
954750,3298,0,1,1
955000,3298,0,1,1
955250,3299,0,1,1
955500,3297,0,1,0
955750,3298,0,1,0
956000,3297,1,1,0
956250,3300,1,1,0
956500,3300,0,1,0
956750,3303,0,1,0
957000,3302,0,1,0
957250,3307,0,1,0
957500,3304,0,1,0
957750,3306,0,1,0
958000,3311,0,1,0
958250,3306,0,1,0
958500,3310,0,1,0
958750,3307,0,1,0
959000,3309,0,1,0
959250,3314,0,1,0
959500,3308,0,1,0
959750,3312,0,1,0
960000,3313,0,1,1
960250,3309,0,1,1
960500,3308,0,1,1
960750,3313,0,1,1
961000,3310,0,1,1
961250,3309,0,1,1
961500,3307,0,1,1
961750,3306,0,1,1
962000,3310,1,1,1
962250,3308,1,1,1
962500,3305,0,1,1
962750,3303,0,1,1
963000,3306,0,1,1
963250,3304,0,1,1
963500,3306,0,1,1
963750,3301,0,1,1
964000,3305,0,1,1
964250,3301,0,1,1
964500,3300,0,1,0
964750,3301,0,1,0
965000,3304,0,1,0
965250,3302,0,1,0
965500,3299,0,1,0
965750,3300,0,1,0
966000,3304,0,1,0
966250,3303,0,1,0
966500,3301,0,1,0
966750,3305,0,1,0
967000,3303,0,1,0
967250,3306,0,1,0
967500,3303,0,1,0
967750,3302,0,1,0
968000,3303,1,1,0
968250,3304,1,1,0
968500,3301,0,1,0
968750,3308,0,1,0
969000,3304,0,1,0
969250,3302,0,1,0
969500,3305,0,1,0
969750,3305,0,1,0
970000,3327,0,1,0
970250,3331,0,1,0
970500,3327,0,1,0
970750,3306,0,1,0
971000,3301,0,1,0
971250,3305,0,1,0
971500,3301,0,1,0
971750,3302,0,1,0
972000,3302,0,1,0
972250,3298,0,1,0
972500,3298,0,1,0
972750,3295,0,1,0
973000,3298,0,1,0
973250,3293,0,1,0
973500,3296,0,1,0
973750,3294,0,1,0
974000,3293,1,1,0
974250,3290,1,1,0
974500,3291,0,1,0
974750,3290,0,1,0
975000,3287,0,1,1
975250,3292,0,1,1
975500,3286,0,1,1
975750,3286,0,1,1
976000,3285,0,1,1
976250,3289,0,1,1
976500,3288,0,1,1
976750,3285,0,1,1
977000,3289,0,1,1
977250,3290,0,1,1
977500,3293,0,1,1
977750,3293,0,1,1
978000,3293,0,1,1
978250,3295,0,1,1
978500,3289,0,1,1
978750,3296,0,1,1
979000,3296,0,1,1
979250,3298,0,1,1
979500,3293,0,1,1
979750,3294,0,1,1
980000,3298,1,1,1
980250,3301,1,1,1
980500,3297,0,1,1
980750,3300,0,1,1
981000,3301,0,1,1
981250,3298,0,1,1
981500,3302,0,1,1
981750,3298,0,1,1
982000,3298,0,1,1
982250,3268,0,1,1
982500,3267,0,1,1
982750,3273,0,1,1
983000,3276,0,1,1
983250,3301,0,1,1
983500,3298,0,1,1
983750,3303,0,1,1
984000,3298,0,1,1
984250,3301,0,1,1
984500,3302,0,1,1
984750,3299,0,1,1
985000,3298,0,1,1
985250,3296,0,1,1
985500,3297,0,1,0
985750,3296,0,1,0
986000,3299,1,1,0
986250,3301,1,1,0
986500,3300,0,1,0
986750,3299,0,1,0
987000,3300,0,1,0
987250,3298,0,1,0
987500,3301,0,1,0
987750,3302,0,1,0
988000,3298,0,1,0
988250,3299,0,1,0
988500,3303,0,1,0
988750,3301,0,1,0
989000,3306,0,1,0
989250,3305,0,1,0
989500,3306,0,1,0
989750,3307,0,1,0
990000,3311,0,1,1
990250,3309,0,1,1
990500,3306,0,1,1
990750,3307,0,1,1
991000,3311,0,1,1
991250,3308,0,1,1
991500,3315,0,1,1
991750,3311,0,1,1
992000,3310,1,1,1
992250,3314,1,1,1
992500,3315,0,1,1
992750,3311,0,1,1
993000,3314,0,1,1
993250,3310,0,1,1
993500,3312,0,1,1
993750,3311,0,1,1
994000,3307,0,1,1
994250,3307,0,1,1
994500,3311,0,1,0
994750,3310,0,1,0
995000,3309,0,1,0
995250,3303,0,1,0
995500,3308,0,1,0
995750,3302,0,1,0
996000,3306,0,1,0
996250,3305,0,1,0
996500,3300,0,1,0
996750,3301,0,1,0
997000,3300,0,1,0
997250,3303,0,1,0
997500,3300,0,1,0
997750,3297,0,1,0
998000,3299,1,1,0
998250,3297,1,1,0
998500,3299,0,1,0
998750,3297,0,1,0
999000,3301,0,1,0
999250,3298,0,1,0
999500,3295,0,1,0
999750,3301,0,1,0
1000000,3301,0,1,0
1000250,3271,0,1,0
1000500,3263,0,1,0
1000750,3267,0,1,0
1001000,3274,0,1,0
1001250,3299,0,1,0
1001500,3297,0,1,0
1001750,3300,0,1,0
1002000,3301,0,1,0
1002250,3301,0,1,0
1002500,3303,0,1,0
1002750,3299,0,1,0
1003000,3299,0,1,0
1003250,3300,0,1,0
1003500,3299,0,1,0
1003750,3298,0,1,0
1004000,3297,1,1,0
1004250,3297,1,1,0
1004500,3300,0,1,0
1004750,3300,0,1,0
1005000,3295,0,1,1
1005250,3293,0,1,1
1005500,3298,0,1,1
1005750,3295,0,1,1
1006000,3296,0,1,1
1006250,3291,0,1,1
1006500,3288,0,1,1
1006750,3292,0,1,1
1007000,3290,0,1,1
1007250,3287,0,1,1
1007500,3292,0,1,1
1007750,3287,0,1,1
1008000,3287,0,1,1
1008250,3291,0,1,1
1008500,3287,0,1,1
1008750,3289,0,1,1
1009000,3286,0,1,1
1009250,3288,0,1,1
1009500,3288,0,1,0
1009750,3288,0,1,0
1010000,3288,1,1,0
1010250,3291,1,1,0
1010500,3291,0,1,0
1010750,3292,0,1,0
1011000,3294,0,1,0
1011250,3294,0,1,0
1011500,3292,0,1,0
1011750,3293,0,1,0
1012000,3300,0,1,0
1012250,3325,0,1,0
1012500,3336,0,1,0
1012750,3328,0,1,0
1013000,3322,0,1,0
1013250,3300,0,1,0
1013500,3305,0,1,0
1013750,3303,0,1,0
1014000,3305,0,1,0
1014250,3306,0,1,0
1014500,3305,0,1,0
1014750,3307,0,1,0
1015000,3303,0,1,0
1015250,3304,0,1,0
1015500,3304,0,1,0
1015750,3302,0,1,0
1016000,3303,1,1,0
1016250,3301,1,1,0
1016500,3306,0,1,0
1016750,3307,0,1,0
1017000,3303,0,1,0
1017250,3305,0,1,0
1017500,3305,0,1,0
1017750,3303,0,1,0
1018000,3301,0,1,0
1018250,3304,0,1,0
1018500,3299,0,1,0
1018750,3302,0,1,0
1019000,3300,0,1,0
1019250,3299,0,1,0
1019500,3299,0,1,0
1019750,3298,0,1,0
1020000,3305,0,1,1
1020250,3303,0,1,1
1020500,3305,0,1,1
1020750,3306,0,1,1
1021000,3300,0,1,1
1021250,3305,0,1,1
1021500,3302,0,1,1
1021750,3306,0,1,1
1022000,3309,1,1,1
1022250,3305,1,1,1
1022500,3304,0,1,1
1022750,3309,0,1,1
1023000,3309,0,1,1
1023250,3310,0,1,1
1023500,3307,0,1,1
1023750,3313,0,1,1
1024000,3308,0,1,1
1024250,3342,0,1,1
1024500,3343,0,1,0
1024750,3338,0,1,0
1025000,3335,0,1,0
1025250,3312,0,1,0
1025500,3312,0,1,0
1025750,3307,0,1,0
1026000,3313,0,1,0
1026250,3309,0,1,0
1026500,3306,0,1,0
1026750,3310,0,1,0
1027000,3304,0,1,0
1027250,3305,0,1,0
1027500,3305,0,1,0
1027750,3303,0,1,0
1028000,3305,1,1,0
1028250,3298,1,1,0
1028500,3302,0,1,0
1028750,3297,0,1,0
1029000,3297,0,1,0
1029250,3297,0,1,0
1029500,3298,0,1,0
1029750,3293,0,1,0
1030000,3295,0,1,0
1030250,3295,0,1,0
1030500,3297,0,1,0
1030750,3292,0,1,0
1031000,3291,0,1,0
1031250,3290,0,1,0
1031500,3290,0,1,0
1031750,3294,0,1,0
1032000,3296,0,1,0
1032250,3295,0,1,0
1032500,3291,0,1,0
1032750,3293,0,1,0
1033000,3296,0,1,0
1033250,3296,0,1,0
1033500,3297,0,1,0
1033750,3294,0,1,0
1034000,3292,1,1,0
1034250,3299,1,1,0
1034500,3298,0,1,0
1034750,3294,0,1,0
1035000,3299,0,1,1
1035250,3294,0,1,1
1035500,3300,0,1,1
1035750,3297,0,1,1
1036000,3295,0,1,1
1036250,3296,0,1,1
1036500,3299,0,1,1
1036750,3299,0,1,1
1037000,3295,0,1,1
1037250,3297,0,1,1
1037500,3298,0,1,1
1037750,3298,0,1,1
1038000,3296,0,1,1
1038250,3298,0,1,1
1038500,3294,0,1,1
1038750,3294,0,1,1
1039000,3291,0,1,1
1039250,3291,0,1,1
1039500,3295,0,1,1
1039750,3292,0,1,1
1040000,3288,1,1,1
1040250,3292,1,1,1
1040500,3290,0,1,1
1040750,3294,0,1,1
1041000,3290,0,1,1
1041250,3291,0,1,1
1041500,3294,0,1,1
1041750,3293,0,1,1
1042000,3290,0,1,1
1042250,3291,0,1,1
1042500,3294,0,1,1
1042750,3292,0,1,1
1043000,3296,0,1,1
1043250,3293,0,1,1
1043500,3294,0,1,1
1043750,3294,0,1,1
1044000,3296,0,1,1
1044250,3296,0,1,1
1044500,3301,0,1,1
1044750,3298,0,1,1
1045000,3298,0,1,1
1045250,3300,0,1,1
1045500,3306,0,1,0
1045750,3307,0,1,0
1046000,3308,1,1,0
1046250,3307,1,1,0
1046500,3307,0,1,0
1046750,3311,0,1,0
1047000,3308,0,1,0
1047250,3309,0,1,0
1047500,3308,0,1,0
1047750,3308,0,1,0
1048000,3308,0,1,0
1048250,3307,0,1,0
1048500,3308,0,1,0
1048750,3311,0,1,0
1049000,3310,0,1,0
1049250,3305,0,1,0
1049500,3310,0,1,0
1049750,3305,0,1,0
1050000,3309,0,1,1
1050250,3303,0,1,1
1050500,3306,0,1,1
1050750,3304,0,1,1
1051000,3302,0,1,1
1051250,3305,0,1,1
1051500,3304,0,1,1
1051750,3304,0,1,1
1052000,3304,1,1,1
1052250,3300,1,1,1
1052500,3301,0,1,1
1052750,3301,0,1,1
1053000,3302,0,1,1
1053250,3301,0,1,1
1053500,3304,0,1,1
1053750,3306,0,1,1
1054000,3304,0,1,1
1054250,3304,0,1,1
1054500,3301,0,1,0
1054750,3307,0,1,0
1055000,3306,0,1,0
1055250,3304,0,1,0
1055500,3307,0,1,0
1055750,3306,0,1,0
1056000,3309,0,1,0
1056250,3304,0,1,0
1056500,3307,0,1,0
1056750,3304,0,1,0
1057000,3309,0,1,0
1057250,3308,0,1,0
1057500,3306,0,1,0
1057750,3307,0,1,0
1058000,3305,1,1,0
1058250,3307,1,1,0
1058500,3307,0,1,0
1058750,3307,0,1,0
1059000,3304,0,1,0
1059250,3302,0,1,0
1059500,3302,0,1,0
1059750,3301,0,1,0
1060000,3299,0,1,0
1060250,3329,0,1,0
1060500,3337,0,1,0
1060750,3329,0,1,0
1061000,3322,0,1,0
1061250,3296,0,1,0
1061500,3298,0,1,0
1061750,3297,0,1,0
1062000,3295,0,1,0
1062250,3291,0,1,0
1062500,3291,0,1,0
1062750,3289,0,1,0
1063000,3288,0,1,0
1063250,3289,0,1,0
1063500,3289,0,1,0
1063750,3288,0,1,0
1064000,3291,1,1,0
1064250,3286,1,1,0
1064500,3288,0,1,0
1064750,3291,0,1,0
1065000,3291,0,1,1
1065250,3293,0,1,1
1065500,3289,0,1,1
1065750,3290,0,1,1
1066000,3288,0,1,1
1066250,3291,0,1,1
1066500,3289,0,1,1
1066750,3290,0,1,1
1067000,3294,0,1,1
1067250,3293,0,1,1
1067500,3293,0,1,1
1067750,3298,0,1,1
1068000,3294,0,1,1
1068250,3299,0,1,1
1068500,3295,0,1,1
1068750,3298,0,1,1
1069000,3296,0,1,1
1069250,3297,0,1,1
1069500,3300,0,1,0
1069750,3301,0,1,0
1070000,3296,1,1,0
1070250,3300,1,1,0
1070500,3297,0,1,0
1070750,3301,0,1,0
1071000,3299,0,1,0
1071250,3299,0,1,0
1071500,3300,0,1,0
1071750,3299,0,1,0
1072000,3299,0,1,0
1072250,3328,0,1,0
1072500,3329,0,1,0
1072750,3323,0,1,0
1073000,3317,0,1,0
1073250,3295,0,1,0
1073500,3295,0,1,0
1073750,3295,0,1,0
1074000,3293,0,1,0
1074250,3295,0,1,0
1074500,3294,0,1,0
1074750,3295,0,1,0
1075000,3299,0,1,0
1075250,3300,0,1,0
1075500,3299,0,1,0
1075750,3298,0,1,0
1076000,3297,1,1,0
1076250,3301,1,1,0
1076500,3302,0,1,0
1076750,3303,0,1,0
1077000,3300,0,1,0
1077250,3306,0,1,0
1077500,3304,0,1,0
1077750,3307,0,1,0
1078000,3305,0,1,0
1078250,3304,0,1,0
1078500,3311,0,1,0
1078750,3311,0,1,0
1079000,3310,0,1,0
1079250,3311,0,1,0
1079500,3313,0,1,0
1079750,3311,0,1,0
1080000,3311,0,1,1
1080250,3312,0,1,1
1080500,3313,0,1,1
1080750,3311,0,1,1
1081000,3312,0,1,1
1081250,3314,0,1,1
1081500,3314,0,1,1
1081750,3308,0,1,1
1082000,3313,1,1,1
1082250,3307,1,1,1
1082500,3312,0,1,1
1082750,3311,0,1,1
1083000,3309,0,1,1
1083250,3304,0,1,1
1083500,3304,0,1,1
1083750,3308,0,1,1
1084000,3306,0,1,1
1084250,3303,0,1,1
1084500,3305,0,1,0
1084750,3305,0,1,0
1085000,3304,0,1,0
1085250,3304,0,1,0
1085500,3300,0,1,0
1085750,3297,0,1,0
1086000,3299,0,1,0
1086250,3301,0,1,0
1086500,3302,0,1,0
1086750,3301,0,1,0
1087000,3303,0,1,0
1087250,3301,0,1,0
1087500,3300,0,1,0
1087750,3302,0,1,0
1088000,3298,1,1,0
1088250,3299,1,1,0
1088500,3304,0,1,0
1088750,3303,0,1,0
1089000,3304,0,1,0
1089250,3302,0,1,0
1089500,3305,0,1,0
1089750,3301,0,1,0
1090000,3302,0,1,0
1090250,3305,0,1,0
1090500,3300,0,1,0
1090750,3300,0,1,0
1091000,3303,0,1,0
1091250,3299,0,1,0
1091500,3298,0,1,0
1091750,3303,0,1,0
1092000,3297,0,1,0
1092250,3302,0,1,0
1092500,3301,0,1,0
1092750,3302,0,1,0
1093000,3301,0,1,0
1093250,3295,0,1,0
1093500,3293,0,1,0
1093750,3296,0,1,0
1094000,3296,1,1,0
1094250,3293,1,1,0
1094500,3291,0,1,0
1094750,3293,0,1,0
1095000,3290,0,1,1
1095250,3289,0,1,1
1095500,3287,0,1,1
1095750,3289,0,1,1
1096000,3290,0,1,1
1096250,3291,0,1,1
1096500,3287,0,1,1
1096750,3286,0,1,1
1097000,3286,0,1,1
1097250,3291,0,1,1
1097500,3288,0,1,1
1097750,3290,0,1,1
1098000,3291,0,1,1
1098250,3292,0,1,1
1098500,3291,0,1,1
1098750,3294,0,1,1
1099000,3293,0,1,1
1099250,3290,0,1,1
1099500,3297,0,1,1
1099750,3296,0,1,1
1100000,3298,1,1,1
1100250,3298,1,1,1
1100500,3298,0,1,1
1100750,3299,0,1,1
1101000,3301,0,1,1
1101250,3299,0,1,1
1101500,3301,0,1,1
1101750,3299,0,1,1
1102000,3299,0,1,1
1102250,3299,0,1,1
1102500,3303,0,1,1
1102750,3300,0,1,1
1103000,3305,0,1,1
1103250,3299,0,1,1
1103500,3302,0,1,1
1103750,3305,0,1,1
1104000,3301,0,1,1
1104250,3300,0,1,1
1104500,3300,0,1,1
1104750,3299,0,1,1
1105000,3304,0,1,1
1105250,3300,0,1,1
1105500,3300,0,1,0
1105750,3302,0,1,0
1106000,3303,1,1,0
1106250,3300,1,1,0
1106500,3297,0,1,0
1106750,3298,0,1,0
1107000,3298,0,1,0
1107250,3300,0,1,0
1107500,3299,0,1,0
1107750,3303,0,1,0
1108000,3297,0,1,0
1108250,3330,0,1,0
1108500,3338,0,1,0
1108750,3329,0,1,0
1109000,3329,0,1,0
1109250,3306,0,1,0
1109500,3303,0,1,0
1109750,3302,0,1,0
1110000,3304,0,1,1
1110250,3306,0,1,1
1110500,3308,0,1,1
1110750,3305,0,1,1
1111000,3311,0,1,1
1111250,3307,0,1,1
1111500,3310,0,1,1
1111750,3309,0,1,1
1112000,3310,1,1,1
1112250,3315,1,1,1
1112500,3309,0,1,1
1112750,3310,0,1,1
1113000,3311,0,1,1
1113250,3314,0,1,1
1113500,3311,0,1,1
1113750,3311,0,1,1
1114000,3310,0,1,1
1114250,3338,0,1,1
1114500,3346,0,1,0
1114750,3337,0,1,0
1115000,3331,0,1,0
1115250,3310,0,1,0
1115500,3306,0,1,0
1115750,3307,0,1,0
1116000,3304,0,1,0
1116250,3301,0,1,0
1116500,3304,0,1,0
1116750,3300,0,1,0
1117000,3303,0,1,0
1117250,3300,0,1,0
1117500,3303,0,1,0
1117750,3301,0,1,0
1118000,3298,1,1,0
1118250,3300,1,1,0
1118500,3298,0,1,0
1118750,3295,0,1,0
1119000,3293,0,1,0
1119250,3297,0,1,0
1119500,3293,0,1,0
1119750,3298,0,1,0
1120000,3295,0,1,0
1120250,3294,0,1,0
1120500,3294,0,1,0
1120750,3297,0,1,0
1121000,3299,0,1,0
1121250,3295,0,1,0
1121500,3300,0,1,0
1121750,3295,0,1,0
1122000,3297,0,1,0
1122250,3300,0,1,0
1122500,3296,0,1,0
1122750,3299,0,1,0
1123000,3300,0,1,0
1123250,3301,0,1,0
1123500,3297,0,1,0
1123750,3296,0,1,0
1124000,3301,1,1,0
1124250,3299,1,1,0
1124500,3295,0,1,0
1124750,3298,0,1,0
1125000,3297,0,1,1
1125250,3295,0,1,1
1125500,3296,0,1,1
1125750,3293,0,1,1
1126000,3297,0,1,1
1126250,3297,0,1,1
1126500,3296,0,1,1
1126750,3290,0,1,1
1127000,3294,0,1,1
1127250,3291,0,1,1
1127500,3289,0,1,1
1127750,3290,0,1,1
1128000,3287,0,1,1
1128250,3292,0,1,1
1128500,3291,0,1,1
1128750,3286,0,1,1
1129000,3287,0,1,1
1129250,3288,0,1,1
1129500,3288,0,1,0
1129750,3289,0,1,0
1130000,3288,1,1,0
1130250,3288,1,1,0
1130500,3293,0,1,0
1130750,3291,0,1,0
1131000,3295,0,1,0
1131250,3292,0,1,0
1131500,3292,0,1,0
1131750,3297,0,1,0
1132000,3295,0,1,0
1132250,3295,0,1,0
1132500,3301,0,1,0
1132750,3298,0,1,0
1133000,3302,0,1,0
1133250,3303,0,1,0
1133500,3298,0,1,0
1133750,3301,0,1,0
1134000,3305,0,1,0
1134250,3303,0,1,0
1134500,3302,0,1,0
1134750,3307,0,1,0
1135000,3303,0,1,0
1135250,3308,0,1,0
1135500,3308,0,1,0
1135750,3306,0,1,0
1136000,3308,1,1,0
1136250,3305,1,1,0
1136500,3308,0,1,0
1136750,3309,0,1,0
1137000,3309,0,1,0
1137250,3308,0,1,0
1137500,3304,0,1,0
1137750,3307,0,1,0
1138000,3307,0,1,0
1138250,3331,0,1,0
1138500,3340,0,1,0
1138750,3312,0,1,0
1139000,3307,0,1,0
1139250,3281,0,1,0
1139500,3300,0,1,0
1139750,3304,0,1,0
1140000,3306,0,1,1
1140250,3305,0,1,1
1140500,3300,0,1,1
1140750,3303,0,1,1
1141000,3302,0,1,1
1141250,3305,0,1,1
1141500,3301,0,1,1
1141750,3301,0,1,1
1142000,3305,1,1,1
1142250,3301,1,1,1
1142500,3303,0,1,1
1142750,3308,0,1,1
1143000,3307,0,1,1
1143250,3307,0,1,1
1143500,3308,0,1,1
1143750,3305,0,1,1
1144000,3309,0,1,1
1144250,3277,0,1,1
1144500,3272,0,1,0
1144750,3282,0,1,0
1145000,3285,0,1,0
1145250,3312,0,1,0
1145500,3311,0,1,0
1145750,3308,0,1,0
1146000,3311,0,1,0
1146250,3311,0,1,0
1146500,3309,0,1,0
1146750,3310,0,1,0
1147000,3309,0,1,0
1147250,3306,0,1,0
1147500,3308,0,1,0
1147750,3307,0,1,0
1148000,3303,1,1,0
1148250,3303,1,1,0
1148500,3304,0,1,0
1148750,3300,0,1,0
1149000,3302,0,1,0
1149250,3303,0,1,0
1149500,3298,0,1,0
1149750,3297,0,1,0
1150000,3294,0,1,0
1150250,3322,0,1,0
1150500,3330,0,1,0
1150750,3320,0,1,0
1151000,3318,0,1,0
1151250,3290,0,1,0
1151500,3290,0,1,0
1151750,3290,0,1,0
1152000,3294,0,1,0
1152250,3294,0,1,0
1152500,3294,0,1,0
1152750,3288,0,1,0
1153000,3290,0,1,0
1153250,3290,0,1,0
1153500,3288,0,1,0
1153750,3291,0,1,0
1154000,3289,1,1,0
1154250,3296,1,1,0
1154500,3292,0,1,0
1154750,3297,0,1,0
1155000,3296,0,1,1
1155250,3297,0,1,1
1155500,3293,0,1,1
1155750,3293,0,1,1
1156000,3293,0,1,1
1156250,3296,0,1,1
1156500,3295,0,1,1
1156750,3295,0,1,1
1157000,3299,0,1,1
1157250,3295,0,1,1
1157500,3298,0,1,1
1157750,3297,0,1,1
1158000,3297,0,1,1
1158250,3300,0,1,1
1158500,3294,0,1,1
1158750,3299,0,1,1
1159000,3298,0,1,1
1159250,3293,0,1,1
1159500,3296,0,1,1
1159750,3294,0,1,1
1160000,3293,1,1,1
1160250,3292,1,1,1
1160500,3294,0,1,1
1160750,3291,0,1,1
1161000,3296,0,1,1
1161250,3296,0,1,1
1161500,3293,0,1,1
1161750,3293,0,1,1
1162000,3292,0,1,1
1162250,3321,0,1,1
1162500,3324,0,1,1
1162750,3320,0,1,1
1163000,3321,0,1,1
1163250,3295,0,1,1
1163500,3296,0,1,1
1163750,3293,0,1,1
1164000,3295,0,1,1
1164250,3301,0,1,1
1164500,3301,0,1,1
1164750,3299,0,1,1
1165000,3299,0,1,1
1165250,3300,0,1,1
1165500,3300,0,1,0
1165750,3301,0,1,0
1166000,3304,1,1,0
1166250,3308,1,1,0
1166500,3309,0,1,0
1166750,3307,0,1,0
1167000,3309,0,1,0
1167250,3312,0,1,0
1167500,3306,0,1,0
1167750,3309,0,1,0
1168000,3312,0,1,0
1168250,3312,0,1,0
1168500,3310,0,1,0
1168750,3312,0,1,0
1169000,3308,0,1,0
1169250,3313,0,1,0
1169500,3308,0,1,0
1169750,3310,0,1,0
1170000,3311,0,1,1
1170250,3310,0,1,1
1170500,3311,0,1,1
1170750,3311,0,1,1
1171000,3311,0,1,1
1171250,3310,0,1,1
1171500,3308,0,1,1
1171750,3308,0,1,1
1172000,3306,1,1,1
1172250,3301,1,1,1
1172500,3303,0,1,1
1172750,3303,0,1,1
1173000,3304,0,1,1
1173250,3305,0,1,1
1173500,3299,0,1,1
1173750,3301,0,1,1
1174000,3301,0,1,1
1174250,3298,0,1,1
1174500,3300,0,1,0
1174750,3301,0,1,0
1175000,3300,0,1,0
1175250,3304,0,1,0
1175500,3305,0,1,0
1175750,3299,0,1,0
1176000,3304,0,1,0
1176250,3305,0,1,0
1176500,3300,0,1,0
1176750,3301,0,1,0
1177000,3306,0,1,0
1177250,3301,0,1,0
1177500,3306,0,1,0
1177750,3303,0,1,0
1178000,3308,1,1,0
1178250,3308,1,1,0
1178500,3307,0,1,0
1178750,3307,0,1,0
1179000,3304,0,1,0
1179250,3303,0,1,0
1179500,3300,0,1,0
1179750,3301,0,1,0
1180000,3301,0,1,0
1180250,3302,0,1,0
1180500,3299,0,1,0
1180750,3302,0,1,0
1181000,3301,0,1,0
1181250,3300,0,1,0
1181500,3301,0,1,0
1181750,3299,0,1,0
1182000,3298,0,1,0
1182250,3298,0,1,0
1182500,3291,0,1,0
1182750,3292,0,1,0
1183000,3294,0,1,0
1183250,3293,0,1,0
1183500,3288,0,1,0
1183750,3288,0,1,0
1184000,3288,1,1,0
1184250,3286,1,1,0
1184500,3286,0,1,0
1184750,3291,0,1,0
1185000,3290,0,1,1
1185250,3291,0,1,1
1185500,3291,0,1,1
1185750,3287,0,1,1
1186000,3287,0,1,1
1186250,3320,0,1,1
1186500,3326,0,1,1
1186750,3317,0,1,1
1187000,3314,0,1,1
1187250,3294,0,1,1
1187500,3290,0,1,1
1187750,3293,0,1,1
1188000,3295,0,1,1
1188250,3296,0,1,1
1188500,3296,0,1,1
1188750,3294,0,1,1
1189000,3295,0,1,1
1189250,3297,0,1,1
1189500,3299,0,1,1
1189750,3298,0,1,1
1190000,3300,1,1,1
1190250,3299,1,1,1
1190500,3297,0,1,1
1190750,3302,0,1,1
1191000,3301,0,1,1
1191250,3303,0,1,1
1191500,3301,0,1,1
1191750,3299,0,1,1
1192000,3323,0,1,1
1192250,3350,0,1,1
1192500,3361,0,1,1
1192750,3330,0,1,1
1193000,3326,0,1,1
1193250,3302,0,1,1
1193500,3297,0,1,1
1193750,3299,0,1,1
1194000,3296,0,1,1
1194250,3301,0,1,1
1194500,3295,0,1,1
1194750,3301,0,1,1
1195000,3296,0,1,1
1195250,3295,0,1,1
1195500,3296,0,1,0
1195750,3296,0,1,0
1196000,3302,1,1,0
1196250,3302,1,1,0
1196500,3297,0,1,0
1196750,3301,0,1,0
1197000,3300,0,1,0
1197250,3299,0,1,0
1197500,3300,0,1,0
1197750,3304,0,1,0
1198000,3304,0,1,0
1198250,3308,0,1,0
1198500,3309,0,1,0
1198750,3310,0,1,0
1199000,3311,0,1,0
1199250,3306,0,1,0
1199500,3310,0,1,0
1199750,3312,0,1,0
1200000,3313,0,1,1
1200250,3314,0,1,1
1200500,3315,0,1,1
1200750,3309,0,1,1
1201000,3310,0,1,1
1201250,3313,0,1,1
1201500,3313,0,1,1
1201750,3315,0,1,1
1202000,3311,1,1,1
1202250,3309,1,1,1
1202500,3309,0,1,1
1202750,3308,0,1,1
1203000,3311,0,1,1
1203250,3307,0,1,1
1203500,3310,0,1,1
1203750,3308,0,1,1
1204000,3309,0,1,1
1204250,3273,0,1,1
1204500,3273,0,1,0
1204750,3271,0,1,0
1205000,3278,0,1,0
1205250,3304,0,1,0
1205500,3300,0,1,0
1205750,3300,0,1,0
1206000,3300,0,1,0
1206250,3303,0,1,0
1206500,3299,0,1,0
1206750,3300,0,1,0
1207000,3299,0,1,0
1207250,3301,0,1,0
1207500,3298,0,1,0
1207750,3297,0,1,0
1208000,3300,1,1,0
1208250,3300,1,1,0
1208500,3301,0,1,0
1208750,3296,0,1,0
1209000,3296,0,1,0
1209250,3302,0,1,0
1209500,3296,0,1,0
1209750,3301,0,1,0
1210000,3298,0,1,0
1210250,3300,0,1,0
1210500,3297,0,1,0
1210750,3298,0,1,0
1211000,3299,0,1,0
1211250,3297,0,1,0
1211500,3301,0,1,0
1211750,3300,0,1,0
1212000,3303,0,1,0
1212250,3302,0,1,0
1212500,3297,0,1,0
1212750,3296,0,1,0
1213000,3298,0,1,0
1213250,3296,0,1,0
1213500,3296,0,1,0
1213750,3297,0,1,0
1214000,3296,1,1,0
1214250,3293,1,1,0
1214500,3291,0,1,0
1214750,3294,0,1,0
1215000,3293,0,1,1
1215250,3291,0,1,1
1215500,3288,0,1,1
1215750,3293,0,1,1
1216000,3292,0,1,1
1216250,3289,0,1,1
1216500,3290,0,1,1
1216750,3286,0,1,1
1217000,3288,0,1,1
1217250,3289,0,1,1
1217500,3286,0,1,1
1217750,3288,0,1,1
1218000,3285,0,1,1
1218250,3287,0,1,1
1218500,3289,0,1,1
1218750,3289,0,1,1
1219000,3289,0,1,1
1219250,3294,0,1,1
1219500,3289,0,1,1
1219750,3295,0,1,1
1220000,3293,1,1,1
1220250,3298,1,1,1
1220500,3297,0,1,1
1220750,3299,0,1,1
1221000,3301,0,1,1
1221250,3298,0,1,1
1221500,3301,0,1,1
1221750,3300,0,1,1
1222000,3298,0,1,1
1222250,3270,0,1,1
1222500,3271,0,1,1
1222750,3271,0,1,1
1223000,3278,0,1,1
1223250,3304,0,1,1
1223500,3305,0,1,1
1223750,3305,0,1,1
1224000,3304,0,1,1
1224250,3302,0,1,1
1224500,3305,0,1,1
1224750,3306,0,1,1
1225000,3301,0,1,1
1225250,3303,0,1,1
1225500,3304,0,1,0
1225750,3304,0,1,0
1226000,3306,1,1,0
1226250,3303,1,1,0
1226500,3301,0,1,0
1226750,3304,0,1,0
1227000,3304,0,1,0
1227250,3301,0,1,0
1227500,3301,0,1,0
1227750,3303,0,1,0
1228000,3301,0,1,0
1228250,3330,0,1,0
1228500,3332,0,1,0
1228750,3330,0,1,0
1229000,3324,0,1,0
1229250,3303,0,1,0
1229500,3304,0,1,0
1229750,3303,0,1,0
1230000,3302,0,1,1
1230250,3305,0,1,1
1230500,3302,0,1,1
1230750,3302,0,1,1
1231000,3309,0,1,1
1231250,3304,0,1,1
1231500,3309,0,1,1
1231750,3311,0,1,1
1232000,3308,1,1,1
1232250,3310,1,1,1
1232500,3313,0,1,1
1232750,3312,0,1,1
1233000,3309,0,1,1
1233250,3313,0,1,1
1233500,3312,0,1,1
1233750,3308,0,1,1
1234000,3312,0,1,1
1234250,3311,0,1,1
1234500,3310,0,1,0
1234750,3308,0,1,0
1235000,3312,0,1,0
1235250,3310,0,1,0
1235500,3308,0,1,0
1235750,3310,0,1,0
1236000,3308,0,1,0
1236250,3305,0,1,0
1236500,3306,0,1,0
1236750,3303,0,1,0
1237000,3301,0,1,0
1237250,3303,0,1,0
1237500,3298,0,1,0
1237750,3300,0,1,0
1238000,3299,1,1,0
1238250,3297,1,1,0
1238500,3294,0,1,0
1238750,3294,0,1,0
1239000,3297,0,1,0
1239250,3293,0,1,0
1239500,3292,0,1,0
1239750,3293,0,1,0
1240000,3296,0,1,0
1240250,3293,0,1,0
1240500,3295,0,1,0
1240750,3294,0,1,0
1241000,3292,0,1,0
1241250,3290,0,1,0
1241500,3296,0,1,0
1241750,3292,0,1,0
1242000,3294,0,1,0
1242250,3296,0,1,0
1242500,3294,0,1,0
1242750,3293,0,1,0
1243000,3295,0,1,0
1243250,3297,0,1,0
1243500,3297,0,1,0
1243750,3294,0,1,0
1244000,3300,1,1,0
1244250,3297,1,1,0
1244500,3299,0,1,0
1244750,3300,0,1,0
1245000,3299,0,1,1
1245250,3297,0,1,1
1245500,3300,0,1,1
1245750,3300,0,1,1
1246000,3299,0,1,1
1246250,3299,0,1,1
1246500,3295,0,1,1
1246750,3297,0,1,1
1247000,3295,0,1,1
1247250,3292,0,1,1
1247500,3293,0,1,1
1247750,3294,0,1,1
1248000,3291,0,1,1
1248250,3296,0,1,1
1248500,3294,0,1,1
1248750,3289,0,1,1
1249000,3288,0,1,1
1249250,3293,0,1,1
1249500,3290,0,1,0
1249750,3290,0,1,0
1250000,3292,1,1,0
1250250,3294,1,1,0
1250500,3292,0,1,0
1250750,3288,0,1,0
1251000,3290,0,1,0
1251250,3291,0,1,0
1251500,3294,0,1,0
1251750,3295,0,1,0
1252000,3292,0,1,0
1252250,3296,0,1,0
1252500,3293,0,1,0
1252750,3297,0,1,0
1253000,3298,0,1,0
1253250,3300,0,1,0
1253500,3301,0,1,0
1253750,3298,0,1,0
1254000,3304,0,1,0
1254250,3300,0,1,0
1254500,3303,0,1,0
1254750,3306,0,1,0
1255000,3308,0,1,0
1255250,3304,0,1,0
1255500,3306,0,1,0
1255750,3311,0,1,0
1256000,3311,1,1,0
1256250,3310,1,1,0
1256500,3307,0,1,0
1256750,3308,0,1,0
1257000,3308,0,1,0
1257250,3308,0,1,0
1257500,3311,0,1,0
1257750,3309,0,1,0
1258000,3310,0,1,0
1258250,3340,0,1,0
1258500,3341,0,1,0
1258750,3338,0,1,0
1259000,3332,0,1,0
1259250,3306,0,1,0
1259500,3304,0,1,0
1259750,3305,0,1,0
1260000,3307,0,1,1
1260250,3302,0,1,1
1260500,3304,0,1,1
1260750,3304,0,1,1
1261000,3305,0,1,1
1261250,3304,0,1,1
1261500,3302,0,1,1
1261750,3301,0,1,1
1262000,3300,1,1,1
1262250,3302,1,1,1
1262500,3306,0,1,1
1262750,3305,0,1,1
1263000,3300,0,1,1
1263250,3303,0,1,1
1263500,3305,0,1,1
1263750,3304,0,1,1
1264000,3307,0,1,1
1264250,3303,0,1,1
1264500,3306,0,1,0
1264750,3303,0,1,0
1265000,3306,0,1,0
1265250,3310,0,1,0
1265500,3308,0,1,0
1265750,3309,0,1,0
1266000,3306,0,1,0
1266250,3304,0,1,0
1266500,3305,0,1,0
1266750,3305,0,1,0
1267000,3309,0,1,0
1267250,3309,0,1,0
1267500,3307,0,1,0
1267750,3307,0,1,0
1268000,3303,1,1,0
1268250,3303,1,1,0
1268500,3303,0,1,0
1268750,3304,0,1,0
1269000,3300,0,1,0
1269250,3300,0,1,0
1269500,3302,0,1,0
1269750,3297,0,1,0
1270000,3296,0,1,0
1270250,3298,0,1,0
1270500,3294,0,1,0
1270750,3298,0,1,0
1271000,3295,0,1,0
1271250,3293,0,1,0
1271500,3294,0,1,0
1271750,3288,0,1,0
1272000,3287,0,1,0
1272250,3289,0,1,0
1272500,3291,0,1,0
1272750,3292,0,1,0
1273000,3286,0,1,0
1273250,3286,0,1,0
1273500,3290,0,1,0
1273750,3291,0,1,0
1274000,3286,1,1,0
1274250,3293,1,1,0
1274500,3288,0,1,0
1274750,3293,0,1,0
1275000,3290,0,1,1
1275250,3293,0,1,1
1275500,3291,0,1,1
1275750,3294,0,1,1
1276000,3293,0,1,1
1276250,3298,0,1,1
1276500,3294,0,1,1
1276750,3299,0,1,1
1277000,3300,0,1,1
1277250,3297,0,1,1
1277500,3300,0,1,1
1277750,3297,0,1,1
1278000,3295,0,1,1
1278250,3295,0,1,1
1278500,3296,0,1,1
1278750,3296,0,1,1
1279000,3301,0,1,1
1279250,3299,0,1,1
1279500,3299,0,1,0
1279750,3301,0,1,0
1280000,3297,1,1,0
1280250,3299,1,1,0
1280500,3295,0,1,0
1280750,3299,0,1,0
1281000,3299,0,1,0
1281250,3299,0,1,0
1281500,3297,0,1,0
1281750,3294,0,1,0
1282000,3297,0,1,0
1282250,3264,0,1,0
1282500,3259,0,1,0
1282750,3269,0,1,0
1283000,3274,0,1,0
1283250,3298,0,1,0
1283500,3297,0,1,0
1283750,3293,0,1,0
1284000,3299,0,1,0
1284250,3297,0,1,0
1284500,3299,0,1,0
1284750,3298,0,1,0
1285000,3301,0,1,0
1285250,3302,0,1,0
1285500,3303,0,1,0
1285750,3300,0,1,0
1286000,3305,1,1,0
1286250,3300,1,1,0
1286500,3307,0,1,0
1286750,3303,0,1,0
1287000,3309,0,1,0
1287250,3306,0,1,0
1287500,3306,0,1,0
1287750,3309,0,1,0
1288000,3313,0,1,0
1288250,3310,0,1,0
1288500,3310,0,1,0
1288750,3312,0,1,0
1289000,3309,0,1,0
1289250,3315,0,1,0
1289500,3312,0,1,0
1289750,3315,0,1,0
1290000,3313,0,1,1
1290250,3311,0,1,1
1290500,3314,0,1,1
1290750,3309,0,1,1
1291000,3310,0,1,1
1291250,3308,0,1,1
1291500,3310,0,1,1
1291750,3306,0,1,1
1292000,3305,1,1,1
1292250,3309,1,1,1
1292500,3308,0,1,1
1292750,3308,0,1,1
1293000,3302,0,1,1
1293250,3300,0,1,1
1293500,3299,0,1,1
1293750,3304,0,1,1
1294000,3303,0,1,1
1294250,3304,0,1,1
1294500,3303,0,1,1
1294750,3298,0,1,1
1295000,3299,0,1,1
1295250,3300,0,1,1
1295500,3298,0,1,1
1295750,3300,0,1,1
1296000,3302,0,1,1
1296250,3302,0,1,1
1296500,3302,0,1,1
1296750,3302,0,1,1
1297000,3299,0,1,1
1297250,3303,0,1,1
1297500,3299,0,1,1
1297750,3304,0,1,1
1298000,3300,1,1,1
1298250,3302,1,1,1
1298500,3301,0,1,1
1298750,3304,0,1,1
1299000,3305,0,1,1
1299250,3302,0,1,1
1299500,3301,0,1,1
1299750,3303,0,1,1
1300000,3300,0,1,1
1300250,3301,0,1,1
1300500,3301,0,1,0
1300750,3300,0,1,0
1301000,3297,0,1,0
1301250,3298,0,1,0
1301500,3296,0,1,0
1301750,3301,0,1,0
1302000,3299,0,1,0
1302250,3300,0,1,0
1302500,3299,0,1,0
1302750,3293,0,1,0
1303000,3296,0,1,0
1303250,3291,0,1,0
1303500,3291,0,1,0
1303750,3289,0,1,0
1304000,3293,1,1,0
1304250,3290,1,1,0
1304500,3291,0,1,0
1304750,3290,0,1,0
1305000,3291,0,1,1
1305250,3291,0,1,1
1305500,3290,0,1,1
1305750,3288,0,1,1
1306000,3289,0,1,1
1306250,3286,0,1,1
1306500,3285,0,1,1
1306750,3288,0,1,1
1307000,3288,0,1,1
1307250,3289,0,1,1
1307500,3287,0,1,1
1307750,3293,0,1,1
1308000,3289,0,1,1
1308250,3296,0,1,1
1308500,3297,0,1,1
1308750,3298,0,1,1
1309000,3293,0,1,1
1309250,3295,0,1,1
1309500,3295,0,1,0
1309750,3296,0,1,0
1310000,3298,1,1,0
1310250,3301,1,1,0
1310500,3299,0,1,0
1310750,3300,0,1,0
1311000,3304,0,1,0
1311250,3304,0,1,0
1311500,3302,0,1,0
1311750,3303,0,1,0
1312000,3299,0,1,0
1312250,3272,0,1,0
1312500,3270,0,1,0
1312750,3274,0,1,0
1313000,3281,0,1,0
1313250,3301,0,1,0
1313500,3301,0,1,0
1313750,3299,0,1,0
1314000,3299,0,1,0
1314250,3298,0,1,0
1314500,3300,0,1,0
1314750,3303,0,1,0
1315000,3301,0,1,0
1315250,3301,0,1,0
1315500,3302,0,1,0
1315750,3297,0,1,0
1316000,3299,1,1,0
1316250,3300,1,1,0
1316500,3302,0,1,0
1316750,3298,0,1,0
1317000,3301,0,1,0
1317250,3302,0,1,0
1317500,3303,0,1,0
1317750,3303,0,1,0
1318000,3305,0,1,0
1318250,3300,0,1,0
1318500,3303,0,1,0
1318750,3302,0,1,0
1319000,3307,0,1,0
1319250,3308,0,1,0
1319500,3305,0,1,0
1319750,3311,0,1,0
1320000,3309,0,1,1
1320250,3312,0,1,1
1320500,3308,0,1,1
1320750,3311,0,1,1
1321000,3311,0,1,1
1321250,3309,0,1,1
1321500,3311,0,1,1
1321750,3310,0,1,1
1322000,3310,1,1,1
1322250,3312,1,1,1
1322500,3313,0,1,1
1322750,3309,0,1,1
1323000,3309,0,1,1
1323250,3309,0,1,1
1323500,3307,0,1,1
1323750,3311,0,1,1
1324000,3309,0,1,1
1324250,3304,0,1,1
1324500,3309,0,1,0
1324750,3307,0,1,0
1325000,3307,0,1,0
1325250,3302,0,1,0
1325500,3304,0,1,0
1325750,3298,0,1,0
1326000,3298,0,1,0
1326250,3298,0,1,0
1326500,3299,0,1,0
1326750,3296,0,1,0
1327000,3297,0,1,0
1327250,3298,0,1,0
1327500,3294,0,1,0
1327750,3294,0,1,0
1328000,3293,1,1,0
1328250,3292,1,1,0
1328500,3298,0,1,0
1328750,3296,0,1,0
1329000,3298,0,1,0
1329250,3295,0,1,0
1329500,3298,0,1,0
1329750,3294,0,1,0
1330000,3294,0,1,0
1330250,3298,0,1,0
1330500,3298,0,1,0
1330750,3298,0,1,0
1331000,3300,0,1,0
1331250,3299,0,1,0
1331500,3299,0,1,0
1331750,3297,0,1,0
1332000,3299,0,1,0
1332250,3300,0,1,0
1332500,3301,0,1,0
1332750,3298,0,1,0
1333000,3297,0,1,0
1333250,3297,0,1,0
1333500,3297,0,1,0
1333750,3300,0,1,0
1334000,3298,1,1,0
1334250,3296,1,1,0
1334500,3294,0,1,0
1334750,3293,0,1,0
1335000,3295,0,1,1
1335250,3292,0,1,1
1335500,3296,0,1,1
1335750,3291,0,1,1
1336000,3294,0,1,1
1336250,3290,0,1,1
1336500,3290,0,1,1
1336750,3291,0,1,1
1337000,3291,0,1,1
1337250,3289,0,1,1
1337500,3291,0,1,1
1337750,3292,0,1,1
1338000,3290,0,1,1
1338250,3290,0,1,1
1338500,3289,0,1,1
1338750,3287,0,1,1
1339000,3287,0,1,1
1339250,3288,0,1,1
1339500,3291,0,1,1
1339750,3290,0,1,1
1340000,3289,1,1,1
1340250,3295,1,1,1
1340500,3297,0,1,1
1340750,3294,0,1,1
1341000,3293,0,1,1
1341250,3299,0,1,1
1341500,3301,0,1,1
1341750,3301,0,1,1
1342000,3298,0,1,1
1342250,3297,0,1,1
1342500,3298,0,1,1
1342750,3305,0,1,1
1343000,3302,0,1,1
1343250,3303,0,1,1
1343500,3307,0,1,1
1343750,3308,0,1,1
1344000,3309,0,1,1
1344250,3308,0,1,1
1344500,3310,0,1,1
1344750,3306,0,1,1
1345000,3307,0,1,1
1345250,3308,0,1,1
1345500,3307,0,1,0
1345750,3308,0,1,0
1346000,3310,1,1,0
1346250,3309,1,1,0
1346500,3309,0,1,0
1346750,3306,0,1,0
1347000,3304,0,1,0
1347250,3308,0,1,0
1347500,3305,0,1,0
1347750,3301,0,1,0
1348000,3306,0,1,0
1348250,3301,0,1,0
1348500,3306,0,1,0
1348750,3306,0,1,0
1349000,3306,0,1,0
1349250,3302,0,1,0
1349500,3304,0,1,0
1349750,3299,0,1,0
1350000,3306,0,1,1
1350250,3305,0,1,1
1350500,3300,0,1,1
1350750,3306,0,1,1
1351000,3307,0,1,1
1351250,3305,0,1,1
1351500,3308,0,1,1
1351750,3303,0,1,1
1352000,3303,1,1,1
1352250,3307,1,1,1
1352500,3310,0,1,1
1352750,3305,0,1,1
1353000,3306,0,1,1
1353250,3308,0,1,1
1353500,3312,0,1,1
1353750,3307,0,1,1
1354000,3312,0,1,1
1354250,3312,0,1,1
1354500,3306,0,1,0
1354750,3312,0,1,0
1355000,3307,0,1,0
1355250,3308,0,1,0
1355500,3306,0,1,0
1355750,3311,0,1,0
1356000,3307,0,1,0
1356250,3304,0,1,0
1356500,3304,0,1,0
1356750,3302,0,1,0
1357000,3302,0,1,0
1357250,3305,0,1,0
1357500,3304,0,1,0
1357750,3298,0,1,0
1358000,3301,1,1,0
1358250,3298,1,1,0
1358500,3299,0,1,0
1358750,3294,0,1,0
1359000,3293,0,1,0
1359250,3295,0,1,0
1359500,3297,0,1,0
1359750,3292,0,1,0
1360000,3296,0,1,0
1360250,3292,0,1,0
1360500,3293,0,1,0
1360750,3291,0,1,0
1361000,3291,0,1,0
1361250,3293,0,1,0
1361500,3291,0,1,0
1361750,3289,0,1,0
1362000,3288,0,1,0
1362250,3293,0,1,0
1362500,3291,0,1,0
1362750,3290,0,1,0
1363000,3290,0,1,0
1363250,3293,0,1,0
1363500,3296,0,1,0
1363750,3293,0,1,0
1364000,3296,1,1,0
1364250,3295,1,1,0
1364500,3296,0,1,0
1364750,3294,0,1,0
1365000,3296,0,1,1
1365250,3297,0,1,1
1365500,3299,0,1,1
1365750,3300,0,1,1
1366000,3295,0,1,1
1366250,3266,0,1,1
1366500,3265,0,1,1
1366750,3267,0,1,1
1367000,3270,0,1,1
1367250,3295,0,1,1
1367500,3295,0,1,1
1367750,3296,0,1,1
1368000,3295,0,1,1
1368250,3293,0,1,1
1368500,3295,0,1,1
1368750,3293,0,1,1
1369000,3293,0,1,1
1369250,3295,0,1,1
1369500,3293,0,1,1
1369750,3292,0,1,1
1370000,3295,1,1,1
1370250,3292,1,1,1
1370500,3296,0,1,1
1370750,3294,0,1,1
1371000,3296,0,1,1
1371250,3290,0,1,1
1371500,3290,0,1,1
1371750,3297,0,1,1
1372000,3294,0,1,1
1372250,3297,0,1,1
1372500,3293,0,1,1
1372750,3293,0,1,1
1373000,3297,0,1,1
1373250,3295,0,1,1
1373500,3301,0,1,1
1373750,3303,0,1,1
1374000,3300,0,1,1
1374250,3304,0,1,1
1374500,3302,0,1,1
1374750,3302,0,1,1
1375000,3302,0,1,1
1375250,3308,0,1,1
1375500,3308,0,1,0
1375750,3310,0,1,0
1376000,3310,1,1,0
1376250,3308,1,1,0
1376500,3308,0,1,0
1376750,3312,0,1,0
1377000,3312,0,1,0
1377250,3314,0,1,0
1377500,3308,0,1,0
1377750,3312,0,1,0
1378000,3310,0,1,0
1378250,3314,0,1,0
1378500,3308,0,1,0
1378750,3309,0,1,0
1379000,3310,0,1,0
1379250,3310,0,1,0
1379500,3306,0,1,0
1379750,3309,0,1,0
1380000,3310,0,1,1
1380250,3307,0,1,1
1380500,3304,0,1,1
1380750,3307,0,1,1
1381000,3304,0,1,1
1381250,3304,0,1,1
1381500,3304,0,1,1
1381750,3304,0,1,1
1382000,3300,1,1,1
1382250,3303,1,1,1
1382500,3305,0,1,1
1382750,3298,0,1,1
1383000,3302,0,1,1
1383250,3299,0,1,1
1383500,3298,0,1,1
1383750,3298,0,1,1
1384000,3304,0,1,1
1384250,3301,0,1,1
1384500,3301,0,1,0
1384750,3300,0,1,0
1385000,3301,0,1,0
1385250,3300,0,1,0
1385500,3301,0,1,0
1385750,3302,0,1,0
1386000,3305,0,1,0
1386250,3307,0,1,0
1386500,3306,0,1,0
1386750,3305,0,1,0
1387000,3302,0,1,0
1387250,3306,0,1,0
1387500,3302,0,1,0
1387750,3304,0,1,0
1388000,3307,1,1,0
1388250,3306,1,1,0
1388500,3305,0,1,0
1388750,3306,0,1,0
1389000,3301,0,1,0
1389250,3301,0,1,0
1389500,3301,0,1,0
1389750,3299,0,1,0
1390000,3300,0,1,0
1390250,3295,0,1,0
1390500,3297,0,1,0
1390750,3295,0,1,0
1391000,3298,0,1,0
1391250,3292,0,1,0
1391500,3293,0,1,0
1391750,3294,0,1,0
1392000,3294,0,1,0
1392250,3292,0,1,0
1392500,3293,0,1,0
1392750,3289,0,1,0
1393000,3286,0,1,0
1393250,3287,0,1,0
1393500,3287,0,1,0
1393750,3287,0,1,0
1394000,3285,1,1,0
1394250,3286,1,1,0
1394500,3290,0,1,0
1394750,3288,0,1,0
1395000,3286,0,1,1
1395250,3290,0,1,1
1395500,3289,0,1,1
1395750,3289,0,1,1
1396000,3292,0,1,1
1396250,3293,0,1,1
1396500,3296,0,1,1
1396750,3297,0,1,1
1397000,3293,0,1,1
1397250,3296,0,1,1
1397500,3299,0,1,1
1397750,3297,0,1,1
1398000,3298,0,1,1
1398250,3298,0,1,1
1398500,3301,0,1,1
1398750,3299,0,1,1
1399000,3302,0,1,1
1399250,3298,0,1,1
1399500,3298,0,1,1
1399750,3303,0,1,1
1400000,3298,1,1,1
1400250,3299,1,1,1
1400500,3302,0,1,1
1400750,3298,0,1,1
1401000,3299,0,1,1
1401250,3302,0,1,1
1401500,3302,0,1,1
1401750,3298,0,1,1
1402000,3301,0,1,1
1402250,3300,0,1,1
1402500,3297,0,1,1
1402750,3298,0,1,1
1403000,3296,0,1,1
1403250,3300,0,1,1
1403500,3298,0,1,1
1403750,3298,0,1,1
1404000,3299,0,1,1
1404250,3300,0,1,1
1404500,3295,0,1,1
1404750,3299,0,1,1
1405000,3298,0,1,1
1405250,3299,0,1,1
1405500,3301,0,1,0
1405750,3300,0,1,0
1406000,3303,1,1,0
1406250,3305,1,1,0
1406500,3306,0,1,0
1406750,3305,0,1,0
1407000,3303,0,1,0
1407250,3307,0,1,0
1407500,3307,0,1,0
1407750,3304,0,1,0
1408000,3307,0,1,0
1408250,3279,0,1,0
1408500,3279,0,1,0
1408750,3285,0,1,0
1409000,3286,0,1,0
1409250,3310,0,1,0
1409500,3310,0,1,0
1409750,3309,0,1,0
1410000,3315,0,1,1
1410250,3314,0,1,1
1410500,3312,0,1,1
1410750,3312,0,1,1
1411000,3312,0,1,1
1411250,3314,0,1,1
1411500,3314,0,1,1
1411750,3308,0,1,1
1412000,3309,1,1,1
1412250,3308,1,1,1
1412500,3305,0,1,1
1412750,3304,0,1,1
1413000,3306,0,1,1
1413250,3305,0,1,1
1413500,3301,0,1,1
1413750,3303,0,1,1
1414000,3329,0,1,1
1414250,3295,0,1,1
1414500,3293,0,1,0
1414750,3268,0,1,0
1415000,3276,0,1,0
1415250,3302,0,1,0
1415500,3299,0,1,0
1415750,3302,0,1,0
1416000,3300,0,1,0
1416250,3296,0,1,0
1416500,3298,0,1,0
1416750,3299,0,1,0
1417000,3296,0,1,0
1417250,3301,0,1,0
1417500,3298,0,1,0
1417750,3296,0,1,0
1418000,3302,1,1,0
1418250,3299,1,1,0
1418500,3302,0,1,0
1418750,3303,0,1,0
1419000,3297,0,1,0
1419250,3300,0,1,0
1419500,3301,0,1,0
1419750,3302,0,1,0
1420000,3303,0,1,0
1420250,3297,0,1,0
1420500,3301,0,1,0
1420750,3297,0,1,0
1421000,3297,0,1,0
1421250,3299,0,1,0
1421500,3297,0,1,0
1421750,3301,0,1,0
1422000,3297,0,1,0
1422250,3300,0,1,0
1422500,3297,0,1,0
1422750,3295,0,1,0
1423000,3294,0,1,0
1423250,3297,0,1,0
1423500,3294,0,1,0
1423750,3291,0,1,0
1424000,3292,1,1,0
1424250,3290,1,1,0
1424500,3292,0,1,0
1424750,3292,0,1,0
1425000,3292,0,1,1
1425250,3291,0,1,1
1425500,3286,0,1,1
1425750,3288,0,1,1
1426000,3291,0,1,1
1426250,3260,0,1,1
1426500,3251,0,1,1
1426750,3260,0,1,1
1427000,3263,0,1,1
1427250,3292,0,1,1
1427500,3287,0,1,1
1427750,3290,0,1,1
1428000,3288,0,1,1
1428250,3294,0,1,1
1428500,3295,0,1,1
1428750,3294,0,1,1
1429000,3293,0,1,1
1429250,3296,0,1,1
1429500,3295,0,1,1
1429750,3297,0,1,1
1430000,3299,1,1,1
1430250,3300,1,1,1
1430500,3297,0,1,1
1430750,3301,0,1,1
1431000,3298,0,1,1
1431250,3300,0,1,1
1431500,3305,0,1,1
1431750,3300,0,1,1
1432000,3302,0,1,1
1432250,3303,0,1,1
1432500,3303,0,1,1
1432750,3303,0,1,1
1433000,3305,0,1,1
1433250,3307,0,1,1
1433500,3307,0,1,1
1433750,3308,0,1,1
1434000,3306,0,1,1
1434250,3303,0,1,1
1434500,3303,0,1,1
1434750,3306,0,1,1
1435000,3302,0,1,1
1435250,3306,0,1,1
1435500,3300,0,1,0
1435750,3302,0,1,0
1436000,3305,1,1,0
1436250,3303,1,1,0
1436500,3299,0,1,0
1436750,3300,0,1,0
1437000,3304,0,1,0
1437250,3303,0,1,0
1437500,3298,0,1,0
1437750,3305,0,1,0
1438000,3304,0,1,0
1438250,3333,0,1,0
1438500,3338,0,1,0
1438750,3329,0,1,0
1439000,3328,0,1,0
1439250,3306,0,1,0
1439500,3305,0,1,0
1439750,3305,0,1,0
1440000,3304,0,1,1
1440250,3309,0,1,1
1440500,3310,0,1,1
1440750,3309,0,1,1
1441000,3306,0,1,1
1441250,3313,0,1,1
1441500,3308,0,1,1
1441750,3310,0,1,1
1442000,3314,1,1,1
1442250,3311,1,1,1
1442500,3313,0,1,1
1442750,3313,0,1,1
1443000,3310,0,1,1
1443250,3311,0,1,1
1443500,3309,0,1,1
1443750,3313,0,1,1
1444000,3307,0,1,1
1444250,3341,0,1,1
1444500,3340,0,1,0
1444750,3336,0,1,0
1445000,3328,0,1,0
1445250,3304,0,1,0
1445500,3307,0,1,0
1445750,3301,0,1,0
1446000,3305,0,1,0
1446250,3302,0,1,0
1446500,3301,0,1,0
1446750,3301,0,1,0
1447000,3298,0,1,0
1447250,3298,0,1,0
1447500,3298,0,1,0
1447750,3296,0,1,0
1448000,3297,1,1,0
1448250,3297,1,1,0
1448500,3294,0,1,0
1448750,3294,0,1,0
1449000,3291,0,1,0
1449250,3295,0,1,0
1449500,3294,0,1,0
1449750,3293,0,1,0
1450000,3292,0,1,0
1450250,3320,0,1,0
1450500,3327,0,1,0
1450750,3322,0,1,0
1451000,3316,0,1,0
1451250,3294,0,1,0
1451500,3294,0,1,0
1451750,3296,0,1,0
1452000,3299,0,1,0
1452250,3299,0,1,0
1452500,3299,0,1,0
1452750,3294,0,1,0
1453000,3294,0,1,0
1453250,3298,0,1,0
1453500,3299,0,1,0
1453750,3297,0,1,0
1454000,3301,1,1,0
1454250,3299,1,1,0
1454500,3294,0,1,0
1454750,3296,0,1,0
1455000,3297,0,1,1
1455250,3295,0,1,1
1455500,3296,0,1,1
1455750,3295,0,1,1
1456000,3292,0,1,1
1456250,3292,0,1,1
1456500,3291,0,1,1
1456750,3273,0,1,1
1457000,3274,0,1,1
1457250,3269,0,1,1
1457500,3290,0,1,1
1457750,3293,0,1,1
1458000,3293,0,1,1
1458250,3291,0,1,1
1458500,3293,0,1,1
1458750,3291,0,1,1
1459000,3288,0,1,1
1459250,3290,0,1,1
1459500,3293,0,1,1
1459750,3289,0,1,1
1460000,3292,1,1,1
1460250,3290,1,1,1
1460500,3296,0,1,1
1460750,3297,0,1,1
1461000,3297,0,1,1
1461250,3293,0,1,1
1461500,3295,0,1,1
1461750,3295,0,1,1
1462000,3298,0,1,1
1462250,3299,0,1,1
1462500,3298,0,1,1
1462750,3299,0,1,1
1463000,3300,0,1,1
1463250,3301,0,1,1
1463500,3305,0,1,1
1463750,3303,0,1,1
1464000,3307,0,1,1
1464250,3305,0,1,1
1464500,3311,0,1,1
1464750,3311,0,1,1
1465000,3310,0,1,1
1465250,3307,0,1,1
1465500,3310,0,1,0
1465750,3312,0,1,0
1466000,3310,1,1,0
1466250,3310,1,1,0
1466500,3312,0,1,0
1466750,3309,0,1,0
1467000,3308,0,1,0
1467250,3308,0,1,0
1467500,3305,0,1,0
1467750,3308,0,1,0
1468000,3305,0,1,0
1468250,3279,0,1,0
1468500,3272,0,1,0
1468750,3274,0,1,0
1469000,3281,0,1,0
1469250,3305,0,1,0
1469500,3302,0,1,0
1469750,3306,0,1,0
1470000,3306,0,1,1
1470250,3303,0,1,1
1470500,3305,0,1,1
1470750,3301,0,1,1
1471000,3300,0,1,1
1471250,3302,0,1,1
1471500,3302,0,1,1
1471750,3306,0,1,1
1472000,3304,1,1,1
1472250,3300,1,1,1
1472500,3306,0,1,1
1472750,3305,0,1,1
1473000,3303,0,1,1
1473250,3308,0,1,1
1473500,3305,0,1,1
1473750,3305,0,1,1
1474000,3303,0,1,1
1474250,3308,0,1,1
1474500,3304,0,1,0
1474750,3305,0,1,0
1475000,3305,0,1,0
1475250,3305,0,1,0
1475500,3308,0,1,0
1475750,3305,0,1,0
1476000,3310,0,1,0
1476250,3309,0,1,0
1476500,3306,0,1,0
1476750,3307,0,1,0
1477000,3306,0,1,0
1477250,3306,0,1,0
1477500,3303,0,1,0
1477750,3305,0,1,0
1478000,3298,1,1,0
1478250,3300,1,1,0
1478500,3301,0,1,0
1478750,3302,0,1,0
1479000,3294,0,1,0
1479250,3296,0,1,0
1479500,3294,0,1,0
1479750,3294,0,1,0
1480000,3293,0,1,0
1480250,3322,0,1,0
1480500,3325,0,1,0
1480750,3322,0,1,0
1481000,3313,0,1,0
1481250,3290,0,1,0
1481500,3288,0,1,0
1481750,3290,0,1,0
1482000,3287,0,1,0
1482250,3290,0,1,0
1482500,3287,0,1,0
1482750,3288,0,1,0
1483000,3286,0,1,0
1483250,3292,0,1,0
1483500,3293,0,1,0
1483750,3292,0,1,0
1484000,3293,1,1,0
1484250,3289,1,1,0
1484500,3291,0,1,0
1484750,3295,0,1,0
1485000,3296,0,1,1
1485250,3298,0,1,1
1485500,3298,0,1,1
1485750,3298,0,1,1
1486000,3294,0,1,1
1486250,3296,0,1,1
1486500,3301,0,1,1
1486750,3298,0,1,1
1487000,3298,0,1,1
1487250,3299,0,1,1
1487500,3299,0,1,1
1487750,3302,0,1,1
1488000,3300,0,1,1
1488250,3299,0,1,1
1488500,3295,0,1,1
1488750,3298,0,1,1
1489000,3297,0,1,1
1489250,3295,0,1,1
1489500,3296,0,1,0
1489750,3300,0,1,0
1490000,3297,1,1,0
1490250,3294,1,1,0
1490500,3293,0,1,0
1490750,3298,0,1,0
1491000,3292,0,1,0
1491250,3298,0,1,0
1491500,3293,0,1,0
1491750,3297,0,1,0
1492000,3292,0,1,0
1492250,3298,0,1,0
1492500,3295,0,1,0
1492750,3298,0,1,0
1493000,3298,0,1,0
1493250,3297,0,1,0
1493500,3301,0,1,0
1493750,3302,0,1,0
1494000,3299,0,1,0
1494250,3303,0,1,0
1494500,3304,0,1,0
1494750,3302,0,1,0
1495000,3301,0,1,0
1495250,3302,0,1,0
1495500,3305,0,1,0
1495750,3305,0,1,0
1496000,3305,1,1,0
1496250,3306,1,1,0
1496500,3309,0,1,0
1496750,3307,0,1,0
1497000,3308,0,1,0
1497250,3311,0,1,0
1497500,3313,0,1,0
1497750,3310,0,1,0
1498000,3310,0,1,0
1498250,3313,0,1,0
1498500,3315,0,1,0
1498750,3312,0,1,0
1499000,3312,0,1,0
1499250,3314,0,1,0
1499500,3313,0,1,0
1499750,3310,0,1,0
1500000,3307,0,1,1
1500250,3307,0,1,1
1500500,3312,0,1,1
1500750,3305,0,1,1
1501000,3308,0,1,1
1501250,3307,0,1,1
1501500,3308,0,1,1
1501750,3307,0,1,1
1502000,3301,1,1,1
1502250,3306,1,1,1
1502500,3300,0,1,1
1502750,3299,0,1,1
1503000,3298,0,1,1
1503250,3301,0,1,1
1503500,3300,0,1,1
1503750,3302,0,1,1
1504000,3302,0,1,1
1504250,3298,0,1,1
1504500,3300,0,1,0
1504750,3300,0,1,0
1505000,3303,0,1,0
1505250,3301,0,1,0
1505500,3301,0,1,0
1505750,3298,0,1,0
1506000,3303,0,1,0
1506250,3302,0,1,0
1506500,3299,0,1,0
1506750,3302,0,1,0
1507000,3303,0,1,0
1507250,3303,0,1,0
1507500,3300,0,1,0
1507750,3300,0,1,0
1508000,3302,1,1,0
1508250,3304,1,1,0
1508500,3303,0,1,0
1508750,3299,0,1,0
1509000,3299,0,1,0
1509250,3301,0,1,0
1509500,3304,0,1,0
1509750,3298,0,1,0
1510000,3303,0,1,0
1510250,3300,0,1,0
1510500,3302,0,1,0
1510750,3296,0,1,0
1511000,3296,0,1,0
1511250,3294,0,1,0
1511500,3294,0,1,0
1511750,3296,0,1,0
1512000,3293,0,1,0
1512250,3295,0,1,0
1512500,3293,0,1,0
1512750,3291,0,1,0
1513000,3292,0,1,0
1513250,3287,0,1,0
1513500,3289,0,1,0
1513750,3289,0,1,0
1514000,3289,1,1,0
1514250,3291,1,1,0
1514500,3285,0,1,0
1514750,3286,0,1,0
1515000,3291,0,1,1
1515250,3286,0,1,1
1515500,3288,0,1,1
1515750,3290,0,1,1
1516000,3292,0,1,1
1516250,3289,0,1,1
1516500,3289,0,1,1
1516750,3289,0,1,1
1517000,3291,0,1,1
1517250,3295,0,1,1
1517500,3293,0,1,1
1517750,3298,0,1,1
1518000,3299,0,1,1
1518250,3300,0,1,1
1518500,3296,0,1,1
1518750,3298,0,1,1
1519000,3300,0,1,1
1519250,3301,0,1,1
1519500,3301,0,1,1
1519750,3304,0,1,1
1520000,3302,1,1,1
1520250,3300,1,1,1
1520500,3304,0,1,1
1520750,3304,0,1,1
1521000,3300,0,1,1
1521250,3303,0,1,1
1521500,3304,0,1,1
1521750,3301,0,1,1
1522000,3301,0,1,1
1522250,3301,0,1,1
1522500,3303,0,1,1
1522750,3300,0,1,1
1523000,3301,0,1,1
1523250,3297,0,1,1
1523500,3297,0,1,1
1523750,3301,0,1,1
1524000,3302,0,1,1
1524250,3300,0,1,1
1524500,3300,0,1,1
1524750,3300,0,1,1
1525000,3302,0,1,1
1525250,3303,0,1,1
1525500,3297,0,1,0
1525750,3300,0,1,0
1526000,3303,1,1,0
1526250,3303,1,1,0
1526500,3302,0,1,0
1526750,3299,0,1,0
1527000,3302,0,1,0
1527250,3304,0,1,0
1527500,3303,0,1,0
1527750,3305,0,1,0
1528000,3308,0,1,0
1528250,3309,0,1,0
1528500,3309,0,1,0
1528750,3310,0,1,0
1529000,3312,0,1,0
1529250,3313,0,1,0
1529500,3307,0,1,0
1529750,3312,0,1,0
1530000,3313,0,1,1
1530250,3313,0,1,1
1530500,3315,0,1,1
1530750,3315,0,1,1
1531000,3312,0,1,1
1531250,3312,0,1,1
1531500,3309,0,1,1
1531750,3309,0,1,1
1532000,3309,1,1,1
1532250,3307,1,1,1
1532500,3308,0,1,1
1532750,3307,0,1,1
1533000,3309,0,1,1
1533250,3306,0,1,1
1533500,3304,0,1,1
1533750,3307,0,1,1
1534000,3302,0,1,1
1534250,3272,0,1,1
1534500,3270,0,1,1
1534750,3270,0,1,1
1535000,3275,0,1,1
1535250,3303,0,1,1
1535500,3300,0,1,1
1535750,3296,0,1,1
1536000,3301,0,1,1
1536250,3295,0,1,1
1536500,3297,0,1,1
1536750,3293,0,1,1
1537000,3295,0,1,1
1537250,3293,0,1,1
1537500,3293,0,1,1
1537750,3296,0,1,1
1538000,3295,1,1,1
1538250,3296,1,1,1
1538500,3293,0,1,1
1538750,3297,0,1,1
1539000,3298,0,1,1
1539250,3295,0,1,1
1539500,3299,0,1,1
1539750,3295,0,1,1
1540000,3301,0,1,1
1540250,3300,0,1,1
1540500,3296,0,1,0
1540750,3298,0,1,0
1541000,3300,0,1,0
1541250,3296,0,1,0
1541500,3298,0,1,0
1541750,3298,0,1,0
1542000,3297,0,1,0
1542250,3297,0,1,0
1542500,3295,0,1,0
1542750,3298,0,1,0
1543000,3295,0,1,0
1543250,3294,0,1,0
1543500,3298,0,1,0
1543750,3296,0,1,0
1544000,3295,1,1,0
1544250,3295,1,1,0
1544500,3291,0,1,0
1544750,3293,0,1,0
1545000,3291,0,1,1
1545250,3290,0,1,1
1545500,3292,0,1,1
1545750,3293,0,1,1
1546000,3293,0,1,1
1546250,3290,0,1,1
1546500,3288,0,1,1
1546750,3286,0,1,1
1547000,3291,0,1,1
1547250,3291,0,1,1
1547500,3290,0,1,1
1547750,3290,0,1,1
1548000,3291,0,1,1
1548250,3289,0,1,1
1548500,3291,0,1,1
1548750,3290,0,1,1
1549000,3292,0,1,1
1549250,3291,0,1,1
1549500,3295,0,1,1
1549750,3298,0,1,1
1550000,3298,1,1,1
1550250,3295,1,1,1
1550500,3295,0,1,1
1550750,3302,0,1,1
1551000,3302,0,1,1
1551250,3302,0,1,1
1551500,3300,0,1,1
1551750,3306,0,1,1
1552000,3304,0,1,1
1552250,3273,0,1,1
1552500,3271,0,1,1
1552750,3276,0,1,1
1553000,3285,0,1,1
1553250,3310,0,1,1
1553500,3304,0,1,1
1553750,3306,0,1,1
1554000,3310,0,1,1
1554250,3306,0,1,1
1554500,3306,0,1,1
1554750,3308,0,1,1
1555000,3305,0,1,1
1555250,3303,0,1,1
1555500,3308,0,1,0
1555750,3307,0,1,0
1556000,3307,1,1,0
1556250,3303,1,1,0
1556500,3304,0,1,0
1556750,3302,0,1,0
1557000,3306,0,1,0
1557250,3304,0,1,0
1557500,3305,0,1,0
1557750,3303,0,1,0
1558000,3305,0,1,0
1558250,3301,0,1,0
1558500,3302,0,1,0
1558750,3300,0,1,0
1559000,3300,0,1,0
1559250,3302,0,1,0
1559500,3305,0,1,0
1559750,3305,0,1,0
1560000,3305,0,1,1
1560250,3307,0,1,1
1560500,3307,0,1,1
1560750,3303,0,1,1
1561000,3306,0,1,1
1561250,3304,0,1,1
1561500,3308,0,1,1
1561750,3306,0,1,1
1562000,3310,1,1,1
1562250,3308,1,1,1
1562500,3312,0,1,1
1562750,3307,0,1,1
1563000,3312,0,1,1
1563250,3311,0,1,1
1563500,3308,0,1,1
1563750,3311,0,1,1
1564000,3311,0,1,1
1564250,3337,0,1,1
1564500,3343,0,1,0
1564750,3334,0,1,0
1565000,3334,0,1,0
1565250,3303,0,1,0
1565500,3303,0,1,0
1565750,3302,0,1,0
1566000,3306,0,1,0
1566250,3301,0,1,0
1566500,3304,0,1,0
1566750,3303,0,1,0
1567000,3302,0,1,0
1567250,3302,0,1,0
1567500,3295,0,1,0
1567750,3295,0,1,0
1568000,3293,1,1,0
1568250,3298,1,1,0
1568500,3293,0,1,0
1568750,3290,0,1,0
1569000,3295,0,1,0
1569250,3292,0,1,0
1569500,3289,0,1,0
1569750,3288,0,1,0
1570000,3294,0,1,0
1570250,3294,0,1,0
1570500,3291,0,1,0
1570750,3289,0,1,0
1571000,3294,0,1,0
1571250,3294,0,1,0
1571500,3290,0,1,0
1571750,3294,0,1,0
1572000,3291,0,1,0
1572250,3294,0,1,0
1572500,3296,0,1,0
1572750,3292,0,1,0
1573000,3294,0,1,0
1573250,3294,0,1,0
1573500,3294,0,1,0
1573750,3298,0,1,0
1574000,3298,1,1,0
1574250,3300,1,1,0
1574500,3295,0,1,0
1574750,3300,0,1,0
1575000,3299,0,1,1
1575250,3297,0,1,1
1575500,3299,0,1,1
1575750,3297,0,1,1
1576000,3299,0,1,1
1576250,3300,0,1,1
1576500,3295,0,1,1
1576750,3294,0,1,1
1577000,3293,0,1,1
1577250,3294,0,1,1
1577500,3293,0,1,1
1577750,3294,0,1,1
1578000,3293,0,1,1
1578250,3291,0,1,1
1578500,3293,0,1,1
1578750,3296,0,1,1
1579000,3290,0,1,1
1579250,3295,0,1,1
1579500,3295,0,1,1
1579750,3293,0,1,1
1580000,3293,1,1,1
1580250,3296,1,1,1
1580500,3291,0,1,1
1580750,3295,0,1,1
1581000,3294,0,1,1
1581250,3292,0,1,1
1581500,3297,0,1,1
1581750,3293,0,1,1
1582000,3298,0,1,1
1582250,3298,0,1,1
1582500,3302,0,1,1
1582750,3300,0,1,1
1583000,3301,0,1,1
1583250,3305,0,1,1
1583500,3305,0,1,1
1583750,3303,0,1,1
1584000,3304,0,1,1
1584250,3309,0,1,1
1584500,3308,0,1,1
1584750,3308,0,1,1
1585000,3306,0,1,1
1585250,3311,0,1,1
1585500,3309,0,1,0
1585750,3309,0,1,0
1586000,3311,1,1,0
1586250,3313,1,1,0
1586500,3314,0,1,0
1586750,3311,0,1,0
1587000,3308,0,1,0
1587250,3308,0,1,0
1587500,3308,0,1,0
1587750,3312,0,1,0
1588000,3313,0,1,0
1588250,3336,0,1,0
1588500,3339,0,1,0
1588750,3337,0,1,0
1589000,3334,0,1,0
1589250,3309,0,1,0
1589500,3304,0,1,0
1589750,3304,0,1,0
1590000,3304,0,1,1
1590250,3303,0,1,1
1590500,3303,0,1,1
1590750,3306,0,1,1
1591000,3303,0,1,1
1591250,3299,0,1,1
1591500,3302,0,1,1
1591750,3301,0,1,1
1592000,3298,1,1,1
1592250,3299,1,1,1
1592500,3302,0,1,1
1592750,3303,0,1,1
1593000,3302,0,1,1
1593250,3304,0,1,1
1593500,3305,0,1,1
1593750,3305,0,1,1
1594000,3306,0,1,1
1594250,3302,0,1,1
1594500,3307,0,1,0
1594750,3304,0,1,0
1595000,3306,0,1,0
1595250,3302,0,1,0
1595500,3302,0,1,0
1595750,3305,0,1,0
1596000,3303,0,1,0
1596250,3306,0,1,0
1596500,3302,0,1,0
1596750,3301,0,1,0
1597000,3302,0,1,0
1597250,3303,0,1,0
1597500,3306,0,1,0
1597750,3299,0,1,0
1598000,3304,1,1,0
1598250,3299,1,1,0
1598500,3297,0,1,0
1598750,3302,0,1,0
1599000,3300,0,1,0
1599250,3300,0,1,0
1599500,3297,0,1,0
1599750,3296,0,1,0
1600000,3298,0,1,0
1600250,3294,0,1,0
1600500,3291,0,1,0
1600750,3292,0,1,0
1601000,3292,0,1,0
1601250,3290,0,1,0
1601500,3289,0,1,0
1601750,3290,0,1,0
1602000,3292,0,1,0
1602250,3285,0,1,0
1602500,3291,0,1,0
1602750,3286,0,1,0
1603000,3289,0,1,0
1603250,3289,0,1,0
1603500,3287,0,1,0
1603750,3292,0,1,0
1604000,3291,1,1,0
1604250,3288,1,1,0
1604500,3287,0,1,0
1604750,3293,0,1,0
1605000,3290,0,1,1
1605250,3289,0,1,1
1605500,3296,0,1,1
1605750,3292,0,1,1
1606000,3295,0,1,1
1606250,3296,0,1,1
1606500,3294,0,1,1
1606750,3297,0,1,1
1607000,3301,0,1,1
1607250,3299,0,1,1
1607500,3296,0,1,1
1607750,3297,0,1,1
1608000,3298,0,1,1
1608250,3297,0,1,1
1608500,3299,0,1,1
1608750,3297,0,1,1
1609000,3298,0,1,1
1609250,3298,0,1,1
1609500,3298,0,1,1
1609750,3303,0,1,1
1610000,3297,1,1,1
1610250,3303,1,1,1
1610500,3303,0,1,1
1610750,3301,0,1,1
1611000,3296,0,1,1
1611250,3298,0,1,1
1611500,3297,0,1,1
1611750,3296,0,1,1
1612000,3295,0,1,1
1612250,3296,0,1,1
1612500,3301,0,1,1
1612750,3300,0,1,1
1613000,3301,0,1,1
1613250,3299,0,1,1
1613500,3300,0,1,1
1613750,3298,0,1,1
1614000,3301,0,1,1
1614250,3300,0,1,1
1614500,3298,0,1,1
1614750,3297,0,1,1
1615000,3301,0,1,1
1615250,3305,0,1,1
1615500,3304,0,1,0
1615750,3306,0,1,0
1616000,3308,1,1,0
1616250,3307,1,1,0
1616500,3304,0,1,0
1616750,3306,0,1,0
1617000,3308,0,1,0
1617250,3307,0,1,0
1617500,3309,0,1,0
1617750,3313,0,1,0
1618000,3308,0,1,0
1618250,3343,0,1,0
1618500,3345,0,1,0
1618750,3342,0,1,0
1619000,3334,0,1,0
1619250,3313,0,1,0
1619500,3313,0,1,0
1619750,3311,0,1,0
1620000,3315,0,1,1
1620250,3314,0,1,1
1620500,3308,0,1,1
1620750,3311,0,1,1
1621000,3310,0,1,1
1621250,3310,0,1,1
1621500,3307,0,1,1
1621750,3305,0,1,1
1622000,3305,1,1,1
1622250,3307,1,1,1
1622500,3307,0,1,1
1622750,3305,0,1,1
1623000,3301,0,1,1
1623250,3298,0,1,1
1623500,3298,0,1,1
1623750,3302,0,1,1
1624000,3302,0,1,1
1624250,3296,0,1,1
1624500,3302,0,1,1
1624750,3296,0,1,1
1625000,3300,0,1,1
1625250,3295,0,1,1
1625500,3297,0,1,1
1625750,3299,0,1,1
1626000,3299,0,1,1
1626250,3295,0,1,1
1626500,3298,0,1,1
1626750,3300,0,1,1
1627000,3302,0,1,1
1627250,3298,0,1,1
1627500,3296,0,1,1
1627750,3301,0,1,1
1628000,3300,1,1,1
1628250,3299,1,1,1
1628500,3301,0,1,1
1628750,3299,0,1,1
1629000,3301,0,1,1
1629250,3298,0,1,1
1629500,3303,0,1,1
1629750,3297,0,1,1
1630000,3299,0,1,1
1630250,3300,0,1,1
1630500,3301,0,1,0
1630750,3296,0,1,0
1631000,3300,0,1,0
1631250,3299,0,1,0
1631500,3295,0,1,0
1631750,3296,0,1,0
1632000,3297,0,1,0
1632250,3296,0,1,0
1632500,3296,0,1,0
1632750,3293,0,1,0
1633000,3290,0,1,0
1633250,3292,0,1,0
1633500,3293,0,1,0
1633750,3291,0,1,0
1634000,3292,1,1,0
1634250,3287,1,1,0
1634500,3287,0,1,0
1634750,3289,0,1,0
1635000,3286,0,1,1
1635250,3289,0,1,1
1635500,3287,0,1,1
1635750,3286,0,1,1
1636000,3315,0,1,1
1636250,3311,0,1,1
1636500,3314,0,1,1
1636750,3292,0,1,1
1637000,3290,0,1,1
1637250,3290,0,1,1
1637500,3295,0,1,1
1637750,3296,0,1,1
1638000,3294,0,1,1
1638250,3296,0,1,1
1638500,3297,0,1,1
1638750,3295,0,1,1
1639000,3298,0,1,1
1639250,3300,0,1,1
1639500,3301,0,1,1
1639750,3301,0,1,1
1640000,3299,1,1,1
1640250,3299,1,1,1
1640500,3306,0,1,1
1640750,3302,0,1,1
1641000,3302,0,1,1
1641250,3301,0,1,1
1641500,3301,0,1,1
1641750,3302,0,1,1
1642000,3305,0,1,1
1642250,3274,0,1,1
1642500,3272,0,1,1
1642750,3275,0,1,1
1643000,3280,0,1,1
1643250,3302,0,1,1
1643500,3303,0,1,1
1643750,3300,0,1,1
1644000,3302,0,1,1
1644250,3300,0,1,1
1644500,3304,0,1,1
1644750,3303,0,1,1
1645000,3300,0,1,1
1645250,3303,0,1,1
1645500,3304,0,1,0
1645750,3302,0,1,0
1646000,3298,1,1,0
1646250,3302,1,1,0
1646500,3302,0,1,0
1646750,3299,0,1,0
1647000,3300,0,1,0
1647250,3303,0,1,0
1647500,3305,0,1,0
1647750,3303,0,1,0
1648000,3307,0,1,0
1648250,3278,0,1,0
1648500,3268,0,1,0
1648750,3274,0,1,0
1649000,3283,0,1,0
1649250,3310,0,1,0
1649500,3305,0,1,0
1649750,3312,0,1,0
1650000,3308,0,1,1
1650250,3313,0,1,1
1650500,3307,0,1,1
1650750,3314,0,1,1
1651000,3309,0,1,1
1651250,3313,0,1,1
1651500,3309,0,1,1
1651750,3313,0,1,1
1652000,3308,1,1,1
1652250,3314,1,1,1
1652500,3311,0,1,1
1652750,3313,0,1,1
1653000,3310,0,1,1
1653250,3311,0,1,1
1653500,3307,0,1,1
1653750,3310,0,1,1
1654000,3303,0,1,1
1654250,3273,0,1,1
1654500,3268,0,1,1
1654750,3273,0,1,1
1655000,3276,0,1,1
1655250,3301,0,1,1
1655500,3301,0,1,1
1655750,3300,0,1,1
1656000,3301,0,1,1
1656250,3297,0,1,1
1656500,3295,0,1,1
1656750,3298,0,1,1
1657000,3294,0,1,1
1657250,3291,0,1,1
1657500,3297,0,1,1
1657750,3293,0,1,1
1658000,3296,1,1,1
1658250,3290,1,1,1
1658500,3293,0,1,1
1658750,3296,0,1,1
1659000,3295,0,1,1
1659250,3292,0,1,1
1659500,3293,0,1,1
1659750,3297,0,1,1
1660000,3295,0,1,1
1660250,3296,0,1,1
1660500,3295,0,1,0
1660750,3293,0,1,0
1661000,3295,0,1,0
1661250,3293,0,1,0
1661500,3300,0,1,0
1661750,3294,0,1,0
1662000,3294,0,1,0
1662250,3298,0,1,0
1662500,3296,0,1,0
1662750,3297,0,1,0
1663000,3299,0,1,0
1663250,3297,0,1,0
1663500,3295,0,1,0
1663750,3300,0,1,0
1664000,3300,1,1,0
1664250,3295,1,1,0
1664500,3295,0,1,0
1664750,3298,0,1,0
1665000,3298,0,1,1
1665250,3296,0,1,1
1665500,3293,0,1,1
1665750,3290,0,1,1
1666000,3295,0,1,1
1666250,3292,0,1,1
1666500,3292,0,1,1
1666750,3293,0,1,1
1667000,3294,0,1,1
1667250,3291,0,1,1
1667500,3290,0,1,1
1667750,3292,0,1,1
1668000,3292,0,1,1
1668250,3288,0,1,1
1668500,3289,0,1,1
1668750,3294,0,1,1
1669000,3295,0,1,1
1669250,3292,0,1,1
1669500,3294,0,1,1
1669750,3297,0,1,1
1670000,3297,1,1,1
1670250,3293,1,1,1
1670500,3298,0,1,1
1670750,3297,0,1,1
1671000,3299,0,1,1
1671250,3297,0,1,1
1671500,3298,0,1,1
1671750,3298,0,1,1
1672000,3301,0,1,1
1672250,3335,0,1,1
1672500,3336,0,1,1
1672750,3333,0,1,1
1673000,3333,0,1,1
1673250,3308,0,1,1
1673500,3311,0,1,1
1673750,3308,0,1,1
1674000,3311,0,1,1
1674250,3310,0,1,1
1674500,3311,0,1,1
1674750,3312,0,1,1
1675000,3312,0,1,1
1675250,3312,0,1,1
1675500,3307,0,1,0
1675750,3306,0,1,0
1676000,3306,1,1,0
1676250,3306,1,1,0
1676500,3307,0,1,0
1676750,3309,0,1,0
1677000,3304,0,1,0
1677250,3304,0,1,0
1677500,3305,0,1,0
1677750,3302,0,1,0
1678000,3304,0,1,0
1678250,3305,0,1,0
1678500,3301,0,1,0
1678750,3306,0,1,0
1679000,3300,0,1,0
1679250,3306,0,1,0
1679500,3304,0,1,0
1679750,3301,0,1,0
1680000,3301,0,1,1
1680250,3301,0,1,1
1680500,3300,0,1,1
1680750,3304,0,1,1
1681000,3301,0,1,1
1681250,3307,0,1,1
1681500,3304,0,1,1
1681750,3301,0,1,1
1682000,3305,1,1,1
1682250,3306,1,1,1
1682500,3303,0,1,1
1682750,3304,0,1,1
1683000,3303,0,1,1
1683250,3304,0,1,1
1683500,3308,0,1,1
1683750,3308,0,1,1
1684000,3308,0,1,1
1684250,3275,0,1,1
1684500,3276,0,1,0
1684750,3281,0,1,0
1685000,3282,0,1,0
1685250,3309,0,1,0
1685500,3307,0,1,0
1685750,3308,0,1,0
1686000,3301,0,1,0
1686250,3303,0,1,0
1686500,3305,0,1,0
1686750,3301,0,1,0
1687000,3301,0,1,0
1687250,3297,0,1,0
1687500,3298,0,1,0
1687750,3298,0,1,0
1688000,3298,1,1,0
1688250,3293,1,1,0
1688500,3297,0,1,0
1688750,3297,0,1,0
1689000,3291,0,1,0
1689250,3292,0,1,0
1689500,3290,0,1,0
1689750,3292,0,1,0
1690000,3291,0,1,0
1690250,3291,0,1,0
1690500,3292,0,1,0
1690750,3288,0,1,0
1691000,3290,0,1,0
1691250,3291,0,1,0
1691500,3286,0,1,0
1691750,3289,0,1,0
1692000,3293,0,1,0
1692250,3291,0,1,0
1692500,3291,0,1,0
1692750,3289,0,1,0
1693000,3295,0,1,0
1693250,3290,0,1,0
1693500,3296,0,1,0
1693750,3296,0,1,0
1694000,3295,1,1,0
1694250,3298,1,1,0
1694500,3295,0,1,0
1694750,3299,0,1,0
1695000,3295,0,1,1
1695250,3299,0,1,1
1695500,3298,0,1,1
1695750,3295,0,1,1
1696000,3298,0,1,1
1696250,3299,0,1,1
1696500,3300,0,1,1
1696750,3296,0,1,1
1697000,3297,0,1,1
1697250,3301,0,1,1
1697500,3298,0,1,1
1697750,3298,0,1,1
1698000,3296,0,1,1
1698250,3294,0,1,1
1698500,3299,0,1,1
1698750,3296,0,1,1
1699000,3293,0,1,1
1699250,3293,0,1,1
1699500,3298,0,1,1
1699750,3294,0,1,1
1700000,3297,1,1,1
1700250,3297,1,1,1
1700500,3294,0,1,1
1700750,3293,0,1,1
1701000,3297,0,1,1
1701250,3299,0,1,1
1701500,3295,0,1,1
1701750,3294,0,1,1
1702000,3296,0,1,1
1702250,3300,0,1,1
1702500,3299,0,1,1
1702750,3296,0,1,1
1703000,3299,0,1,1
1703250,3301,0,1,1
1703500,3299,0,1,1
1703750,3303,0,1,1
1704000,3306,0,1,1
1704250,3305,0,1,1
1704500,3303,0,1,1
1704750,3309,0,1,1
1705000,3307,0,1,1
1705250,3306,0,1,1
1705500,3306,0,1,0
1705750,3308,0,1,0
1706000,3308,1,1,0
1706250,3314,1,1,0
1706500,3314,0,1,0
1706750,3310,0,1,0
1707000,3311,0,1,0
1707250,3312,0,1,0
1707500,3309,0,1,0
1707750,3314,0,1,0
1708000,3310,0,1,0
1708250,3313,0,1,0
1708500,3308,0,1,0
1708750,3310,0,1,0
1709000,3312,0,1,0
1709250,3311,0,1,0
1709500,3311,0,1,0
1709750,3306,0,1,0
1710000,3308,0,1,1
1710250,3309,0,1,1
1710500,3303,0,1,1
1710750,3303,0,1,1
1711000,3300,0,1,1
1711250,3305,0,1,1
1711500,3300,0,1,1
1711750,3304,0,1,1
1712000,3299,1,1,1
1712250,3299,1,1,1
1712500,3303,0,1,1
1712750,3299,0,1,1
1713000,3300,0,1,1
1713250,3298,0,1,1
1713500,3302,0,1,1
1713750,3303,0,1,1
1714000,3298,0,1,1
1714250,3302,0,1,1
1714500,3300,0,1,0
1714750,3298,0,1,0
1715000,3303,0,1,0
1715250,3299,0,1,0
1715500,3300,0,1,0
1715750,3302,0,1,0
1716000,3305,0,1,0
1716250,3303,0,1,0
1716500,3303,0,1,0
1716750,3301,0,1,0
1717000,3303,0,1,0
1717250,3302,0,1,0
1717500,3304,0,1,0
1717750,3303,0,1,0
1718000,3300,1,1,0
1718250,3302,1,1,0
1718500,3297,0,1,0
1718750,3300,0,1,0
1719000,3301,0,1,0
1719250,3297,0,1,0
1719500,3297,0,1,0
1719750,3295,0,1,0
1720000,3300,0,1,0
1720250,3293,0,1,0
1720500,3292,0,1,0
1720750,3296,0,1,0
1721000,3294,0,1,0
1721250,3289,0,1,0
1721500,3288,0,1,0
1721750,3294,0,1,0
1722000,3288,0,1,0
1722250,3292,0,1,0
1722500,3290,0,1,0
1722750,3288,0,1,0
1723000,3291,0,1,0
1723250,3289,0,1,0
1723500,3291,0,1,0
1723750,3289,0,1,0
1724000,3291,1,1,0
1724250,3290,1,1,0
1724500,3285,0,1,0
1724750,3289,0,1,0
1725000,3290,0,1,1
1725250,3287,0,1,1
1725500,3293,0,1,1
1725750,3292,0,1,1
1726000,3295,0,1,1
1726250,3297,0,1,1
1726500,3297,0,1,1
1726750,3297,0,1,1
1727000,3299,0,1,1
1727250,3296,0,1,1
1727500,3298,0,1,1
1727750,3296,0,1,1
1728000,3303,0,1,1
1728250,3297,0,1,1
1728500,3299,0,1,1
1728750,3299,0,1,1
1729000,3304,0,1,1
1729250,3305,0,1,1
1729500,3300,0,1,1
1729750,3299,0,1,1
1730000,3303,1,1,1
1730250,3303,1,1,1
1730500,3301,0,1,1
1730750,3303,0,1,1
1731000,3302,0,1,1
1731250,3300,0,1,1
1731500,3304,0,1,1
1731750,3304,0,1,1
1732000,3299,0,1,1
1732250,3301,0,1,1
1732500,3303,0,1,1
1732750,3302,0,1,1
1733000,3297,0,1,1
1733250,3303,0,1,1
1733500,3300,0,1,1
1733750,3302,0,1,1
1734000,3300,0,1,1
1734250,3298,0,1,1
1734500,3301,0,1,1
1734750,3299,0,1,1
1735000,3298,0,1,1
1735250,3301,0,1,1
1735500,3302,0,1,0
1735750,3301,0,1,0
1736000,3301,1,1,0
1736250,3305,1,1,0
1736500,3305,0,1,0
1736750,3304,0,1,0
1737000,3303,0,1,0
1737250,3309,0,1,0
1737500,3309,0,1,0
1737750,3308,0,1,0
1738000,3306,0,1,0
1738250,3281,0,1,0
1738500,3280,0,1,0
1738750,3283,0,1,0
1739000,3286,0,1,0
1739250,3315,0,1,0
1739500,3313,0,1,0
1739750,3314,0,1,0
1740000,3310,0,1,1
1740250,3312,0,1,1
1740500,3310,0,1,1
1740750,3310,0,1,1
1741000,3313,0,1,1
1741250,3309,0,1,1
1741500,3310,0,1,1
1741750,3307,0,1,1
1742000,3308,1,1,1
1742250,3306,1,1,1
1742500,3305,0,1,1
1742750,3303,0,1,1
1743000,3307,0,1,1
1743250,3304,0,1,1
1743500,3300,0,1,1
1743750,3299,0,1,1
1744000,3300,0,1,1
1744250,3302,0,1,1
1744500,3301,0,1,0
1744750,3296,0,1,0
1745000,3298,0,1,0
1745250,3299,0,1,0
1745500,3293,0,1,0
1745750,3299,0,1,0
1746000,3294,0,1,0
1746250,3298,0,1,0
1746500,3297,0,1,0
1746750,3297,0,1,0
1747000,3295,0,1,0
1747250,3295,0,1,0
1747500,3294,0,1,0
1747750,3295,0,1,0
1748000,3296,1,1,0
1748250,3299,1,1,0
1748500,3298,0,1,0
1748750,3296,0,1,0
1749000,3299,0,1,0
1749250,3296,0,1,0
1749500,3300,0,1,0
1749750,3296,0,1,0
1750000,3301,0,1,0
1750250,3297,0,1,0
1750500,3299,0,1,0
1750750,3299,0,1,0
1751000,3295,0,1,0
1751250,3298,0,1,0
1751500,3301,0,1,0
1751750,3295,0,1,0
1752000,3296,0,1,0
1752250,3295,0,1,0
1752500,3297,0,1,0
1752750,3292,0,1,0
1753000,3293,0,1,0
1753250,3294,0,1,0
1753500,3291,0,1,0
1753750,3291,0,1,0
1754000,3292,1,1,0
1754250,3289,1,1,0
1754500,3291,0,1,0
1754750,3289,0,1,0
1755000,3292,0,1,1
1755250,3288,0,1,1
1755500,3290,0,1,1
1755750,3290,0,1,1
1756000,3289,0,1,1
1756250,3290,0,1,1
1756500,3289,0,1,1
1756750,3292,0,1,1
1757000,3293,0,1,1
1757250,3290,0,1,1
1757500,3289,0,1,1
1757750,3290,0,1,1
1758000,3294,0,1,1
1758250,3295,0,1,1
1758500,3297,0,1,1
1758750,3298,0,1,1
1759000,3297,0,1,1
1759250,3301,0,1,1
1759500,3298,0,1,0
1759750,3299,0,1,0
1760000,3302,1,1,0
1760250,3302,1,1,0
1760500,3299,0,1,0
1760750,3305,0,1,0
1761000,3307,0,1,0
1761250,3308,0,1,0
1761500,3303,0,1,0
1761750,3304,0,1,0
1762000,3307,0,1,0
1762250,3306,0,1,0
1762500,3307,0,1,0
1762750,3306,0,1,0
1763000,3308,0,1,0
1763250,3309,0,1,0
1763500,3307,0,1,0
1763750,3306,0,1,0
1764000,3304,0,1,0
1764250,3305,0,1,0
1764500,3305,0,1,0
1764750,3306,0,1,0
1765000,3305,0,1,0
1765250,3304,0,1,0
1765500,3306,0,1,0
1765750,3304,0,1,0
1766000,3303,1,1,0
1766250,3304,1,1,0
1766500,3306,0,1,0
1766750,3304,0,1,0
1767000,3299,0,1,0
1767250,3302,0,1,0
1767500,3303,0,1,0
1767750,3302,0,1,0
1768000,3306,0,1,0
1768250,3275,0,1,0
1768500,3272,0,1,0
1768750,3272,0,1,0
1769000,3279,0,1,0
1769250,3308,0,1,0
1769500,3305,0,1,0
1769750,3308,0,1,0
1770000,3306,0,1,1
1770250,3310,0,1,1
1770500,3308,0,1,1
1770750,3305,0,1,1
1771000,3308,0,1,1
1771250,3312,0,1,1
1771500,3306,0,1,1
1771750,3311,0,1,1
1772000,3310,1,1,1
1772250,3309,1,1,1
1772500,3306,0,1,1
1772750,3308,0,1,1
1773000,3309,0,1,1
1773250,3306,0,1,1
1773500,3307,0,1,1
1773750,3309,0,1,1
1774000,3309,0,1,1
1774250,3308,0,1,1
1774500,3308,0,1,0
1774750,3279,0,1,0
1775000,3279,0,1,0
1775250,3278,0,1,0
1775500,3299,0,1,0
1775750,3300,0,1,0
1776000,3303,0,1,0
1776250,3300,0,1,0
1776500,3297,0,1,0
1776750,3296,0,1,0
1777000,3295,0,1,0
1777250,3294,0,1,0
1777500,3294,0,1,0
1777750,3295,0,1,0
1778000,3295,1,1,0
1778250,3292,1,1,0
1778500,3292,0,1,0
1778750,3292,0,1,0
1779000,3291,0,1,0
1779250,3294,0,1,0
1779500,3293,0,1,0
1779750,3288,0,1,0
1780000,3290,0,1,0
1780250,3294,0,1,0
1780500,3290,0,1,0
1780750,3289,0,1,0
1781000,3296,0,1,0
1781250,3292,0,1,0
1781500,3291,0,1,0
1781750,3296,0,1,0
1782000,3296,0,1,0
1782250,3298,0,1,0
1782500,3293,0,1,0
1782750,3298,0,1,0
1783000,3294,0,1,0
1783250,3299,0,1,0
1783500,3298,0,1,0
1783750,3295,0,1,0
1784000,3295,1,1,0
1784250,3298,1,1,0
1784500,3300,0,1,0
1784750,3294,0,1,0
1785000,3296,0,1,1
1785250,3300,0,1,1
1785500,3295,0,1,1
1785750,3299,0,1,1
1786000,3297,0,1,1
1786250,3295,0,1,1
1786500,3293,0,1,1
1786750,3292,0,1,1
1787000,3297,0,1,1
1787250,3296,0,1,1
1787500,3291,0,1,1
1787750,3295,0,1,1
1788000,3296,0,1,1
1788250,3295,0,1,1
1788500,3294,0,1,1
1788750,3295,0,1,1
1789000,3293,0,1,1
1789250,3296,0,1,1
1789500,3295,0,1,0
1789750,3296,0,1,0
1790000,3295,1,1,0
1790250,3292,1,1,0
1790500,3295,0,1,0
1790750,3296,0,1,0
1791000,3301,0,1,0
1791250,3301,0,1,0
1791500,3303,0,1,0
1791750,3299,0,1,0
1792000,3300,0,1,0
1792250,3334,0,1,0
1792500,3338,0,1,0
1792750,3336,0,1,0
1793000,3329,0,1,0
1793250,3308,0,1,0
1793500,3309,0,1,0
1793750,3311,0,1,0
1794000,3310,0,1,0
1794250,3311,0,1,0
1794500,3313,0,1,0
1794750,3311,0,1,0
1795000,3310,0,1,0
1795250,3313,0,1,0
1795500,3314,0,1,0
1795750,3314,0,1,0
1796000,3309,1,1,0
1796250,3313,1,1,0
1796500,3307,0,1,0
1796750,3311,0,1,0
1797000,3308,0,1,0
1797250,3310,0,1,0
1797500,3310,0,1,0
1797750,3308,0,1,0
1798000,3306,0,1,0
1798250,3305,0,1,0
1798500,3305,0,1,0
1798750,3306,0,1,0
1799000,3302,0,1,0
1799250,3306,0,1,0
1799500,3301,0,1,0
1799750,3302,0,1,0
1800000,3302,0,1,1
1800250,3301,0,1,1
1800500,3300,0,1,1
1800750,3304,0,1,1
1801000,3300,0,1,1
1801250,3301,0,1,1
1801500,3302,0,1,1
1801750,3303,0,1,1
1802000,3303,1,1,1
1802250,3300,1,1,1
1802500,3301,0,1,1
1802750,3302,0,1,1
1803000,3303,0,1,1
1803250,3302,0,1,1
1803500,3303,0,1,1
1803750,3303,0,1,1
1804000,3302,0,1,1
1804250,3306,0,1,1
1804500,3304,0,1,0
1804750,3303,0,1,0
1805000,3306,0,1,0
1805250,3307,0,1,0
1805500,3301,0,1,0
1805750,3307,0,1,0
1806000,3302,0,1,0
1806250,3303,0,1,0
1806500,3301,0,1,0
1806750,3305,0,1,0
1807000,3301,0,1,0
1807250,3301,0,1,0
1807500,3299,0,1,0
1807750,3303,0,1,0
1808000,3301,1,1,0
1808250,3296,1,1,0
1808500,3298,0,1,0
1808750,3297,0,1,0
1809000,3297,0,1,0
1809250,3294,0,1,0
1809500,3292,0,1,0
1809750,3293,0,1,0
1810000,3292,0,1,0
1810250,3292,0,1,0
1810500,3286,0,1,0
1810750,3292,0,1,0
1811000,3287,0,1,0
1811250,3290,0,1,0
1811500,3290,0,1,0
1811750,3289,0,1,0
1812000,3290,0,1,0
1812250,3286,0,1,0
1812500,3288,0,1,0
1812750,3286,0,1,0
1813000,3289,0,1,0
1813250,3288,0,1,0
1813500,3288,0,1,0
1813750,3294,0,1,0
1814000,3293,1,1,0
1814250,3292,1,1,0
1814500,3294,0,1,0
1814750,3292,0,1,0
1815000,3292,0,1,1
1815250,3297,0,1,1
1815500,3297,0,1,1
1815750,3299,0,1,1
1816000,3299,0,1,1
1816250,3297,0,1,1
1816500,3296,0,1,1
1816750,3302,0,1,1
1817000,3298,0,1,1
1817250,3300,0,1,1
1817500,3298,0,1,1
1817750,3301,0,1,1
1818000,3301,0,1,1
1818250,3298,0,1,1
1818500,3297,0,1,1
1818750,3297,0,1,1
1819000,3298,0,1,1
1819250,3300,0,1,1
1819500,3297,0,1,1
1819750,3302,0,1,1
1820000,3298,1,1,1
1820250,3300,1,1,1
1820500,3300,0,1,1
1820750,3301,0,1,1
1821000,3301,0,1,1
1821250,3301,0,1,1
1821500,3295,0,1,1
1821750,3299,0,1,1
1822000,3299,0,1,1
1822250,3298,0,1,1
1822500,3296,0,1,1
1822750,3298,0,1,1
1823000,3302,0,1,1
1823250,3300,0,1,1
1823500,3303,0,1,1
1823750,3298,0,1,1
1824000,3305,0,1,1
1824250,3305,0,1,1
1824500,3303,0,1,1
1824750,3307,0,1,1
1825000,3303,0,1,1
1825250,3308,0,1,1
1825500,3310,0,1,0
1825750,3308,0,1,0
1826000,3309,1,1,0
1826250,3313,1,1,0
1826500,3312,0,1,0
1826750,3312,0,1,0
1827000,3312,0,1,0
1827250,3313,0,1,0
1827500,3310,0,1,0
1827750,3312,0,1,0
1828000,3312,0,1,0
1828250,3315,0,1,0
1828500,3313,0,1,0
1828750,3311,0,1,0
1829000,3312,0,1,0
1829250,3308,0,1,0
1829500,3307,0,1,0
1829750,3312,0,1,0
1830000,3309,0,1,1
1830250,3308,0,1,1
1830500,3304,0,1,1
1830750,3306,0,1,1
1831000,3303,0,1,1
1831250,3305,0,1,1
1831500,3300,0,1,1
1831750,3300,0,1,1
1832000,3299,1,1,1
1832250,3303,1,1,1
1832500,3301,0,1,1
1832750,3302,0,1,1
1833000,3301,0,1,1
1833250,3302,0,1,1
1833500,3298,0,1,1
1833750,3299,0,1,1
1834000,3301,0,1,1
1834250,3269,0,1,1
1834500,3266,0,1,0
1834750,3269,0,1,0
1835000,3276,0,1,0
1835250,3298,0,1,0
1835500,3300,0,1,0
1835750,3296,0,1,0
1836000,3301,0,1,0
1836250,3301,0,1,0
1836500,3299,0,1,0
1836750,3298,0,1,0
1837000,3302,0,1,0
1837250,3302,0,1,0
1837500,3297,0,1,0
1837750,3303,0,1,0
1838000,3299,1,1,0
1838250,3302,1,1,0
1838500,3303,0,1,0
1838750,3300,0,1,0
1839000,3301,0,1,0
1839250,3301,0,1,0
1839500,3296,0,1,0
1839750,3301,0,1,0
1840000,3301,0,1,0
1840250,3270,0,1,0
1840500,3261,0,1,0
1840750,3265,0,1,0
1841000,3273,0,1,0
1841250,3296,0,1,0
1841500,3291,0,1,0
1841750,3292,0,1,0
1842000,3292,0,1,0
1842250,3292,0,1,0
1842500,3293,0,1,0
1842750,3290,0,1,0
1843000,3290,0,1,0
1843250,3286,0,1,0
1843500,3285,0,1,0
1843750,3285,0,1,0
1844000,3289,1,1,0
1844250,3287,1,1,0
1844500,3289,0,1,0
1844750,3290,0,1,0
1845000,3290,0,1,1
1845250,3288,0,1,1
1845500,3289,0,1,1
1845750,3287,0,1,1
1846000,3292,0,1,1
1846250,3289,0,1,1
1846500,3295,0,1,1
1846750,3296,0,1,1
1847000,3298,0,1,1
1847250,3295,0,1,1
1847500,3297,0,1,1
1847750,3298,0,1,1
1848000,3298,0,1,1
1848250,3299,0,1,1
1848500,3299,0,1,1
1848750,3299,0,1,1
1849000,3304,0,1,1
1849250,3304,0,1,1
1849500,3303,0,1,1
1849750,3300,0,1,1
1850000,3303,1,1,1
1850250,3304,1,1,1
1850500,3301,0,1,1
1850750,3308,0,1,1
1851000,3305,0,1,1
1851250,3302,0,1,1
1851500,3303,0,1,1
1851750,3302,0,1,1
1852000,3304,0,1,1
1852250,3307,0,1,1
1852500,3302,0,1,1
1852750,3306,0,1,1
1853000,3305,0,1,1
1853250,3304,0,1,1
1853500,3303,0,1,1
1853750,3303,0,1,1
1854000,3302,0,1,1
1854250,3299,0,1,1
1854500,3298,0,1,1
1854750,3302,0,1,1
1855000,3299,0,1,1
1855250,3302,0,1,1
1855500,3305,0,1,0
1855750,3305,0,1,0
1856000,3303,1,1,0
1856250,3299,1,1,0
1856500,3305,0,1,0
1856750,3301,0,1,0
1857000,3307,0,1,0
1857250,3302,0,1,0
1857500,3304,0,1,0
1857750,3305,0,1,0
1858000,3334,0,1,0
1858250,3332,0,1,0
1858500,3335,0,1,0
1858750,3308,0,1,0
1859000,3308,0,1,0
1859250,3307,0,1,0
1859500,3307,0,1,0
1859750,3314,0,1,0
1860000,3308,0,1,1
1860250,3312,0,1,1
1860500,3313,0,1,1
1860750,3309,0,1,1
1861000,3314,0,1,1
1861250,3308,0,1,1
1861500,3308,0,1,1
1861750,3312,0,1,1
1862000,3307,1,1,1
1862250,3307,1,1,1
1862500,3309,0,1,1
1862750,3305,0,1,1
1863000,3308,0,1,1
1863250,3307,0,1,1
1863500,3300,0,1,1
1863750,3301,0,1,1
1864000,3301,0,1,1
1864250,3297,0,1,1
1864500,3301,0,1,0
1864750,3298,0,1,0
1865000,3296,0,1,0
1865250,3295,0,1,0
1865500,3299,0,1,0
1865750,3297,0,1,0
1866000,3297,0,1,0
1866250,3295,0,1,0
1866500,3293,0,1,0
1866750,3294,0,1,0
1867000,3291,0,1,0
1867250,3293,0,1,0
1867500,3291,0,1,0
1867750,3292,0,1,0
1868000,3296,1,1,0
1868250,3294,1,1,0
1868500,3291,0,1,0
1868750,3297,0,1,0
1869000,3295,0,1,0
1869250,3297,0,1,0
1869500,3296,0,1,0
1869750,3298,0,1,0
1870000,3294,0,1,0
1870250,3293,0,1,0
1870500,3298,0,1,0
1870750,3298,0,1,0
1871000,3297,0,1,0
1871250,3294,0,1,0
1871500,3300,0,1,0
1871750,3298,0,1,0
1872000,3299,0,1,0
1872250,3296,0,1,0
1872500,3300,0,1,0
1872750,3294,0,1,0
1873000,3295,0,1,0
1873250,3296,0,1,0
1873500,3296,0,1,0
1873750,3293,0,1,0
1874000,3296,1,1,0
1874250,3291,1,1,0
1874500,3293,0,1,0
1874750,3292,0,1,0
1875000,3291,0,1,1
1875250,3292,0,1,1
1875500,3292,0,1,1
1875750,3291,0,1,1
1876000,3288,0,1,1
1876250,3261,0,1,1
1876500,3259,0,1,1
1876750,3262,0,1,1
1877000,3264,0,1,1
1877250,3292,0,1,1
1877500,3288,0,1,1
1877750,3290,0,1,1
1878000,3291,0,1,1
1878250,3293,0,1,1
1878500,3292,0,1,1
1878750,3295,0,1,1
1879000,3297,0,1,1
1879250,3294,0,1,1
1879500,3296,0,1,1
1879750,3301,0,1,1
1880000,3297,1,1,1
1880250,3300,1,1,1
1880500,3302,0,1,1
1880750,3305,0,1,1
1881000,3300,0,1,1
1881250,3307,0,1,1
1881500,3306,0,1,1
1881750,3306,0,1,1
1882000,3310,0,1,1
1882250,3310,0,1,1
1882500,3307,0,1,1
1882750,3310,0,1,1
1883000,3311,0,1,1
1883250,3312,0,1,1
1883500,3310,0,1,1
1883750,3310,0,1,1
1884000,3311,0,1,1
1884250,3309,0,1,1
1884500,3311,0,1,1
1884750,3307,0,1,1
1885000,3308,0,1,1
1885250,3308,0,1,1
1885500,3310,0,1,0
1885750,3308,0,1,0
1886000,3307,1,1,0
1886250,3304,1,1,0
1886500,3302,0,1,0
1886750,3305,0,1,0
1887000,3303,0,1,0
1887250,3305,0,1,0
1887500,3306,0,1,0
1887750,3301,0,1,0
1888000,3303,0,1,0
1888250,3302,0,1,0
1888500,3302,0,1,0
1888750,3301,0,1,0
1889000,3305,0,1,0
1889250,3301,0,1,0
1889500,3304,0,1,0
1889750,3300,0,1,0
1890000,3300,0,1,1
1890250,3307,0,1,1
1890500,3302,0,1,1
1890750,3306,0,1,1
1891000,3304,0,1,1
1891250,3308,0,1,1
1891500,3303,0,1,1
1891750,3303,0,1,1
1892000,3309,1,1,1
1892250,3309,1,1,1
1892500,3309,0,1,1
1892750,3305,0,1,1
1893000,3309,0,1,1
1893250,3304,0,1,1
1893500,3305,0,1,1
1893750,3305,0,1,1
1894000,3306,0,1,1
1894250,3275,0,1,1
1894500,3271,0,1,1
1894750,3279,0,1,1
1895000,3279,0,1,1
1895250,3300,0,1,1
1895500,3304,0,1,1
1895750,3300,0,1,1
1896000,3302,0,1,1
1896250,3300,0,1,1
1896500,3302,0,1,1
1896750,3300,0,1,1
1897000,3296,0,1,1
1897250,3299,0,1,1
1897500,3296,0,1,1
1897750,3296,0,1,1
1898000,3293,1,1,1
1898250,3291,1,1,1
1898500,3290,0,1,1
1898750,3292,0,1,1
1899000,3293,0,1,1
1899250,3292,0,1,1
1899500,3288,0,1,1
1899750,3287,0,1,1
1900000,3286,0,1,1
1900250,3291,0,1,1
1900500,3287,0,1,0
1900750,3291,0,1,0
1901000,3289,0,1,0
1901250,3290,0,1,0
1901500,3288,0,1,0
1901750,3288,0,1,0
1902000,3290,0,1,0
1902250,3293,0,1,0
1902500,3294,0,1,0
1902750,3292,0,1,0
1903000,3295,0,1,0
1903250,3296,0,1,0
1903500,3294,0,1,0
1903750,3296,0,1,0
1904000,3295,1,1,0
1904250,3298,1,1,0
1904500,3301,0,1,0
1904750,3297,0,1,0
1905000,3301,0,1,1
1905250,3300,0,1,1
1905500,3298,0,1,1
1905750,3297,0,1,1
1906000,3300,0,1,1
1906250,3301,0,1,1
1906500,3300,0,1,1
1906750,3295,0,1,1
1907000,3299,0,1,1
1907250,3298,0,1,1
1907500,3300,0,1,1
1907750,3295,0,1,1
1908000,3298,0,1,1
1908250,3295,0,1,1
1908500,3299,0,1,1
1908750,3295,0,1,1
1909000,3296,0,1,1
1909250,3295,0,1,1
1909500,3295,0,1,1
1909750,3294,0,1,1
1910000,3296,1,1,1
1910250,3298,1,1,1
1910500,3298,0,1,1
1910750,3296,0,1,1
1911000,3296,0,1,1
1911250,3298,0,1,1
1911500,3301,0,1,1
1911750,3300,0,1,1
1912000,3301,0,1,1
1912250,3297,0,1,1
1912500,3303,0,1,1
1912750,3299,0,1,1
1913000,3302,0,1,1
1913250,3307,0,1,1
1913500,3304,0,1,1
1913750,3305,0,1,1
1914000,3308,0,1,1
1914250,3310,0,1,1
1914500,3306,0,1,1
1914750,3310,0,1,1
1915000,3311,0,1,1
1915250,3308,0,1,1
1915500,3314,0,1,0
1915750,3315,0,1,0
1916000,3312,1,1,0
1916250,3311,1,1,0
1916500,3312,0,1,0
1916750,3314,0,1,0
1917000,3315,0,1,0
1917250,3309,0,1,0
1917500,3308,0,1,0
1917750,3307,0,1,0
1918000,3306,0,1,0
1918250,3309,0,1,0
1918500,3311,0,1,0
1918750,3309,0,1,0
1919000,3309,0,1,0
1919250,3303,0,1,0
1919500,3304,0,1,0
1919750,3307,0,1,0
1920000,3304,0,1,1
1920250,3303,0,1,1
1920500,3300,0,1,1
1920750,3304,0,1,1
1921000,3298,0,1,1
1921250,3297,0,1,1
1921500,3303,0,1,1
1921750,3300,0,1,1
1922000,3298,1,1,1
1922250,3297,1,1,1
1922500,3302,0,1,1
1922750,3299,0,1,1
1923000,3297,0,1,1
1923250,3298,0,1,1
1923500,3300,0,1,1
1923750,3301,0,1,1
1924000,3302,0,1,1
1924250,3298,0,1,1
1924500,3303,0,1,0
1924750,3301,0,1,0
1925000,3300,0,1,0
1925250,3305,0,1,0
1925500,3302,0,1,0
1925750,3303,0,1,0
1926000,3299,0,1,0
1926250,3304,0,1,0
1926500,3305,0,1,0
1926750,3299,0,1,0
1927000,3299,0,1,0
1927250,3303,0,1,0
1927500,3303,0,1,0
1927750,3298,0,1,0
1928000,3303,1,1,0
1928250,3301,1,1,0
1928500,3296,0,1,0
1928750,3295,0,1,0
1929000,3294,0,1,0
1929250,3294,0,1,0
1929500,3293,0,1,0
1929750,3297,0,1,0
1930000,3291,0,1,0
1930250,3294,0,1,0
1930500,3291,0,1,0
1930750,3288,0,1,0
1931000,3291,0,1,0
1931250,3287,0,1,0
1931500,3285,0,1,0
1931750,3290,0,1,0
1932000,3289,0,1,0
1932250,3291,0,1,0
1932500,3285,0,1,0
1932750,3291,0,1,0
1933000,3288,0,1,0
1933250,3290,0,1,0
1933500,3291,0,1,0
1933750,3289,0,1,0
1934000,3293,1,1,0
1934250,3292,1,1,0
1934500,3291,0,1,0
1934750,3289,0,1,0
1935000,3290,0,1,1
1935250,3297,0,1,1
1935500,3293,0,1,1
1935750,3297,0,1,1
1936000,3298,0,1,1
1936250,3295,0,1,1
1936500,3300,0,1,1
1936750,3296,0,1,1
1937000,3302,0,1,1
1937250,3297,0,1,1
1937500,3301,0,1,1
1937750,3304,0,1,1
1938000,3300,0,1,1
1938250,3302,0,1,1
1938500,3302,0,1,1
1938750,3303,0,1,1
1939000,3305,0,1,1
1939250,3303,0,1,1
1939500,3299,0,1,1
1939750,3302,0,1,1
1940000,3299,1,1,1
1940250,3301,1,1,1
1940500,3299,0,1,1
1940750,3304,0,1,1
1941000,3302,0,1,1
1941250,3300,0,1,1
1941500,3301,0,1,1
1941750,3298,0,1,1
1942000,3299,0,1,1
1942250,3274,0,1,1
1942500,3264,0,1,1
1942750,3273,0,1,1
1943000,3278,0,1,1
1943250,3303,0,1,1
1943500,3302,0,1,1
1943750,3299,0,1,1
1944000,3303,0,1,1
1944250,3300,0,1,1
1944500,3305,0,1,1
1944750,3300,0,1,1
1945000,3300,0,1,1
1945250,3306,0,1,1
1945500,3302,0,1,0
1945750,3309,0,1,0
1946000,3309,1,1,0
1946250,3305,1,1,0
1946500,3311,0,1,0
1946750,3307,0,1,0
1947000,3307,0,1,0
1947250,3312,0,1,0
1947500,3314,0,1,0
1947750,3313,0,1,0
1948000,3312,0,1,0
1948250,3309,0,1,0
1948500,3312,0,1,0
1948750,3315,0,1,0
1949000,3312,0,1,0
1949250,3314,0,1,0
1949500,3310,0,1,0
1949750,3308,0,1,0
1950000,3312,0,1,1
1950250,3312,0,1,1
1950500,3310,0,1,1
1950750,3307,0,1,1
1951000,3304,0,1,1
1951250,3304,0,1,1
1951500,3307,0,1,1
1951750,3304,0,1,1
1952000,3306,1,1,1
1952250,3300,1,1,1
1952500,3303,0,1,1
1952750,3300,0,1,1
1953000,3303,0,1,1
1953250,3299,0,1,1
1953500,3301,0,1,1
1953750,3295,0,1,1
1954000,3295,0,1,1
1954250,3298,0,1,1
1954500,3293,0,1,0
1954750,3297,0,1,0
1955000,3296,0,1,0
1955250,3295,0,1,0
1955500,3297,0,1,0
1955750,3297,0,1,0
1956000,3295,0,1,0
1956250,3296,0,1,0
1956500,3298,0,1,0
1956750,3297,0,1,0
1957000,3296,0,1,0
1957250,3296,0,1,0
1957500,3298,0,1,0
1957750,3295,0,1,0
1958000,3295,1,1,0
1958250,3301,1,1,0
1958500,3298,0,1,0
1958750,3301,0,1,0
1959000,3301,0,1,0
1959250,3301,0,1,0
1959500,3298,0,1,0
1959750,3300,0,1,0
1960000,3297,0,1,0
1960250,3268,0,1,0
1960500,3267,0,1,0
1960750,3269,0,1,0
1961000,3272,0,1,0
1961250,3297,0,1,0
1961500,3299,0,1,0
1961750,3294,0,1,0
1962000,3291,0,1,0
1962250,3295,0,1,0
1962500,3295,0,1,0
1962750,3295,0,1,0
1963000,3291,0,1,0
1963250,3289,0,1,0
1963500,3293,0,1,0
1963750,3289,0,1,0
1964000,3288,1,1,0
1964250,3287,1,1,0
1964500,3287,0,1,0
1964750,3291,0,1,0
1965000,3292,0,1,1
1965250,3289,0,1,1
1965500,3287,0,1,1
1965750,3293,0,1,1
1966000,3288,0,1,1
1966250,3294,0,1,1
1966500,3293,0,1,1
1966750,3291,0,1,1
1967000,3295,0,1,1
1967250,3296,0,1,1
1967500,3292,0,1,1
1967750,3294,0,1,1
1968000,3299,0,1,1
1968250,3300,0,1,1
1968500,3298,0,1,1
1968750,3299,0,1,1
1969000,3300,0,1,1
1969250,3302,0,1,1
1969500,3300,0,1,0
1969750,3306,0,1,0
1970000,3303,1,1,0
1970250,3308,1,1,0
1970500,3309,0,1,0
1970750,3304,0,1,0
1971000,3305,0,1,0
1971250,3304,0,1,0
1971500,3306,0,1,0
1971750,3305,0,1,0
1972000,3307,0,1,0
1972250,3307,0,1,0
1972500,3310,0,1,0
1972750,3305,0,1,0
1973000,3306,0,1,0
1973250,3309,0,1,0
1973500,3306,0,1,0
1973750,3304,0,1,0
1974000,3303,0,1,0
1974250,3306,0,1,0
1974500,3302,0,1,0
1974750,3304,0,1,0
1975000,3302,0,1,0
1975250,3305,0,1,0
1975500,3305,0,1,0
1975750,3302,0,1,0
1976000,3300,1,1,0
1976250,3305,1,1,0
1976500,3305,0,1,0
1976750,3303,0,1,0
1977000,3305,0,1,0
1977250,3302,0,1,0
1977500,3303,0,1,0
1977750,3301,0,1,0
1978000,3304,0,1,0
1978250,3307,0,1,0
1978500,3302,0,1,0
1978750,3303,0,1,0
1979000,3307,0,1,0
1979250,3308,0,1,0
1979500,3305,0,1,0
1979750,3309,0,1,0
1980000,3308,0,1,1
1980250,3312,0,1,1
1980500,3310,0,1,1
1980750,3307,0,1,1
1981000,3310,0,1,1
1981250,3308,0,1,1
1981500,3306,0,1,1
1981750,3310,0,1,1
1982000,3307,1,1,1
1982250,3311,1,1,1
1982500,3308,0,1,1
1982750,3309,0,1,1
1983000,3303,0,1,1
1983250,3307,0,1,1
1983500,3308,0,1,1
1983750,3302,0,1,1
1984000,3306,0,1,1
1984250,3304,0,1,1
1984500,3298,0,1,1
1984750,3301,0,1,1
1985000,3299,0,1,1
1985250,3301,0,1,1
1985500,3297,0,1,1
1985750,3298,0,1,1
1986000,3297,0,1,1
1986250,3293,0,1,1
1986500,3292,0,1,1
1986750,3291,0,1,1
1987000,3290,0,1,1
1987250,3291,0,1,1
1987500,3290,0,1,1
1987750,3288,0,1,1
1988000,3288,1,1,1
1988250,3292,1,1,1
1988500,3290,0,1,1
1988750,3289,0,1,1
1989000,3291,0,1,1
1989250,3290,0,1,1
1989500,3293,0,1,1
1989750,3293,0,1,1
1990000,3290,0,1,1
1990250,3322,0,1,1
1990500,3325,0,1,0
1990750,3321,0,1,0
1991000,3322,0,1,0
1991250,3298,0,1,0
1991500,3294,0,1,0
1991750,3299,0,1,0
1992000,3297,0,1,0
1992250,3300,0,1,0
1992500,3300,0,1,0
1992750,3296,0,1,0
1993000,3300,0,1,0
1993250,3295,0,1,0
1993500,3299,0,1,0
1993750,3297,0,1,0
1994000,3300,1,1,0
1994250,3294,1,1,0
1994500,3298,0,1,0
1994750,3297,0,1,0
1995000,3294,0,1,1
1995250,3298,0,1,1
1995500,3295,0,1,1
1995750,3292,0,1,1
1996000,3293,0,1,1
1996250,3293,0,1,1
1996500,3293,0,1,1
1996750,3290,0,1,1
1997000,3294,0,1,1
1997250,3293,0,1,1
1997500,3292,0,1,1
1997750,3292,0,1,1
1998000,3294,0,1,1
1998250,3291,0,1,1
1998500,3296,0,1,1
1998750,3294,0,1,1
1999000,3296,0,1,1
1999250,3293,0,1,1
1999500,3297,0,1,1
1999750,3300,0,1,1
2000000,3298,1,1,1
2000250,3299,1,1,1
2000500,3303,0,1,1
2000750,3301,0,1,1
2001000,3303,0,1,1
2001250,3299,0,1,1
2001500,3302,0,1,1
2001750,3307,0,1,1
2002000,3308,0,1,1
2002250,3308,0,1,1
2002500,3307,0,1,1
2002750,3306,0,1,1
2003000,3312,0,1,1
2003250,3312,0,1,1
2003500,3310,0,1,1
2003750,3311,0,1,1
2004000,3311,0,1,1
2004250,3308,0,1,1
2004500,3311,0,1,1
2004750,3308,0,1,1
2005000,3310,0,1,1
2005250,3309,0,1,1
2005500,3312,0,1,0
2005750,3313,0,1,0
2006000,3311,1,1,0
2006250,3306,1,1,0
2006500,3306,0,1,0
2006750,3307,0,1,0
2007000,3304,0,1,0
2007250,3303,0,1,0
2007500,3307,0,1,0
2007750,3302,0,1,0
2008000,3303,0,1,0
2008250,3302,0,1,0
2008500,3300,0,1,0
2008750,3305,0,1,0
2009000,3299,0,1,0
2009250,3300,0,1,0
2009500,3298,0,1,0
2009750,3304,0,1,0
2010000,3298,0,1,1
2010250,3300,0,1,1
2010500,3300,0,1,1
2010750,3300,0,1,1
2011000,3303,0,1,1
2011250,3303,0,1,1
2011500,3304,0,1,1
2011750,3303,0,1,1
2012000,3305,1,1,1
2012250,3302,1,1,1
2012500,3307,0,1,1
2012750,3303,0,1,1
2013000,3303,0,1,1
2013250,3307,0,1,1
2013500,3306,0,1,1
2013750,3304,0,1,1
2014000,3308,0,1,1
2014250,3304,0,1,1
2014500,3307,0,1,0
2014750,3307,0,1,0
2015000,3302,0,1,0
2015250,3301,0,1,0
2015500,3306,0,1,0
2015750,3299,0,1,0
2016000,3301,0,1,0
2016250,3303,0,1,0
2016500,3300,0,1,0
2016750,3298,0,1,0
2017000,3295,0,1,0
2017250,3300,0,1,0
2017500,3296,0,1,0
2017750,3298,0,1,0
2018000,3292,1,1,0
2018250,3291,1,1,0
2018500,3294,0,1,0
2018750,3288,0,1,0
2019000,3293,0,1,0
2019250,3288,0,1,0
2019500,3291,0,1,0
2019750,3286,0,1,0
2020000,3289,0,1,0
2020250,3291,0,1,0
2020500,3286,0,1,0
2020750,3285,0,1,0
2021000,3285,0,1,0
2021250,3291,0,1,0
2021500,3291,0,1,0
2021750,3292,0,1,0
2022000,3286,0,1,0
2022250,3289,0,1,0
2022500,3293,0,1,0
2022750,3294,0,1,0
2023000,3289,0,1,0
2023250,3296,0,1,0
2023500,3291,0,1,0
2023750,3293,0,1,0
2024000,3294,1,1,0
2024250,3295,1,1,0
2024500,3298,0,1,0
2024750,3300,0,1,0
2025000,3296,0,1,1
2025250,3300,0,1,1
2025500,3300,0,1,1
2025750,3302,0,1,1
2026000,3299,0,1,1
2026250,3297,0,1,1
2026500,3303,0,1,1
2026750,3302,0,1,1
2027000,3297,0,1,1
2027250,3300,0,1,1
2027500,3299,0,1,1
2027750,3301,0,1,1
2028000,3299,0,1,1
2028250,3303,0,1,1
2028500,3301,0,1,1
2028750,3297,0,1,1
2029000,3301,0,1,1
2029250,3299,0,1,1
2029500,3298,0,1,1
2029750,3300,0,1,1
2030000,3300,1,1,1
2030250,3296,1,1,1
2030500,3295,0,1,1
2030750,3295,0,1,1
2031000,3296,0,1,1
2031250,3300,0,1,1
2031500,3301,0,1,1
2031750,3296,0,1,1
2032000,3299,0,1,1
2032250,3297,0,1,1
2032500,3300,0,1,1
2032750,3298,0,1,1
2033000,3305,0,1,1
2033250,3303,0,1,1
2033500,3303,0,1,1
2033750,3305,0,1,1
2034000,3304,0,1,1
2034250,3303,0,1,1
2034500,3310,0,1,1
2034750,3310,0,1,1
2035000,3311,0,1,1
2035250,3312,0,1,1
2035500,3313,0,1,0
2035750,3308,0,1,0
2036000,3310,1,1,0
2036250,3310,1,1,0
2036500,3310,0,1,0
2036750,3309,0,1,0
2037000,3315,0,1,0
2037250,3315,0,1,0
2037500,3313,0,1,0
2037750,3314,0,1,0
2038000,3313,0,1,0
2038250,3280,0,1,0
2038500,3276,0,1,0
2038750,3280,0,1,0
2039000,3285,0,1,0
2039250,3306,0,1,0
2039500,3309,0,1,0
2039750,3309,0,1,0
2040000,3302,0,1,1
2040250,3304,0,1,1
2040500,3301,0,1,1
2040750,3301,0,1,1
2041000,3304,0,1,1
2041250,3300,0,1,1
2041500,3300,0,1,1
2041750,3298,0,1,1
2042000,3299,1,1,1
2042250,3302,1,1,1
2042500,3296,0,1,1
2042750,3295,0,1,1
2043000,3295,0,1,1
2043250,3301,0,1,1
2043500,3298,0,1,1
2043750,3296,0,1,1
2044000,3298,0,1,1
2044250,3300,0,1,1
2044500,3300,0,1,0
2044750,3297,0,1,0
2045000,3297,0,1,0
2045250,3296,0,1,0
2045500,3303,0,1,0
2045750,3302,0,1,0
2046000,3303,0,1,0
2046250,3303,0,1,0
2046500,3299,0,1,0
2046750,3302,0,1,0
2047000,3299,0,1,0
2047250,3299,0,1,0
2047500,3302,0,1,0
2047750,3299,0,1,0
2048000,3297,1,1,0
2048250,3297,1,1,0
2048500,3302,0,1,0
2048750,3297,0,1,0
2049000,3299,0,1,0
2049250,3296,0,1,0
2049500,3300,0,1,0
2049750,3297,0,1,0
2050000,3297,0,1,0
2050250,3292,0,1,0
2050500,3296,0,1,0
2050750,3294,0,1,0
2051000,3290,0,1,0
2051250,3288,0,1,0
2051500,3293,0,1,0
2051750,3290,0,1,0
2052000,3289,0,1,0
2052250,3288,0,1,0
2052500,3288,0,1,0
2052750,3289,0,1,0
2053000,3285,0,1,0
2053250,3287,0,1,0
2053500,3285,0,1,0
2053750,3285,0,1,0
2054000,3287,1,1,0
2054250,3292,1,1,0
2054500,3291,0,1,0
2054750,3292,0,1,0
2055000,3294,0,1,1
2055250,3294,0,1,1
2055500,3290,0,1,1
2055750,3293,0,1,1
2056000,3296,0,1,1
2056250,3295,0,1,1
2056500,3298,0,1,1
2056750,3299,0,1,1
2057000,3299,0,1,1
2057250,3299,0,1,1
2057500,3301,0,1,1
2057750,3301,0,1,1
2058000,3303,0,1,1
2058250,3303,0,1,1
2058500,3306,0,1,1
2058750,3304,0,1,1
2059000,3304,0,1,1
2059250,3302,0,1,1
2059500,3306,0,1,1
2059750,3307,0,1,1
2060000,3307,1,1,1
2060250,3305,1,1,1
2060500,3307,0,1,1
2060750,3301,0,1,1
2061000,3302,0,1,1
2061250,3301,0,1,1
2061500,3303,0,1,1
2061750,3306,0,1,1
2062000,3301,0,1,1
2062250,3302,0,1,1
2062500,3302,0,1,1
2062750,3305,0,1,1
2063000,3301,0,1,1
2063250,3300,0,1,1
2063500,3300,0,1,1
2063750,3300,0,1,1
2064000,3298,0,1,1
2064250,3304,0,1,1
2064500,3304,0,1,1
2064750,3303,0,1,1
2065000,3299,0,1,1
2065250,3301,0,1,1
2065500,3301,0,1,0
2065750,3307,0,1,0
2066000,3301,1,1,0
2066250,3305,1,1,0
2066500,3307,0,1,0
2066750,3304,0,1,0
2067000,3305,0,1,0
2067250,3310,0,1,0
2067500,3307,0,1,0
2067750,3309,0,1,0
2068000,3312,0,1,0
2068250,3338,0,1,0
2068500,3345,0,1,0
2068750,3343,0,1,0
2069000,3336,0,1,0
2069250,3309,0,1,0
2069500,3313,0,1,0
2069750,3309,0,1,0
2070000,3314,0,1,1
2070250,3312,0,1,1
2070500,3312,0,1,1
2070750,3307,0,1,1
2071000,3308,0,1,1
2071250,3305,0,1,1
2071500,3310,0,1,1
2071750,3308,0,1,1
2072000,3308,1,1,1
2072250,3303,1,1,1
2072500,3304,0,1,1
2072750,3304,0,1,1
2073000,3303,0,1,1
2073250,3299,0,1,1
2073500,3298,0,1,1
2073750,3300,0,1,1
2074000,3294,0,1,1
2074250,3267,0,1,1
2074500,3264,0,1,0
2074750,3263,0,1,0
2075000,3271,0,1,0
2075250,3292,0,1,0
2075500,3293,0,1,0
2075750,3295,0,1,0
2076000,3291,0,1,0
2076250,3291,0,1,0
2076500,3294,0,1,0
2076750,3296,0,1,0
2077000,3294,0,1,0
2077250,3291,0,1,0
2077500,3295,0,1,0
2077750,3294,0,1,0
2078000,3294,1,1,0
2078250,3298,1,1,0
2078500,3292,0,1,0
2078750,3294,0,1,0
2079000,3294,0,1,0
2079250,3295,0,1,0
2079500,3296,0,1,0
2079750,3295,0,1,0
2080000,3323,0,1,0
2080250,3324,0,1,0
2080500,3325,0,1,0
2080750,3301,0,1,0
2081000,3300,0,1,0
2081250,3295,0,1,0
2081500,3298,0,1,0
2081750,3294,0,1,0
2082000,3295,0,1,0
2082250,3297,0,1,0
2082500,3297,0,1,0
2082750,3292,0,1,0
2083000,3295,0,1,0
2083250,3297,0,1,0
2083500,3295,0,1,0
2083750,3292,0,1,0
2084000,3295,1,1,0
2084250,3291,1,1,0
2084500,3291,0,1,0
2084750,3288,0,1,0
2085000,3291,0,1,1
2085250,3292,0,1,1
2085500,3291,0,1,1
2085750,3292,0,1,1
2086000,3293,0,1,1
2086250,3290,0,1,1
2086500,3288,0,1,1
2086750,3292,0,1,1
2087000,3289,0,1,1
2087250,3296,0,1,1
2087500,3292,0,1,1
2087750,3293,0,1,1
2088000,3292,0,1,1
2088250,3293,0,1,1
2088500,3299,0,1,1
2088750,3299,0,1,1
2089000,3300,0,1,1
2089250,3299,0,1,1
2089500,3301,0,1,1
2089750,3302,0,1,1
2090000,3302,1,1,1
2090250,3306,1,1,1
2090500,3303,0,1,1
2090750,3304,0,1,1
2091000,3309,0,1,1
2091250,3306,0,1,1
2091500,3309,0,1,1
2091750,3306,0,1,1
2092000,3306,0,1,1
2092250,3309,0,1,1
2092500,3312,0,1,1
2092750,3287,0,1,1
2093000,3284,0,1,1
2093250,3287,0,1,1
2093500,3312,0,1,1
2093750,3308,0,1,1
2094000,3311,0,1,1
2094250,3307,0,1,1
2094500,3305,0,1,1
2094750,3304,0,1,1
2095000,3307,0,1,1
2095250,3307,0,1,1
2095500,3303,0,1,0
2095750,3305,0,1,0
2096000,3303,1,1,0
2096250,3306,1,1,0
2096500,3302,0,1,0
2096750,3306,0,1,0
2097000,3305,0,1,0
2097250,3305,0,1,0
2097500,3304,0,1,0
2097750,3301,0,1,0
2098000,3301,0,1,0
2098250,3329,0,1,0
2098500,3336,0,1,0
2098750,3332,0,1,0
2099000,3326,0,1,0
2099250,3301,0,1,0
2099500,3302,0,1,0
2099750,3304,0,1,0
2100000,3304,0,1,1
2100250,3308,0,1,1
2100500,3306,0,1,1
2100750,3307,0,1,1
2101000,3305,0,1,1
2101250,3304,0,1,1
2101500,3308,0,1,1
2101750,3310,0,1,1
2102000,3309,1,1,1
2102250,3308,1,1,1
2102500,3308,0,1,1
2102750,3310,0,1,1
2103000,3306,0,1,1
2103250,3305,0,1,1
2103500,3308,0,1,1
2103750,3307,0,1,1
2104000,3302,0,1,1
2104250,3302,0,1,1
2104500,3303,0,1,1
2104750,3298,0,1,1
2105000,3298,0,1,1
2105250,3301,0,1,1
2105500,3302,0,1,1
2105750,3295,0,1,1
2106000,3295,0,1,1
2106250,3294,0,1,1
2106500,3297,0,1,1
2106750,3293,0,1,1
2107000,3292,0,1,1
2107250,3292,0,1,1
2107500,3288,0,1,1
2107750,3291,0,1,1
2108000,3292,1,1,1
2108250,3288,1,1,1
2108500,3292,0,1,1
2108750,3287,0,1,1
2109000,3287,0,1,1
2109250,3286,0,1,1
2109500,3286,0,1,1
2109750,3286,0,1,1
2110000,3287,0,1,1
2110250,3317,0,1,1
2110500,3326,0,1,0
2110750,3317,0,1,0
2111000,3314,0,1,0
2111250,3290,0,1,0
2111500,3292,0,1,0
2111750,3292,0,1,0
2112000,3292,0,1,0
2112250,3293,0,1,0
2112500,3297,0,1,0
2112750,3297,0,1,0
2113000,3294,0,1,0
2113250,3297,0,1,0
2113500,3297,0,1,0
2113750,3296,0,1,0
2114000,3296,1,1,0
2114250,3297,1,1,0
2114500,3298,0,1,0
2114750,3301,0,1,0
2115000,3299,0,1,1
2115250,3296,0,1,1
2115500,3298,0,1,1
2115750,3297,0,1,1
2116000,3301,0,1,1
2116250,3296,0,1,1
2116500,3296,0,1,1
2116750,3297,0,1,1
2117000,3293,0,1,1
2117250,3298,0,1,1
2117500,3294,0,1,1
2117750,3297,0,1,1
2118000,3296,0,1,1
2118250,3298,0,1,1
2118500,3297,0,1,1
2118750,3294,0,1,1
2119000,3298,0,1,1
2119250,3294,0,1,1
2119500,3296,0,1,1
2119750,3298,0,1,1
2120000,3299,1,1,1
2120250,3296,1,1,1
2120500,3299,0,1,1
2120750,3301,0,1,1
2121000,3298,0,1,1
2121250,3301,0,1,1
2121500,3302,0,1,1
2121750,3302,0,1,1
2122000,3306,0,1,1
2122250,3303,0,1,1
2122500,3304,0,1,1
2122750,3305,0,1,1
2123000,3309,0,1,1
2123250,3308,0,1,1
2123500,3306,0,1,1
2123750,3308,0,1,1
2124000,3313,0,1,1
2124250,3313,0,1,1
2124500,3315,0,1,1
2124750,3312,0,1,1
2125000,3311,0,1,1
2125250,3312,0,1,1
2125500,3313,0,1,0
2125750,3309,0,1,0
2126000,3312,1,1,0
2126250,3314,1,1,0
2126500,3308,0,1,0
2126750,3312,0,1,0
2127000,3308,0,1,0
2127250,3309,0,1,0
2127500,3307,0,1,0
2127750,3307,0,1,0
2128000,3307,0,1,0
2128250,3307,0,1,0
2128500,3301,0,1,0
2128750,3301,0,1,0
2129000,3305,0,1,0
2129250,3301,0,1,0
2129500,3299,0,1,0
2129750,3298,0,1,0
2130000,3304,0,1,1
2130250,3303,0,1,1
2130500,3302,0,1,1
2130750,3302,0,1,1
2131000,3300,0,1,1
2131250,3297,0,1,1
2131500,3303,0,1,1
2131750,3300,0,1,1
2132000,3301,1,1,1
2132250,3300,1,1,1
2132500,3298,0,1,1
2132750,3299,0,1,1
2133000,3304,0,1,1
2133250,3300,0,1,1
2133500,3304,0,1,1
2133750,3305,0,1,1
2134000,3304,0,1,1
2134250,3274,0,1,1
2134500,3265,0,1,1
2134750,3275,0,1,1
2135000,3279,0,1,1
2135250,3302,0,1,1
2135500,3299,0,1,1
2135750,3298,0,1,1
2136000,3304,0,1,1
2136250,3299,0,1,1
2136500,3300,0,1,1
2136750,3297,0,1,1
2137000,3297,0,1,1
2137250,3296,0,1,1
2137500,3299,0,1,1
2137750,3295,0,1,1
2138000,3293,1,1,1
2138250,3292,1,1,1
2138500,3292,0,1,1
2138750,3295,0,1,1
2139000,3290,0,1,1
2139250,3293,0,1,1
2139500,3293,0,1,1
2139750,3290,0,1,1
2140000,3287,0,1,1
2140250,3288,0,1,1
2140500,3285,0,1,0
2140750,3285,0,1,0
2141000,3290,0,1,0
2141250,3287,0,1,0
2141500,3287,0,1,0
2141750,3287,0,1,0
2142000,3285,0,1,0
2142250,3285,0,1,0
2142500,3289,0,1,0
2142750,3288,0,1,0
2143000,3290,0,1,0
2143250,3293,0,1,0
2143500,3290,0,1,0
2143750,3290,0,1,0
2144000,3295,1,1,0
2144250,3294,1,1,0
2144500,3292,0,1,0
2144750,3299,0,1,0
2145000,3297,0,1,1
2145250,3299,0,1,1
2145500,3302,0,1,1
2145750,3299,0,1,1
2146000,3297,0,1,1
2146250,3327,0,1,1
2146500,3334,0,1,1
2146750,3327,0,1,1
2147000,3327,0,1,1
2147250,3300,0,1,1
2147500,3304,0,1,1
2147750,3302,0,1,1
2148000,3301,0,1,1
2148250,3302,0,1,1
2148500,3304,0,1,1
2148750,3300,0,1,1
2149000,3304,0,1,1
2149250,3300,0,1,1
2149500,3299,0,1,1
2149750,3299,0,1,1
2150000,3300,1,1,1
2150250,3299,1,1,1
2150500,3299,0,1,1
2150750,3298,0,1,1
2151000,3298,0,1,1
2151250,3302,0,1,1
2151500,3298,0,1,1
2151750,3298,0,1,1
2152000,3299,0,1,1
2152250,3297,0,1,1
2152500,3299,0,1,1
2152750,3297,0,1,1
2153000,3302,0,1,1
2153250,3303,0,1,1
2153500,3305,0,1,1
2153750,3306,0,1,1
2154000,3304,0,1,1
2154250,3301,0,1,1
2154500,3305,0,1,1
2154750,3307,0,1,1
2155000,3306,0,1,1
2155250,3308,0,1,1
2155500,3311,0,1,0
2155750,3311,0,1,0
2156000,3312,1,1,0
2156250,3311,1,1,0
2156500,3311,0,1,0
2156750,3310,0,1,0
2157000,3311,0,1,0
2157250,3315,0,1,0
2157500,3309,0,1,0
2157750,3310,0,1,0
2158000,3310,0,1,0
2158250,3311,0,1,0
2158500,3310,0,1,0
2158750,3314,0,1,0
2159000,3313,0,1,0
2159250,3307,0,1,0
2159500,3308,0,1,0
2159750,3307,0,1,0
2160000,3308,0,1,1
2160250,3305,0,1,1
2160500,3304,0,1,1
2160750,3305,0,1,1
2161000,3304,0,1,1
2161250,3299,0,1,1
2161500,3303,0,1,1
2161750,3300,0,1,1
2162000,3301,1,1,1
2162250,3297,1,1,1
2162500,3298,0,1,1
2162750,3300,0,1,1
2163000,3297,0,1,1
2163250,3293,0,1,1
2163500,3294,0,1,1
2163750,3299,0,1,1
2164000,3294,0,1,1
2164250,3268,0,1,1
2164500,3258,0,1,0
2164750,3269,0,1,0
2165000,3270,0,1,0
2165250,3298,0,1,0
2165500,3295,0,1,0
2165750,3296,0,1,0
2166000,3299,0,1,0
2166250,3299,0,1,0
2166500,3298,0,1,0
2166750,3295,0,1,0
2167000,3296,0,1,0
2167250,3295,0,1,0
2167500,3300,0,1,0
2167750,3300,0,1,0
2168000,3301,1,1,0
2168250,3298,1,1,0
2168500,3301,0,1,0
2168750,3296,0,1,0
2169000,3301,0,1,0
2169250,3296,0,1,0
2169500,3300,0,1,0
2169750,3298,0,1,0
2170000,3299,0,1,0
2170250,3294,0,1,0
2170500,3293,0,1,0
2170750,3292,0,1,0
2171000,3294,0,1,0
2171250,3294,0,1,0
2171500,3296,0,1,0
2171750,3294,0,1,0
2172000,3295,0,1,0
2172250,3294,0,1,0
2172500,3291,0,1,0
2172750,3293,0,1,0
2173000,3293,0,1,0
2173250,3286,0,1,0
2173500,3292,0,1,0
2173750,3289,0,1,0
2174000,3288,1,1,0
2174250,3287,1,1,0
2174500,3292,0,1,0
2174750,3290,0,1,0
2175000,3289,0,1,1
2175250,3291,0,1,1
2175500,3289,0,1,1
2175750,3289,0,1,1
2176000,3292,0,1,1
2176250,3320,0,1,1
2176500,3332,0,1,1
2176750,3326,0,1,1
2177000,3318,0,1,1
2177250,3300,0,1,1
2177500,3298,0,1,1
2177750,3301,0,1,1
2178000,3298,0,1,1
2178250,3304,0,1,1
2178500,3306,0,1,1
2178750,3303,0,1,1
2179000,3301,0,1,1
2179250,3305,0,1,1
2179500,3308,0,1,1
2179750,3303,0,1,1
2180000,3304,1,1,1
2180250,3304,1,1,1
2180500,3306,0,1,1
2180750,3307,0,1,1
2181000,3310,0,1,1
2181250,3305,0,1,1
2181500,3307,0,1,1
2181750,3308,0,1,1
2182000,3306,0,1,1
2182250,3303,0,1,1
2182500,3307,0,1,1
2182750,3306,0,1,1
2183000,3308,0,1,1
2183250,3306,0,1,1
2183500,3301,0,1,1
2183750,3303,0,1,1
2184000,3304,0,1,1
2184250,3302,0,1,1
2184500,3301,0,1,1
2184750,3302,0,1,1
2185000,3300,0,1,1
2185250,3303,0,1,1
2185500,3305,0,1,0
2185750,3303,0,1,0
2186000,3303,1,1,0
2186250,3304,1,1,0
2186500,3300,0,1,0
2186750,3306,0,1,0
2187000,3303,0,1,0
2187250,3302,0,1,0
2187500,3304,0,1,0
2187750,3303,0,1,0
2188000,3304,0,1,0
2188250,3278,0,1,0
2188500,3276,0,1,0
2188750,3278,0,1,0
2189000,3282,0,1,0
2189250,3306,0,1,0
2189500,3309,0,1,0
2189750,3307,0,1,0
2190000,3307,0,1,1
2190250,3306,0,1,1
2190500,3308,0,1,1
2190750,3312,0,1,1
2191000,3306,0,1,1
2191250,3309,0,1,1
2191500,3306,0,1,1
2191750,3304,0,1,1
2192000,3306,1,1,1
2192250,3302,1,1,1
2192500,3302,0,1,1
2192750,3300,0,1,1
2193000,3305,0,1,1
2193250,3303,0,1,1
2193500,3300,0,1,1
2193750,3301,0,1,1
2194000,3297,0,1,1
2194250,3300,0,1,1
2194500,3295,0,1,0
2194750,3298,0,1,0
2195000,3296,0,1,0
2195250,3291,0,1,0
2195500,3295,0,1,0
2195750,3294,0,1,0
2196000,3289,0,1,0
2196250,3289,0,1,0
2196500,3292,0,1,0
2196750,3289,0,1,0
2197000,3289,0,1,0
2197250,3291,0,1,0
2197500,3293,0,1,0
2197750,3293,0,1,0
2198000,3292,1,1,0
2198250,3294,1,1,0
2198500,3295,0,1,0
2198750,3291,0,1,0
2199000,3294,0,1,0
2199250,3292,0,1,0
2199500,3296,0,1,0
2199750,3295,0,1,0
2200000,3295,0,1,0
2200250,3327,0,1,0
2200500,3332,0,1,0
2200750,3323,0,1,0
2201000,3320,0,1,0
2201250,3298,0,1,0
2201500,3294,0,1,0
2201750,3299,0,1,0
2202000,3301,0,1,0
2202250,3300,0,1,0
2202500,3300,0,1,0
2202750,3295,0,1,0
2203000,3297,0,1,0
2203250,3300,0,1,0
2203500,3294,0,1,0
2203750,3297,0,1,0
2204000,3293,1,1,0
2204250,3295,1,1,0
2204500,3293,0,1,0
2204750,3293,0,1,0
2205000,3294,0,1,1
2205250,3292,0,1,1
2205500,3295,0,1,1
2205750,3293,0,1,1
2206000,3296,0,1,1
2206250,3319,0,1,1
2206500,3330,0,1,1
2206750,3324,0,1,1
2207000,3316,0,1,1
2207250,3296,0,1,1
2207500,3295,0,1,1
2207750,3292,0,1,1
2208000,3297,0,1,1
2208250,3298,0,1,1
2208500,3299,0,1,1
2208750,3295,0,1,1
2209000,3300,0,1,1
2209250,3299,0,1,1
2209500,3298,0,1,0
2209750,3298,0,1,0
2210000,3299,1,1,0
2210250,3303,1,1,0
2210500,3302,0,1,0
2210750,3306,0,1,0
2211000,3307,0,1,0
2211250,3308,0,1,0
2211500,3307,0,1,0
2211750,3306,0,1,0
2212000,3312,0,1,0
2212250,3336,0,1,0
2212500,3341,0,1,0
2212750,3337,0,1,0
2213000,3336,0,1,0
2213250,3308,0,1,0
2213500,3311,0,1,0
2213750,3314,0,1,0
2214000,3310,0,1,0
2214250,3309,0,1,0
2214500,3310,0,1,0
2214750,3313,0,1,0
2215000,3311,0,1,0
2215250,3309,0,1,0
2215500,3308,0,1,0
2215750,3307,0,1,0
2216000,3304,1,1,0
2216250,3309,1,1,0
2216500,3306,0,1,0
2216750,3305,0,1,0
2217000,3307,0,1,0
2217250,3301,0,1,0
2217500,3303,0,1,0
2217750,3299,0,1,0
2218000,3299,0,1,0
2218250,3276,0,1,0
2218500,3268,0,1,0
2218750,3270,0,1,0
2219000,3279,0,1,0
2219250,3304,0,1,0
2219500,3299,0,1,0
2219750,3302,0,1,0
2220000,3304,0,1,1
2220250,3304,0,1,1
2220500,3299,0,1,1
2220750,3304,0,1,1
2221000,3300,0,1,1
2221250,3302,0,1,1
2221500,3305,0,1,1
2221750,3304,0,1,1
2222000,3306,1,1,1
2222250,3307,1,1,1
2222500,3308,0,1,1
2222750,3304,0,1,1
2223000,3304,0,1,1
2223250,3306,0,1,1
2223500,3303,0,1,1
2223750,3302,0,1,1
2224000,3305,0,1,1
2224250,3275,0,1,1
2224500,3267,0,1,0
2224750,3273,0,1,0
2225000,3274,0,1,0
2225250,3302,0,1,0
2225500,3303,0,1,0
2225750,3298,0,1,0
2226000,3295,0,1,0
2226250,3294,0,1,0
2226500,3297,0,1,0
2226750,3295,0,1,0
2227000,3296,0,1,0
2227250,3296,0,1,0
2227500,3289,0,1,0
2227750,3291,0,1,0
2228000,3293,1,1,0
2228250,3291,1,1,0
2228500,3290,0,1,0
2228750,3288,0,1,0
2229000,3286,0,1,0
2229250,3288,0,1,0
2229500,3288,0,1,0
2229750,3288,0,1,0
2230000,3289,0,1,0
2230250,3288,0,1,0
2230500,3287,0,1,0
2230750,3290,0,1,0
2231000,3293,0,1,0
2231250,3288,0,1,0
2231500,3290,0,1,0
2231750,3291,0,1,0
2232000,3290,0,1,0
2232250,3290,0,1,0
2232500,3292,0,1,0
2232750,3298,0,1,0
2233000,3298,0,1,0
2233250,3298,0,1,0
2233500,3299,0,1,0
2233750,3295,0,1,0
2234000,3302,1,1,0
2234250,3299,1,1,0
2234500,3300,0,1,0
2234750,3300,0,1,0
2235000,3300,0,1,1
2235250,3303,0,1,1
2235500,3299,0,1,1
2235750,3299,0,1,1
2236000,3299,0,1,1
2236250,3300,0,1,1
2236500,3302,0,1,1
2236750,3300,0,1,1
2237000,3301,0,1,1
2237250,3300,0,1,1
2237500,3298,0,1,1
2237750,3300,0,1,1
2238000,3302,0,1,1
2238250,3297,0,1,1
2238500,3300,0,1,1
2238750,3298,0,1,1
2239000,3300,0,1,1
2239250,3299,0,1,1
2239500,3299,0,1,1
2239750,3296,0,1,1
2240000,3301,1,1,1
2240250,3300,1,1,1
2240500,3296,0,1,1
2240750,3296,0,1,1
2241000,3301,0,1,1
2241250,3297,0,1,1
2241500,3298,0,1,1
2241750,3301,0,1,1
2242000,3302,0,1,1
2242250,3300,0,1,1
2242500,3301,0,1,1
2242750,3302,0,1,1
2243000,3304,0,1,1
2243250,3304,0,1,1
2243500,3308,0,1,1
2243750,3306,0,1,1
2244000,3309,0,1,1
2244250,3308,0,1,1
2244500,3313,0,1,1
2244750,3312,0,1,1
2245000,3314,0,1,1
2245250,3311,0,1,1
2245500,3309,0,1,0
2245750,3313,0,1,0
2246000,3314,1,1,0
2246250,3315,1,1,0
2246500,3310,0,1,0
2246750,3315,0,1,0
2247000,3309,0,1,0
2247250,3314,0,1,0
2247500,3310,0,1,0
2247750,3309,0,1,0
2248000,3306,0,1,0
2248250,3305,0,1,0
2248500,3308,0,1,0
2248750,3308,0,1,0
2249000,3303,0,1,0
2249250,3303,0,1,0
2249500,3300,0,1,0
2249750,3304,0,1,0
2250000,3304,0,1,1
2250250,3303,0,1,1
2250500,3298,0,1,1
2250750,3298,0,1,1
2251000,3299,0,1,1
2251250,3300,0,1,1
2251500,3300,0,1,1
2251750,3297,0,1,1
2252000,3299,1,1,1
2252250,3301,1,1,1
2252500,3301,0,1,1
2252750,3301,0,1,1
2253000,3300,0,1,1
2253250,3295,0,1,1
2253500,3296,0,1,1
2253750,3297,0,1,1
2254000,3296,0,1,1
2254250,3331,0,1,1
2254500,3332,0,1,1
2254750,3326,0,1,1
2255000,3323,0,1,1
2255250,3301,0,1,1
2255500,3300,0,1,1
2255750,3300,0,1,1
2256000,3297,0,1,1
2256250,3303,0,1,1
2256500,3300,0,1,1
2256750,3299,0,1,1
2257000,3303,0,1,1
2257250,3299,0,1,1
2257500,3296,0,1,1
2257750,3299,0,1,1
2258000,3301,1,1,1
2258250,3298,1,1,1
2258500,3297,0,1,1
2258750,3294,0,1,1
2259000,3294,0,1,1
2259250,3297,0,1,1
2259500,3292,0,1,1
2259750,3289,0,1,1
2260000,3289,0,1,1
2260250,3293,0,1,1
2260500,3293,0,1,0
2260750,3292,0,1,0
2261000,3287,0,1,0
2261250,3287,0,1,0
2261500,3286,0,1,0
2261750,3288,0,1,0
2262000,3286,0,1,0
2262250,3286,0,1,0
2262500,3288,0,1,0
2262750,3285,0,1,0
2263000,3290,0,1,0
2263250,3290,0,1,0
2263500,3290,0,1,0
2263750,3292,0,1,0
2264000,3294,1,1,0
2264250,3294,1,1,0
2264500,3295,0,1,0
2264750,3293,0,1,0
2265000,3297,0,1,1
2265250,3294,0,1,1
2265500,3296,0,1,1
2265750,3295,0,1,1
2266000,3302,0,1,1
2266250,3331,0,1,1
2266500,3332,0,1,1
2266750,3332,0,1,1
2267000,3326,0,1,1
2267250,3306,0,1,1
2267500,3305,0,1,1
2267750,3306,0,1,1
2268000,3304,0,1,1
2268250,3306,0,1,1
2268500,3303,0,1,1
2268750,3305,0,1,1
2269000,3302,0,1,1
2269250,3306,0,1,1
2269500,3303,0,1,0
2269750,3301,0,1,0
2270000,3301,1,1,0
2270250,3304,1,1,0
2270500,3303,0,1,0
2270750,3305,0,1,0
2271000,3303,0,1,0
2271250,3304,0,1,0
2271500,3299,0,1,0
2271750,3302,0,1,0
2272000,3302,0,1,0
2272250,3327,0,1,0
2272500,3337,0,1,0
2272750,3332,0,1,0
2273000,3328,0,1,0
2273250,3299,0,1,0
2273500,3301,0,1,0
2273750,3300,0,1,0
2274000,3304,0,1,0
2274250,3305,0,1,0
2274500,3300,0,1,0
2274750,3304,0,1,0
2275000,3307,0,1,0
2275250,3308,0,1,0
2275500,3307,0,1,0
2275750,3309,0,1,0
2276000,3304,1,1,0
2276250,3307,1,1,0
2276500,3308,0,1,0
2276750,3311,0,1,0
2277000,3311,0,1,0
2277250,3308,0,1,0
2277500,3308,0,1,0
2277750,3309,0,1,0
2278000,3313,0,1,0
2278250,3283,0,1,0
2278500,3275,0,1,0
2278750,3281,0,1,0
2279000,3290,0,1,0
2279250,3309,0,1,0
2279500,3312,0,1,0
2279750,3306,0,1,0
2280000,3306,0,1,1
2280250,3308,0,1,1
2280500,3310,0,1,1
2280750,3307,0,1,1
2281000,3302,0,1,1
2281250,3302,0,1,1
2281500,3300,0,1,1
2281750,3303,0,1,1
2282000,3302,1,1,1
2282250,3302,1,1,1
2282500,3300,0,1,1
2282750,3295,0,1,1
2283000,3298,0,1,1
2283250,3296,0,1,1
2283500,3292,0,1,1
2283750,3294,0,1,1
2284000,3294,0,1,1
2284250,3267,0,1,1
2284500,3261,0,1,0
2284750,3262,0,1,0
2285000,3270,0,1,0
2285250,3290,0,1,0
2285500,3292,0,1,0
2285750,3291,0,1,0
2286000,3290,0,1,0
2286250,3293,0,1,0
2286500,3295,0,1,0
2286750,3293,0,1,0
2287000,3291,0,1,0
2287250,3297,0,1,0
2287500,3294,0,1,0
2287750,3298,0,1,0
2288000,3296,1,1,0
2288250,3296,1,1,0
2288500,3296,0,1,0
2288750,3296,0,1,0
2289000,3294,0,1,0
2289250,3300,0,1,0
2289500,3296,0,1,0
2289750,3296,0,1,0
2290000,3301,0,1,0
2290250,3266,0,1,0
2290500,3263,0,1,0
2290750,3267,0,1,0
2291000,3274,0,1,0
2291250,3293,0,1,0
2291500,3299,0,1,0
2291750,3296,0,1,0
2292000,3292,0,1,0
2292250,3294,0,1,0
2292500,3294,0,1,0
2292750,3296,0,1,0
2293000,3292,0,1,0
2293250,3289,0,1,0
2293500,3293,0,1,0
2293750,3292,0,1,0
2294000,3294,1,1,0
2294250,3294,1,1,0
2294500,3294,0,1,0
2294750,3294,0,1,0
2295000,3288,0,1,1
2295250,3294,0,1,1
2295500,3289,0,1,1
2295750,3293,0,1,1
2296000,3291,0,1,1
2296250,3292,0,1,1
2296500,3297,0,1,1
2296750,3293,0,1,1
2297000,3299,0,1,1
2297250,3295,0,1,1
2297500,3299,0,1,1
2297750,3300,0,1,1
2298000,3303,0,1,1
2298250,3298,0,1,1
2298500,3302,0,1,1
2298750,3304,0,1,1
2299000,3304,0,1,1
2299250,3308,0,1,1
2299500,3304,0,1,1
2299750,3306,0,1,1
2300000,3307,1,1,1
2300250,3309,1,1,1
2300500,3310,0,1,1
2300750,3308,0,1,1
2301000,3310,0,1,1
2301250,3307,0,1,1
2301500,3311,0,1,1
2301750,3312,0,1,1
2302000,3331,0,1,1
2302250,3303,0,1,1
2302500,3297,0,1,1
2302750,3277,0,1,1
2303000,3286,0,1,1
2303250,3308,0,1,1
2303500,3307,0,1,1
2303750,3307,0,1,1
2304000,3306,0,1,1
2304250,3304,0,1,1
2304500,3307,0,1,1
2304750,3307,0,1,1
2305000,3304,0,1,1
2305250,3305,0,1,1
2305500,3303,0,1,0
2305750,3303,0,1,0
2306000,3306,1,1,0
2306250,3299,1,1,0
2306500,3304,0,1,0
2306750,3302,0,1,0
2307000,3303,0,1,0
2307250,3300,0,1,0
2307500,3306,0,1,0
2307750,3305,0,1,0
2308000,3307,0,1,0
2308250,3303,0,1,0
2308500,3303,0,1,0
2308750,3305,0,1,0
2309000,3305,0,1,0
2309250,3308,0,1,0
2309500,3305,0,1,0
2309750,3309,0,1,0
2310000,3305,0,1,1
2310250,3307,0,1,1
2310500,3307,0,1,1
2310750,3310,0,1,1
2311000,3308,0,1,1
2311250,3304,0,1,1
2311500,3308,0,1,1
2311750,3305,0,1,1
2312000,3309,1,1,1
2312250,3308,1,1,1
2312500,3306,0,1,1
2312750,3307,0,1,1
2313000,3302,0,1,1
2313250,3304,0,1,1
2313500,3300,0,1,1
2313750,3301,0,1,1
2314000,3303,0,1,1
2314250,3272,0,1,1
2314500,3262,0,1,0
2314750,3266,0,1,0
2315000,3275,0,1,0
2315250,3295,0,1,0
2315500,3293,0,1,0
2315750,3293,0,1,0
2316000,3290,0,1,0
2316250,3288,0,1,0
2316500,3292,0,1,0
2316750,3292,0,1,0
2317000,3287,0,1,0
2317250,3292,0,1,0
2317500,3290,0,1,0
2317750,3291,0,1,0
2318000,3292,1,1,0
2318250,3289,1,1,0
2318500,3288,0,1,0
2318750,3287,0,1,0
2319000,3288,0,1,0
2319250,3294,0,1,0
2319500,3293,0,1,0
2319750,3294,0,1,0
2320000,3295,0,1,0
2320250,3261,0,1,0
2320500,3258,0,1,0
2320750,3268,0,1,0
2321000,3271,0,1,0
2321250,3294,0,1,0
2321500,3295,0,1,0
2321750,3299,0,1,0
2322000,3296,0,1,0
2322250,3300,0,1,0
2322500,3300,0,1,0
2322750,3299,0,1,0
2323000,3296,0,1,0
2323250,3297,0,1,0
2323500,3302,0,1,0
2323750,3298,0,1,0
2324000,3299,1,1,0
2324250,3300,1,1,0
2324500,3298,0,1,0
2324750,3299,0,1,0
2325000,3298,0,1,1
2325250,3294,0,1,1
2325500,3296,0,1,1
2325750,3295,0,1,1
2326000,3293,0,1,1
2326250,3323,0,1,1
2326500,3329,0,1,1
2326750,3327,0,1,1
2327000,3317,0,1,1
2327250,3293,0,1,1
2327500,3292,0,1,1
2327750,3296,0,1,1
2328000,3298,0,1,1
2328250,3296,0,1,1
2328500,3294,0,1,1
2328750,3294,0,1,1
2329000,3300,0,1,1
2329250,3296,0,1,1
2329500,3298,0,1,0
2329750,3297,0,1,0
2330000,3301,1,1,0
2330250,3300,1,1,0
2330500,3300,0,1,0
2330750,3300,0,1,0
2331000,3302,0,1,0
2331250,3306,0,1,0
2331500,3304,0,1,0
2331750,3309,0,1,0
2332000,3305,0,1,0
2332250,3310,0,1,0
2332500,3310,0,1,0
2332750,3308,0,1,0
2333000,3308,0,1,0
2333250,3309,0,1,0
2333500,3310,0,1,0
2333750,3313,0,1,0
2334000,3310,0,1,0
2334250,3314,0,1,0
2334500,3315,0,1,0
2334750,3311,0,1,0
2335000,3310,0,1,0
2335250,3312,0,1,0
2335500,3311,0,1,0
2335750,3313,0,1,0
2336000,3308,1,1,0
2336250,3309,1,1,0
2336500,3310,0,1,0
2336750,3307,0,1,0
2337000,3306,0,1,0
2337250,3302,0,1,0
2337500,3306,0,1,0
2337750,3301,0,1,0
2338000,3300,0,1,0
2338250,3299,0,1,0
2338500,3301,0,1,0
2338750,3301,0,1,0
2339000,3302,0,1,0
2339250,3303,0,1,0
2339500,3297,0,1,0
2339750,3302,0,1,0
2340000,3303,0,1,1
2340250,3299,0,1,1
2340500,3301,0,1,1
2340750,3301,0,1,1
2341000,3301,0,1,1
2341250,3298,0,1,1
2341500,3299,0,1,1
2341750,3297,0,1,1
2342000,3302,1,1,1
2342250,3299,1,1,1
2342500,3302,0,1,1
2342750,3302,0,1,1
2343000,3302,0,1,1
2343250,3299,0,1,1
2343500,3305,0,1,1
2343750,3305,0,1,1
2344000,3299,0,1,1
2344250,3270,0,1,1
2344500,3270,0,1,0
2344750,3274,0,1,0
2345000,3277,0,1,0
2345250,3302,0,1,0
2345500,3302,0,1,0
2345750,3299,0,1,0
2346000,3297,0,1,0
2346250,3301,0,1,0
2346500,3299,0,1,0
2346750,3296,0,1,0
2347000,3294,0,1,0
2347250,3292,0,1,0
2347500,3292,0,1,0
2347750,3293,0,1,0
2348000,3290,1,1,0
2348250,3292,1,1,0
2348500,3292,0,1,0
2348750,3291,0,1,0
2349000,3292,0,1,0
2349250,3291,0,1,0
2349500,3286,0,1,0
2349750,3290,0,1,0
2350000,3286,0,1,0
2350250,3290,0,1,0
2350500,3289,0,1,0
2350750,3289,0,1,0
2351000,3288,0,1,0
2351250,3288,0,1,0
2351500,3292,0,1,0
2351750,3287,0,1,0
2352000,3288,0,1,0
2352250,3290,0,1,0
2352500,3292,0,1,0
2352750,3295,0,1,0
2353000,3291,0,1,0
2353250,3298,0,1,0
2353500,3293,0,1,0
2353750,3295,0,1,0
2354000,3296,1,1,0
2354250,3295,1,1,0
2354500,3299,0,1,0
2354750,3303,0,1,0
2355000,3300,0,1,1
2355250,3299,0,1,1
2355500,3304,0,1,1
2355750,3304,0,1,1
2356000,3299,0,1,1
2356250,3333,0,1,1
2356500,3336,0,1,1
2356750,3329,0,1,1
2357000,3326,0,1,1
2357250,3302,0,1,1
2357500,3302,0,1,1
2357750,3304,0,1,1
2358000,3303,0,1,1
2358250,3303,0,1,1
2358500,3301,0,1,1
2358750,3300,0,1,1
2359000,3298,0,1,1
2359250,3297,0,1,1
2359500,3302,0,1,0
2359750,3297,0,1,0
2360000,3302,1,1,0
2360250,3303,1,1,0
2360500,3302,0,1,0
2360750,3298,0,1,0
2361000,3297,0,1,0
2361250,3297,0,1,0
2361500,3301,0,1,0
2361750,3302,0,1,0
2362000,3299,0,1,0
2362250,3304,0,1,0
2362500,3299,0,1,0
2362750,3304,0,1,0
2363000,3304,0,1,0
2363250,3308,0,1,0
2363500,3305,0,1,0
2363750,3305,0,1,0
2364000,3305,0,1,0
2364250,3308,0,1,0
2364500,3312,0,1,0
2364750,3311,0,1,0
2365000,3311,0,1,0
2365250,3314,0,1,0
2365500,3308,0,1,0
2365750,3315,0,1,0
2366000,3309,1,1,0
2366250,3315,1,1,0
2366500,3314,0,1,0
2366750,3310,0,1,0
2367000,3312,0,1,0
2367250,3312,0,1,0
2367500,3308,0,1,0
2367750,3314,0,1,0
2368000,3308,0,1,0
2368250,3310,0,1,0
2368500,3306,0,1,0
2368750,3311,0,1,0
2369000,3307,0,1,0
2369250,3304,0,1,0
2369500,3302,0,1,0
2369750,3303,0,1,0
2370000,3301,0,1,1
2370250,3299,0,1,1
2370500,3299,0,1,1
2370750,3297,0,1,1
2371000,3303,0,1,1
2371250,3301,0,1,1
2371500,3300,0,1,1
2371750,3296,0,1,1
2372000,3296,1,1,1
2372250,3298,1,1,1
2372500,3299,0,1,1
2372750,3296,0,1,1
2373000,3294,0,1,1
2373250,3296,0,1,1
2373500,3294,0,1,1
2373750,3294,0,1,1
2374000,3293,0,1,1
2374250,3322,0,1,1
2374500,3333,0,1,0
2374750,3327,0,1,0
2375000,3318,0,1,0
2375250,3300,0,1,0
2375500,3295,0,1,0
2375750,3300,0,1,0
2376000,3298,0,1,0
2376250,3296,0,1,0
2376500,3298,0,1,0
2376750,3302,0,1,0
2377000,3300,0,1,0
2377250,3301,0,1,0
2377500,3302,0,1,0
2377750,3301,0,1,0
2378000,3300,1,1,0
2378250,3297,1,1,0
2378500,3301,0,1,0
2378750,3300,0,1,0
2379000,3294,0,1,0
2379250,3298,0,1,0
2379500,3295,0,1,0
2379750,3296,0,1,0
2380000,3295,0,1,0
2380250,3319,0,1,0
2380500,3329,0,1,0
2380750,3318,0,1,0
2381000,3318,0,1,0
2381250,3292,0,1,0
2381500,3293,0,1,0
2381750,3288,0,1,0
2382000,3292,0,1,0
2382250,3287,0,1,0
2382500,3286,0,1,0
2382750,3292,0,1,0
2383000,3290,0,1,0
2383250,3286,0,1,0
2383500,3292,0,1,0
2383750,3289,0,1,0
2384000,3293,1,1,0
2384250,3294,1,1,0
2384500,3292,0,1,0
2384750,3293,0,1,0
2385000,3292,0,1,1
2385250,3292,0,1,1
2385500,3294,0,1,1
2385750,3298,0,1,1
2386000,3297,0,1,1
2386250,3299,0,1,1
2386500,3301,0,1,1
2386750,3302,0,1,1
2387000,3299,0,1,1
2387250,3302,0,1,1
2387500,3302,0,1,1
2387750,3302,0,1,1
2388000,3302,0,1,1
2388250,3305,0,1,1
2388500,3306,0,1,1
2388750,3303,0,1,1
2389000,3308,0,1,1
2389250,3304,0,1,1
2389500,3309,0,1,1
2389750,3304,0,1,1
2390000,3306,1,1,1
2390250,3307,1,1,1
2390500,3308,0,1,1
2390750,3306,0,1,1
2391000,3305,0,1,1
2391250,3309,0,1,1
2391500,3304,0,1,1
2391750,3305,0,1,1
2392000,3302,0,1,1
2392250,3307,0,1,1
2392500,3305,0,1,1
2392750,3303,0,1,1
2393000,3302,0,1,1
2393250,3305,0,1,1
2393500,3306,0,1,1
2393750,3303,0,1,1
2394000,3302,0,1,1
2394250,3300,0,1,1
2394500,3302,0,1,1
2394750,3300,0,1,1
2395000,3300,0,1,1
2395250,3304,0,1,1
2395500,3305,0,1,0
2395750,3301,0,1,0
2396000,3306,1,1,0
2396250,3306,1,1,0
2396500,3307,0,1,0
2396750,3305,0,1,0
2397000,3310,0,1,0
2397250,3305,0,1,0
2397500,3309,0,1,0
2397750,3310,0,1,0
2398000,3306,0,1,0
2398250,3283,0,1,0
2398500,3275,0,1,0
2398750,3283,0,1,0
2399000,3288,0,1,0
2399250,3306,0,1,0
2399500,3312,0,1,0
2399750,3311,0,1,0
2400000,3309,0,1,1
2400250,3311,0,1,1
2400500,3306,0,1,1
2400750,3304,0,1,1
2401000,3307,0,1,1
2401250,3308,0,1,1
2401500,3303,0,1,1
2401750,3302,0,1,1
2402000,3299,1,1,1
2402250,3301,1,1,1
2402500,3301,0,1,1
2402750,3297,0,1,1
2403000,3298,0,1,1
2403250,3296,0,1,1
2403500,3295,0,1,1
2403750,3295,0,1,1
2404000,3297,0,1,1
2404250,3295,0,1,1
2404500,3291,0,1,0
2404750,3295,0,1,0
2405000,3292,0,1,0
2405250,3289,0,1,0
2405500,3288,0,1,0
2405750,3294,0,1,0
2406000,3288,0,1,0
2406250,3294,0,1,0
2406500,3292,0,1,0
2406750,3294,0,1,0
2407000,3289,0,1,0
2407250,3290,0,1,0
2407500,3289,0,1,0
2407750,3290,0,1,0
2408000,3294,1,1,0
2408250,3291,1,1,0
2408500,3293,0,1,0
2408750,3292,0,1,0
2409000,3295,0,1,0
2409250,3299,0,1,0
2409500,3293,0,1,0
2409750,3294,0,1,0
2410000,3296,0,1,0
2410250,3297,0,1,0
2410500,3299,0,1,0
2410750,3275,0,1,0
2411000,3273,0,1,0
2411250,3273,0,1,0
2411500,3294,0,1,0
2411750,3299,0,1,0
2412000,3296,0,1,0
2412250,3296,0,1,0
2412500,3295,0,1,0
2412750,3299,0,1,0
2413000,3296,0,1,0
2413250,3293,0,1,0
2413500,3294,0,1,0
2413750,3294,0,1,0
2414000,3292,1,1,0
2414250,3293,1,1,0
2414500,3296,0,1,0
2414750,3295,0,1,0
2415000,3296,0,1,1
2415250,3295,0,1,1
2415500,3291,0,1,1
2415750,3295,0,1,1
2416000,3292,0,1,1
2416250,3266,0,1,1
2416500,3257,0,1,1
2416750,3266,0,1,1
2417000,3273,0,1,1
2417250,3295,0,1,1
2417500,3294,0,1,1
2417750,3298,0,1,1
2418000,3298,0,1,1
2418250,3300,0,1,1
2418500,3301,0,1,1
2418750,3298,0,1,1
2419000,3302,0,1,1
2419250,3306,0,1,1
2419500,3303,0,1,1
2419750,3305,0,1,1
2420000,3307,1,1,1
2420250,3306,1,1,1
2420500,3311,0,1,1
2420750,3307,0,1,1
2421000,3310,0,1,1
2421250,3309,0,1,1
2421500,3308,0,1,1
2421750,3313,0,1,1
2422000,3310,0,1,1
2422250,3314,0,1,1
2422500,3309,0,1,1
2422750,3312,0,1,1
2423000,3312,0,1,1
2423250,3311,0,1,1
2423500,3312,0,1,1
2423750,3310,0,1,1
2424000,3308,0,1,1
2424250,3310,0,1,1
2424500,3308,0,1,1
2424750,3306,0,1,1
2425000,3305,0,1,1
2425250,3308,0,1,1
2425500,3303,0,1,0
2425750,3302,0,1,0
2426000,3301,1,1,0
2426250,3300,1,1,0
2426500,3306,0,1,0
2426750,3303,0,1,0
2427000,3305,0,1,0
2427250,3304,0,1,0
2427500,3298,0,1,0
2427750,3300,0,1,0
2428000,3302,0,1,0
2428250,3301,0,1,0
2428500,3301,0,1,0
2428750,3303,0,1,0
2429000,3300,0,1,0
2429250,3305,0,1,0
2429500,3302,0,1,0
2429750,3301,0,1,0
2430000,3301,0,1,1
2430250,3306,0,1,1
2430500,3302,0,1,1
2430750,3307,0,1,1
2431000,3301,0,1,1
2431250,3304,0,1,1
2431500,3303,0,1,1
2431750,3307,0,1,1
2432000,3308,1,1,1
2432250,3306,1,1,1
2432500,3304,0,1,1
2432750,3305,0,1,1
2433000,3300,0,1,1
2433250,3303,0,1,1
2433500,3300,0,1,1
2433750,3298,0,1,1
2434000,3299,0,1,1
2434250,3297,0,1,1
2434500,3299,0,1,0
2434750,3296,0,1,0
2435000,3298,0,1,0
2435250,3295,0,1,0
2435500,3293,0,1,0
2435750,3295,0,1,0
2436000,3295,0,1,0
2436250,3296,0,1,0
2436500,3294,0,1,0
2436750,3290,0,1,0
2437000,3291,0,1,0
2437250,3288,0,1,0
2437500,3287,0,1,0
2437750,3285,0,1,0
2438000,3285,1,1,0
2438250,3287,1,1,0
2438500,3285,0,1,0
2438750,3285,0,1,0
2439000,3291,0,1,0
2439250,3287,0,1,0
2439500,3289,0,1,0
2439750,3290,0,1,0
2440000,3288,0,1,0
2440250,3289,0,1,0
2440500,3294,0,1,0
2440750,3291,0,1,0
2441000,3295,0,1,0
2441250,3293,0,1,0
2441500,3297,0,1,0
2441750,3294,0,1,0
2442000,3296,0,1,0
2442250,3295,0,1,0
2442500,3299,0,1,0
2442750,3297,0,1,0
2443000,3298,0,1,0
2443250,3296,0,1,0
2443500,3303,0,1,0
2443750,3302,0,1,0
2444000,3300,1,1,0
2444250,3303,1,1,0
2444500,3301,0,1,0
2444750,3297,0,1,0
2445000,3301,0,1,1
2445250,3301,0,1,1
2445500,3302,0,1,1
2445750,3298,0,1,1
2446000,3303,0,1,1
2446250,3299,0,1,1
2446500,3298,0,1,1
2446750,3302,0,1,1
2447000,3299,0,1,1
2447250,3301,0,1,1
2447500,3299,0,1,1
2447750,3300,0,1,1
2448000,3295,0,1,1
2448250,3295,0,1,1
2448500,3297,0,1,1
2448750,3298,0,1,1
2449000,3297,0,1,1
2449250,3302,0,1,1
2449500,3302,0,1,0
2449750,3301,0,1,0
2450000,3302,1,1,0
2450250,3297,1,1,0
2450500,3302,0,1,0
2450750,3299,0,1,0
2451000,3302,0,1,0
2451250,3304,0,1,0
2451500,3305,0,1,0
2451750,3308,0,1,0
2452000,3304,0,1,0
2452250,3310,0,1,0
2452500,3310,0,1,0
2452750,3307,0,1,0
2453000,3307,0,1,0
2453250,3307,0,1,0
2453500,3308,0,1,0
2453750,3309,0,1,0
2454000,3314,0,1,0
2454250,3311,0,1,0
2454500,3311,0,1,0
2454750,3310,0,1,0
2455000,3311,0,1,0
2455250,3309,0,1,0
2455500,3309,0,1,0
2455750,3310,0,1,0
2456000,3308,1,1,0
2456250,3309,1,1,0
2456500,3310,0,1,0
2456750,3307,0,1,0
2457000,3305,0,1,0
2457250,3305,0,1,0
2457500,3304,0,1,0
2457750,3302,0,1,0
2458000,3307,0,1,0
2458250,3302,0,1,0
2458500,3300,0,1,0
2458750,3301,0,1,0
2459000,3298,0,1,0
2459250,3298,0,1,0
2459500,3299,0,1,0
2459750,3300,0,1,0
2460000,3300,0,1,1
2460250,3298,0,1,1
2460500,3299,0,1,1
2460750,3297,0,1,1
2461000,3298,0,1,1
2461250,3297,0,1,1
2461500,3299,0,1,1
2461750,3297,0,1,1
2462000,3300,1,1,1
2462250,3299,1,1,1
2462500,3297,0,1,1
2462750,3301,0,1,1
2463000,3301,0,1,1
2463250,3297,0,1,1
2463500,3302,0,1,1
2463750,3299,0,1,1
2464000,3297,0,1,1
2464250,3297,0,1,1
2464500,3297,0,1,1
2464750,3303,0,1,1
2465000,3301,0,1,1
2465250,3298,0,1,1
2465500,3298,0,1,1
2465750,3299,0,1,1
2466000,3299,0,1,1
2466250,3296,0,1,1
2466500,3297,0,1,1
2466750,3296,0,1,1
2467000,3297,0,1,1
2467250,3296,0,1,1
2467500,3298,0,1,1
2467750,3292,0,1,1
2468000,3291,1,1,1
2468250,3296,1,1,1
2468500,3292,0,1,1
2468750,3290,0,1,1
2469000,3292,0,1,1
2469250,3288,0,1,1
2469500,3287,0,1,1
2469750,3287,0,1,1
2470000,3292,0,1,1
2470250,3285,0,1,1
2470500,3285,0,1,0
2470750,3287,0,1,0
2471000,3288,0,1,0
2471250,3287,0,1,0
2471500,3288,0,1,0
2471750,3291,0,1,0
2472000,3288,0,1,0
2472250,3291,0,1,0
2472500,3289,0,1,0
2472750,3288,0,1,0
2473000,3290,0,1,0
2473250,3291,0,1,0
2473500,3291,0,1,0
2473750,3296,0,1,0
2474000,3298,1,1,0
2474250,3298,1,1,0
2474500,3301,0,1,0
2474750,3297,0,1,0
2475000,3300,0,1,1
2475250,3301,0,1,1
2475500,3301,0,1,1
2475750,3300,0,1,1
2476000,3301,0,1,1
2476250,3304,0,1,1
2476500,3306,0,1,1
2476750,3304,0,1,1
2477000,3307,0,1,1
2477250,3307,0,1,1
2477500,3305,0,1,1
2477750,3302,0,1,1
2478000,3305,0,1,1
2478250,3303,0,1,1
2478500,3305,0,1,1
2478750,3306,0,1,1
2479000,3306,0,1,1
2479250,3306,0,1,1
2479500,3303,0,1,0
2479750,3305,0,1,0
2480000,3303,1,1,0
2480250,3299,1,1,0
2480500,3300,0,1,0
2480750,3303,0,1,0
2481000,3300,0,1,0
2481250,3299,0,1,0
2481500,3300,0,1,0
2481750,3299,0,1,0
2482000,3304,0,1,0
2482250,3305,0,1,0
2482500,3304,0,1,0
2482750,3301,0,1,0
2483000,3305,0,1,0
2483250,3302,0,1,0
2483500,3305,0,1,0
2483750,3301,0,1,0
2484000,3303,0,1,0
2484250,3305,0,1,0
2484500,3306,0,1,0
2484750,3307,0,1,0
2485000,3308,0,1,0
2485250,3306,0,1,0
2485500,3307,0,1,0
2485750,3311,0,1,0
2486000,3307,1,1,0
2486250,3313,1,1,0
2486500,3310,0,1,0
2486750,3313,0,1,0
2487000,3314,0,1,0
2487250,3310,0,1,0
2487500,3309,0,1,0
2487750,3311,0,1,0
2488000,3308,0,1,0
2488250,3311,0,1,0
2488500,3308,0,1,0
2488750,3310,0,1,0
2489000,3306,0,1,0
2489250,3308,0,1,0
2489500,3304,0,1,0
2489750,3306,0,1,0
2490000,3303,0,1,1
2490250,3300,0,1,1
2490500,3302,0,1,1
2490750,3300,0,1,1
2491000,3299,0,1,1
2491250,3299,0,1,1
2491500,3298,0,1,1
2491750,3296,0,1,1
2492000,3297,1,1,1
2492250,3294,1,1,1
2492500,3297,0,1,1
2492750,3295,0,1,1
2493000,3293,0,1,1
2493250,3291,0,1,1
2493500,3296,0,1,1
2493750,3291,0,1,1
2494000,3292,0,1,1
2494250,3295,0,1,1
2494500,3293,0,1,1
2494750,3295,0,1,1
2495000,3294,0,1,1
2495250,3296,0,1,1
2495500,3296,0,1,1
2495750,3294,0,1,1
2496000,3295,0,1,1
2496250,3296,0,1,1
2496500,3292,0,1,1
2496750,3297,0,1,1
2497000,3298,0,1,1
2497250,3296,0,1,1
2497500,3298,0,1,1
2497750,3299,0,1,1
2498000,3296,1,1,1
2498250,3295,1,1,1
2498500,3296,0,1,1
2498750,3300,0,1,1
2499000,3296,0,1,1
2499250,3294,0,1,1
2499500,3297,0,1,1
2499750,3296,0,1,1
2500000,3297,0,1,1
2500250,3294,0,1,1
2500500,3293,0,1,0
2500750,3298,0,1,0
2501000,3293,0,1,0
2501250,3294,0,1,0
2501500,3293,0,1,0
2501750,3296,0,1,0
2502000,3290,0,1,0
2502250,3289,0,1,0
2502500,3289,0,1,0
2502750,3293,0,1,0
2503000,3289,0,1,0
2503250,3290,0,1,0
2503500,3290,0,1,0
2503750,3292,0,1,0
2504000,3289,1,1,0
2504250,3293,1,1,0
2504500,3294,0,1,0
2504750,3292,0,1,0
2505000,3293,0,1,1
2505250,3292,0,1,1
2505500,3296,0,1,1
2505750,3293,0,1,1
2506000,3299,0,1,1
2506250,3294,0,1,1
2506500,3295,0,1,1
2506750,3298,0,1,1
2507000,3298,0,1,1
2507250,3303,0,1,1
2507500,3299,0,1,1
2507750,3302,0,1,1
2508000,3302,0,1,1
2508250,3305,0,1,1
2508500,3303,0,1,1
2508750,3310,0,1,1
2509000,3305,0,1,1
2509250,3309,0,1,1
2509500,3306,0,1,1
2509750,3309,0,1,1
2510000,3307,1,1,1
2510250,3306,1,1,1
2510500,3310,0,1,1
2510750,3307,0,1,1
2511000,3312,0,1,1
2511250,3311,0,1,1
2511500,3311,0,1,1
2511750,3309,0,1,1
2512000,3311,0,1,1
2512250,3276,0,1,1
2512500,3271,0,1,1
2512750,3274,0,1,1
2513000,3285,0,1,1
2513250,3305,0,1,1
2513500,3302,0,1,1
2513750,3303,0,1,1
2514000,3307,0,1,1
2514250,3302,0,1,1
2514500,3300,0,1,1
2514750,3302,0,1,1
2515000,3301,0,1,1
2515250,3304,0,1,1
2515500,3303,0,1,0
2515750,3302,0,1,0
2516000,3301,1,1,0
2516250,3300,1,1,0
2516500,3302,0,1,0
2516750,3303,0,1,0
2517000,3302,0,1,0
2517250,3307,0,1,0
2517500,3308,0,1,0
2517750,3303,0,1,0
2518000,3304,0,1,0
2518250,3303,0,1,0
2518500,3306,0,1,0
2518750,3304,0,1,0
2519000,3307,0,1,0
2519250,3309,0,1,0
2519500,3306,0,1,0
2519750,3310,0,1,0
2520000,3308,0,1,1
2520250,3304,0,1,1
2520500,3304,0,1,1
2520750,3308,0,1,1
2521000,3308,0,1,1
2521250,3306,0,1,1
2521500,3303,0,1,1
2521750,3305,0,1,1
2522000,3302,1,1,1
2522250,3302,1,1,1
2522500,3298,0,1,1
2522750,3301,0,1,1
2523000,3299,0,1,1
2523250,3300,0,1,1
2523500,3301,0,1,1
2523750,3295,0,1,1
2524000,3318,0,1,1
2524250,3316,0,1,1
2524500,3319,0,1,0
2524750,3290,0,1,0
2525000,3293,0,1,0
2525250,3288,0,1,0
2525500,3290,0,1,0
2525750,3291,0,1,0
2526000,3288,0,1,0
2526250,3289,0,1,0
2526500,3292,0,1,0
2526750,3286,0,1,0
2527000,3291,0,1,0
2527250,3289,0,1,0
2527500,3289,0,1,0
2527750,3288,0,1,0
2528000,3291,1,1,0
2528250,3294,1,1,0
2528500,3289,0,1,0
2528750,3289,0,1,0
2529000,3290,0,1,0
2529250,3293,0,1,0
2529500,3297,0,1,0
2529750,3297,0,1,0
2530000,3296,0,1,0
2530250,3299,0,1,0
2530500,3296,0,1,0
2530750,3297,0,1,0
2531000,3297,0,1,0
2531250,3301,0,1,0
2531500,3299,0,1,0
2531750,3295,0,1,0
2532000,3296,0,1,0
2532250,3301,0,1,0
2532500,3299,0,1,0
2532750,3301,0,1,0
2533000,3298,0,1,0
2533250,3296,0,1,0
2533500,3296,0,1,0
2533750,3298,0,1,0
2534000,3295,1,1,0
2534250,3299,1,1,0
2534500,3295,0,1,0
2534750,3299,0,1,0
2535000,3293,0,1,1
2535250,3293,0,1,1
2535500,3299,0,1,1
2535750,3298,0,1,1
2536000,3292,0,1,1
2536250,3294,0,1,1
2536500,3296,0,1,1
2536750,3295,0,1,1
2537000,3299,0,1,1
2537250,3296,0,1,1
2537500,3300,0,1,1
2537750,3297,0,1,1
2538000,3300,0,1,1
2538250,3301,0,1,1
2538500,3302,0,1,1
2538750,3303,0,1,1
2539000,3298,0,1,1
2539250,3302,0,1,1
2539500,3305,0,1,1
2539750,3301,0,1,1
2540000,3302,1,1,1
2540250,3303,1,1,1
2540500,3304,0,1,1
2540750,3309,0,1,1
2541000,3307,0,1,1
2541250,3306,0,1,1
2541500,3307,0,1,1
2541750,3311,0,1,1
2542000,3310,0,1,1
2542250,3314,0,1,1
2542500,3309,0,1,1
2542750,3311,0,1,1
2543000,3315,0,1,1
2543250,3312,0,1,1
2543500,3311,0,1,1
2543750,3313,0,1,1
2544000,3314,0,1,1
2544250,3313,0,1,1
2544500,3308,0,1,1
2544750,3310,0,1,1
2545000,3310,0,1,1
2545250,3307,0,1,1
2545500,3309,0,1,0
2545750,3306,0,1,0
2546000,3309,1,1,0
2546250,3307,1,1,0
2546500,3303,0,1,0
2546750,3302,0,1,0
2547000,3305,0,1,0
2547250,3303,0,1,0
2547500,3299,0,1,0
2547750,3300,0,1,0
2548000,3303,0,1,0
2548250,3299,0,1,0
2548500,3300,0,1,0
2548750,3297,0,1,0
2549000,3303,0,1,0
2549250,3301,0,1,0
2549500,3298,0,1,0
2549750,3300,0,1,0
2550000,3300,0,1,1
2550250,3297,0,1,1
2550500,3303,0,1,1
2550750,3300,0,1,1
2551000,3300,0,1,1
2551250,3302,0,1,1
2551500,3304,0,1,1
2551750,3303,0,1,1
2552000,3304,1,1,1
2552250,3300,1,1,1
2552500,3303,0,1,1
2552750,3303,0,1,1
2553000,3303,0,1,1
2553250,3299,0,1,1
2553500,3305,0,1,1
2553750,3298,0,1,1
2554000,3300,0,1,1
2554250,3302,0,1,1
2554500,3303,0,1,0
2554750,3303,0,1,0
2555000,3301,0,1,0
2555250,3297,0,1,0
2555500,3300,0,1,0
2555750,3296,0,1,0
2556000,3294,0,1,0
2556250,3297,0,1,0
2556500,3292,0,1,0
2556750,3291,0,1,0
2557000,3292,0,1,0
2557250,3290,0,1,0
2557500,3289,0,1,0
2557750,3292,0,1,0
2558000,3290,1,1,0
2558250,3289,1,1,0
2558500,3285,0,1,0
2558750,3289,0,1,0
2559000,3287,0,1,0
2559250,3290,0,1,0
2559500,3287,0,1,0
2559750,3291,0,1,0
2560000,3287,0,1,0
2560250,3286,0,1,0
2560500,3289,0,1,0
2560750,3293,0,1,0
2561000,3288,0,1,0
2561250,3290,0,1,0
2561500,3289,0,1,0
2561750,3293,0,1,0
2562000,3296,0,1,0
2562250,3295,0,1,0
2562500,3298,0,1,0
2562750,3294,0,1,0
2563000,3299,0,1,0
2563250,3301,0,1,0
2563500,3302,0,1,0
2563750,3301,0,1,0
2564000,3298,1,1,0
2564250,3299,1,1,0
2564500,3301,0,1,0
2564750,3303,0,1,0
2565000,3299,0,1,1
2565250,3303,0,1,1
2565500,3300,0,1,1
2565750,3299,0,1,1
2566000,3300,0,1,1
2566250,3300,0,1,1
2566500,3301,0,1,1
2566750,3302,0,1,1
2567000,3304,0,1,1
2567250,3302,0,1,1
2567500,3299,0,1,1
2567750,3303,0,1,1
2568000,3297,0,1,1
2568250,3298,0,1,1
2568500,3300,0,1,1
2568750,3301,0,1,1
2569000,3303,0,1,1
2569250,3303,0,1,1
2569500,3300,0,1,0
2569750,3299,0,1,0
2570000,3303,1,1,0
2570250,3300,1,1,0
2570500,3299,0,1,0
2570750,3299,0,1,0
2571000,3303,0,1,0
2571250,3301,0,1,0
2571500,3301,0,1,0
2571750,3305,0,1,0
2572000,3306,0,1,0
2572250,3335,0,1,0
2572500,3340,0,1,0
2572750,3337,0,1,0
2573000,3334,0,1,0
2573250,3309,0,1,0
2573500,3306,0,1,0
2573750,3309,0,1,0
2574000,3308,0,1,0
2574250,3314,0,1,0
2574500,3309,0,1,0
2574750,3310,0,1,0
2575000,3310,0,1,0
2575250,3310,0,1,0
2575500,3311,0,1,0
2575750,3313,0,1,0
2576000,3309,1,1,0
2576250,3310,1,1,0
2576500,3308,0,1,0
2576750,3309,0,1,0
2577000,3311,0,1,0
2577250,3308,0,1,0
2577500,3305,0,1,0
2577750,3310,0,1,0
2578000,3307,0,1,0
2578250,3275,0,1,0
2578500,3267,0,1,0
2578750,3271,0,1,0
2579000,3275,0,1,0
2579250,3300,0,1,0
2579500,3301,0,1,0
2579750,3303,0,1,0
2580000,3297,0,1,1
2580250,3300,0,1,1
2580500,3297,0,1,1
2580750,3294,0,1,1
2581000,3299,0,1,1
2581250,3299,0,1,1
2581500,3296,0,1,1
2581750,3294,0,1,1
2582000,3294,1,1,1
2582250,3297,1,1,1
2582500,3296,0,1,1
2582750,3296,0,1,1
2583000,3298,0,1,1
2583250,3293,0,1,1
2583500,3294,0,1,1
2583750,3297,0,1,1
2584000,3300,0,1,1
2584250,3295,0,1,1
2584500,3295,0,1,0
2584750,3298,0,1,0
2585000,3298,0,1,0
2585250,3298,0,1,0
2585500,3299,0,1,0
2585750,3299,0,1,0
2586000,3298,0,1,0
2586250,3301,0,1,0
2586500,3302,0,1,0
2586750,3300,0,1,0
2587000,3299,0,1,0
2587250,3301,0,1,0
2587500,3296,0,1,0
2587750,3295,0,1,0
2588000,3298,1,1,0
2588250,3299,1,1,0
2588500,3293,0,1,0
2588750,3291,0,1,0
2589000,3296,0,1,0
2589250,3295,0,1,0
2589500,3291,0,1,0
2589750,3293,0,1,0
2590000,3292,0,1,0
2590250,3291,0,1,0
2590500,3290,0,1,0
2590750,3288,0,1,0
2591000,3292,0,1,0
2591250,3287,0,1,0
2591500,3292,0,1,0
2591750,3289,0,1,0
2592000,3292,0,1,0
2592250,3287,0,1,0
2592500,3292,0,1,0
2592750,3293,0,1,0
2593000,3288,0,1,0
2593250,3291,0,1,0
2593500,3289,0,1,0
2593750,3296,0,1,0
2594000,3295,1,1,0
2594250,3293,1,1,0
2594500,3294,0,1,0
2594750,3297,0,1,0
2595000,3295,0,1,1
2595250,3299,0,1,1
2595500,3302,0,1,1
2595750,3297,0,1,1
2596000,3304,0,1,1
2596250,3303,0,1,1
2596500,3301,0,1,1
2596750,3302,0,1,1
2597000,3305,0,1,1
2597250,3307,0,1,1
2597500,3305,0,1,1
2597750,3308,0,1,1
2598000,3307,0,1,1
2598250,3310,0,1,1
2598500,3310,0,1,1
2598750,3310,0,1,1
2599000,3307,0,1,1
2599250,3310,0,1,1
2599500,3308,0,1,1
2599750,3305,0,1,1
2600000,3309,1,1,1
2600250,3306,1,1,1
2600500,3304,0,1,1
2600750,3308,0,1,1
2601000,3304,0,1,1
2601250,3304,0,1,1
2601500,3307,0,1,1
2601750,3303,0,1,1
2602000,3300,0,1,1
2602250,3272,0,1,1
2602500,3271,0,1,1
2602750,3275,0,1,1
2603000,3277,0,1,1
2603250,3299,0,1,1
2603500,3305,0,1,1
2603750,3305,0,1,1
2604000,3304,0,1,1
2604250,3302,0,1,1
2604500,3302,0,1,1
2604750,3304,0,1,1
2605000,3306,0,1,1
2605250,3307,0,1,1
2605500,3306,0,1,0
2605750,3304,0,1,0
2606000,3305,1,1,0
2606250,3306,1,1,0
2606500,3311,0,1,0
2606750,3311,0,1,0
2607000,3308,0,1,0
2607250,3310,0,1,0
2607500,3311,0,1,0
2607750,3308,0,1,0
2608000,3307,0,1,0
2608250,3309,0,1,0
2608500,3307,0,1,0
2608750,3308,0,1,0
2609000,3306,0,1,0
2609250,3307,0,1,0
2609500,3309,0,1,0
2609750,3307,0,1,0
2610000,3303,0,1,1
2610250,3304,0,1,1
2610500,3302,0,1,1
2610750,3302,0,1,1
2611000,3301,0,1,1
2611250,3301,0,1,1
2611500,3302,0,1,1
2611750,3301,0,1,1
2612000,3297,1,1,1
2612250,3295,1,1,1
2612500,3296,0,1,1
2612750,3293,0,1,1
2613000,3296,0,1,1
2613250,3293,0,1,1
2613500,3294,0,1,1
2613750,3294,0,1,1
2614000,3292,0,1,1
2614250,3291,0,1,1
2614500,3292,0,1,0
2614750,3292,0,1,0
2615000,3288,0,1,0
2615250,3294,0,1,0
2615500,3290,0,1,0
2615750,3290,0,1,0
2616000,3289,0,1,0
2616250,3292,0,1,0
2616500,3289,0,1,0
2616750,3294,0,1,0
2617000,3290,0,1,0
2617250,3292,0,1,0
2617500,3296,0,1,0
2617750,3296,0,1,0
2618000,3295,1,1,0
2618250,3296,1,1,0
2618500,3297,0,1,0
2618750,3300,0,1,0
2619000,3297,0,1,0
2619250,3295,0,1,0
2619500,3296,0,1,0
2619750,3299,0,1,0
2620000,3299,0,1,0
2620250,3325,0,1,0
2620500,3333,0,1,0
2620750,3324,0,1,0
2621000,3323,0,1,0
2621250,3294,0,1,0
2621500,3298,0,1,0
2621750,3294,0,1,0
2622000,3293,0,1,0
2622250,3293,0,1,0
2622500,3295,0,1,0
2622750,3293,0,1,0
2623000,3296,0,1,0
2623250,3295,0,1,0
2623500,3290,0,1,0
2623750,3290,0,1,0
2624000,3296,1,1,0
2624250,3293,1,1,0
2624500,3295,0,1,0
2624750,3294,0,1,0
2625000,3294,0,1,1
2625250,3295,0,1,1
2625500,3294,0,1,1
2625750,3292,0,1,1
2626000,3298,0,1,1
2626250,3295,0,1,1
2626500,3297,0,1,1
2626750,3299,0,1,1
2627000,3302,0,1,1
2627250,3299,0,1,1
2627500,3303,0,1,1
2627750,3300,0,1,1
2628000,3305,0,1,1
2628250,3305,0,1,1
2628500,3303,0,1,1
2628750,3304,0,1,1
2629000,3305,0,1,1
2629250,3306,0,1,1
2629500,3308,0,1,1
2629750,3307,0,1,1
2630000,3312,1,1,1
2630250,3309,1,1,1
2630500,3314,0,1,1
2630750,3312,0,1,1
2631000,3311,0,1,1
2631250,3314,0,1,1
2631500,3313,0,1,1
2631750,3313,0,1,1
2632000,3310,0,1,1
2632250,3307,0,1,1
2632500,3308,0,1,1
2632750,3312,0,1,1
2633000,3308,0,1,1
2633250,3310,0,1,1
2633500,3308,0,1,1
2633750,3305,0,1,1
2634000,3308,0,1,1
2634250,3308,0,1,1
2634500,3304,0,1,1
2634750,3301,0,1,1
2635000,3306,0,1,1
2635250,3304,0,1,1
2635500,3304,0,1,0
2635750,3299,0,1,0
2636000,3299,1,1,0
2636250,3303,1,1,0
2636500,3304,0,1,0
2636750,3303,0,1,0
2637000,3299,0,1,0
2637250,3304,0,1,0
2637500,3300,0,1,0
2637750,3304,0,1,0
2638000,3300,0,1,0
2638250,3301,0,1,0
2638500,3304,0,1,0
2638750,3301,0,1,0
2639000,3301,0,1,0
2639250,3302,0,1,0
2639500,3303,0,1,0
2639750,3305,0,1,0
2640000,3308,0,1,1
2640250,3306,0,1,1
2640500,3306,0,1,1
2640750,3302,0,1,1
2641000,3305,0,1,1
2641250,3305,0,1,1
2641500,3306,0,1,1
2641750,3302,0,1,1
2642000,3300,1,1,1
2642250,3304,1,1,1
2642500,3299,0,1,1
2642750,3303,0,1,1
2643000,3297,0,1,1
2643250,3299,0,1,1
2643500,3300,0,1,1
2643750,3300,0,1,1
2644000,3294,0,1,1
2644250,3293,0,1,1
2644500,3297,0,1,0
2644750,3292,0,1,0
2645000,3291,0,1,0
2645250,3293,0,1,0
2645500,3289,0,1,0
2645750,3292,0,1,0
2646000,3293,0,1,0
2646250,3286,0,1,0
2646500,3288,0,1,0
2646750,3288,0,1,0
2647000,3288,0,1,0
2647250,3285,0,1,0
2647500,3285,0,1,0
2647750,3285,0,1,0
2648000,3290,1,1,0
2648250,3285,1,1,0
2648500,3288,0,1,0
2648750,3288,0,1,0
2649000,3293,0,1,0
2649250,3291,0,1,0
2649500,3289,0,1,0
2649750,3289,0,1,0
2650000,3292,0,1,0
2650250,3296,0,1,0
2650500,3297,0,1,0
2650750,3296,0,1,0
2651000,3294,0,1,0
2651250,3300,0,1,0
2651500,3299,0,1,0
2651750,3299,0,1,0
2652000,3299,0,1,0
2652250,3302,0,1,0
2652500,3302,0,1,0
2652750,3303,0,1,0
2653000,3298,0,1,0
2653250,3298,0,1,0
2653500,3302,0,1,0
2653750,3301,0,1,0
2654000,3301,1,1,0
2654250,3299,1,1,0
2654500,3303,0,1,0
2654750,3301,0,1,0
2655000,3299,0,1,1
2655250,3297,0,1,1
2655500,3301,0,1,1
2655750,3301,0,1,1
2656000,3299,0,1,1
2656250,3300,0,1,1
2656500,3300,0,1,1
2656750,3297,0,1,1
2657000,3296,0,1,1
2657250,3296,0,1,1
2657500,3297,0,1,1
2657750,3300,0,1,1
2658000,3295,0,1,1
2658250,3297,0,1,1
2658500,3297,0,1,1
2658750,3300,0,1,1
2659000,3300,0,1,1
2659250,3301,0,1,1
2659500,3302,0,1,1
2659750,3305,0,1,1
2660000,3300,1,1,1
2660250,3301,1,1,1
2660500,3303,0,1,1
2660750,3308,0,1,1
2661000,3309,0,1,1
2661250,3304,0,1,1
2661500,3308,0,1,1
2661750,3309,0,1,1
2662000,3309,0,1,1
2662250,3343,0,1,1
2662500,3343,0,1,1
2662750,3342,0,1,1
2663000,3335,0,1,1
2663250,3313,0,1,1
2663500,3309,0,1,1
2663750,3315,0,1,1
2664000,3310,0,1,1
2664250,3310,0,1,1
2664500,3313,0,1,1
2664750,3310,0,1,1
2665000,3310,0,1,1
2665250,3310,0,1,1
2665500,3307,0,1,0
2665750,3309,0,1,0
2666000,3311,1,1,0
2666250,3310,1,1,0
2666500,3307,0,1,0
2666750,3302,0,1,0
2667000,3303,0,1,0
2667250,3300,0,1,0
2667500,3300,0,1,0
2667750,3299,0,1,0
2668000,3301,0,1,0
2668250,3302,0,1,0
2668500,3300,0,1,0
2668750,3298,0,1,0
2669000,3300,0,1,0
2669250,3301,0,1,0
2669500,3297,0,1,0
2669750,3297,0,1,0
2670000,3295,0,1,1
2670250,3295,0,1,1
2670500,3296,0,1,1
2670750,3301,0,1,1
2671000,3301,0,1,1
2671250,3295,0,1,1
2671500,3301,0,1,1
2671750,3302,0,1,1
2672000,3301,1,1,1
2672250,3302,1,1,1
2672500,3303,0,1,1
2672750,3300,0,1,1
2673000,3302,0,1,1
2673250,3301,0,1,1
2673500,3297,0,1,1
2673750,3301,0,1,1
2674000,3297,0,1,1
2674250,3272,0,1,1
2674500,3263,0,1,0
2674750,3273,0,1,0
2675000,3273,0,1,0
2675250,3302,0,1,0
2675500,3298,0,1,0
2675750,3300,0,1,0
2676000,3296,0,1,0
2676250,3298,0,1,0
2676500,3298,0,1,0
2676750,3295,0,1,0
2677000,3297,0,1,0
2677250,3293,0,1,0
2677500,3290,0,1,0
2677750,3289,0,1,0
2678000,3292,1,1,0
2678250,3290,1,1,0
2678500,3289,0,1,0
2678750,3292,0,1,0
2679000,3287,0,1,0
2679250,3286,0,1,0
2679500,3287,0,1,0
2679750,3286,0,1,0
2680000,3290,0,1,0
2680250,3287,0,1,0
2680500,3287,0,1,0
2680750,3292,0,1,0
2681000,3289,0,1,0
2681250,3293,0,1,0
2681500,3293,0,1,0
2681750,3288,0,1,0
2682000,3290,0,1,0
2682250,3293,0,1,0
2682500,3295,0,1,0
2682750,3298,0,1,0
2683000,3293,0,1,0
2683250,3296,0,1,0
2683500,3298,0,1,0
2683750,3301,0,1,0
2684000,3299,1,1,0
2684250,3297,1,1,0
2684500,3300,0,1,0
2684750,3305,0,1,0
2685000,3299,0,1,1
2685250,3306,0,1,1
2685500,3302,0,1,1
2685750,3303,0,1,1
2686000,3305,0,1,1
2686250,3277,0,1,1
2686500,3269,0,1,1
2686750,3274,0,1,1
2687000,3278,0,1,1
2687250,3308,0,1,1
2687500,3307,0,1,1
2687750,3306,0,1,1
2688000,3306,0,1,1
2688250,3301,0,1,1
2688500,3306,0,1,1
2688750,3304,0,1,1
2689000,3303,0,1,1
2689250,3301,0,1,1
2689500,3301,0,1,1
2689750,3300,0,1,1
2690000,3298,1,1,1
2690250,3302,1,1,1
2690500,3298,0,1,1
2690750,3300,0,1,1
2691000,3301,0,1,1
2691250,3299,0,1,1
2691500,3305,0,1,1
2691750,3301,0,1,1
2692000,3302,0,1,1
2692250,3334,0,1,1
2692500,3339,0,1,1
2692750,3331,0,1,1
2693000,3328,0,1,1
2693250,3305,0,1,1
2693500,3308,0,1,1
2693750,3305,0,1,1
2694000,3305,0,1,1
2694250,3309,0,1,1
2694500,3306,0,1,1
2694750,3308,0,1,1
2695000,3311,0,1,1
2695250,3307,0,1,1
2695500,3308,0,1,0
2695750,3314,0,1,0
2696000,3313,1,1,0
2696250,3313,1,1,0
2696500,3313,0,1,0
2696750,3314,0,1,0
2697000,3308,0,1,0
2697250,3307,0,1,0
2697500,3307,0,1,0
2697750,3312,0,1,0
2698000,3308,0,1,0
2698250,3304,0,1,0
2698500,3309,0,1,0
2698750,3305,0,1,0
2699000,3305,0,1,0
2699250,3304,0,1,0
2699500,3303,0,1,0
2699750,3300,0,1,0
2700000,3303,0,1,1
2700250,3298,0,1,1
2700500,3298,0,1,1
2700750,3298,0,1,1
2701000,3294,0,1,1
2701250,3294,0,1,1
2701500,3294,0,1,1
2701750,3292,0,1,1
2702000,3293,1,1,1
2702250,3296,1,1,1
2702500,3294,0,1,1
2702750,3292,0,1,1
2703000,3296,0,1,1
2703250,3293,0,1,1
2703500,3294,0,1,1
2703750,3292,0,1,1
2704000,3292,0,1,1
2704250,3268,0,1,1
2704500,3261,0,1,1
2704750,3262,0,1,1
2705000,3269,0,1,1
2705250,3297,0,1,1
2705500,3295,0,1,1
2705750,3294,0,1,1
2706000,3293,0,1,1
2706250,3296,0,1,1
2706500,3297,0,1,1
2706750,3296,0,1,1
2707000,3295,0,1,1
2707250,3301,0,1,1
2707500,3298,0,1,1
2707750,3297,0,1,1
2708000,3294,1,1,1
2708250,3298,1,1,1
2708500,3294,0,1,1
2708750,3295,0,1,1
2709000,3294,0,1,1
2709250,3293,0,1,1
2709500,3298,0,1,1
2709750,3296,0,1,1
2710000,3293,0,1,1
2710250,3263,0,1,1
2710500,3260,0,1,0
2710750,3262,0,1,0
2711000,3271,0,1,0
2711250,3291,0,1,0
2711500,3290,0,1,0
2711750,3291,0,1,0
2712000,3293,0,1,0
2712250,3292,0,1,0
2712500,3293,0,1,0
2712750,3292,0,1,0
2713000,3289,0,1,0
2713250,3289,0,1,0
2713500,3295,0,1,0
2713750,3291,0,1,0
2714000,3291,1,1,0
2714250,3295,1,1,0
2714500,3295,0,1,0
2714750,3296,0,1,0
2715000,3298,0,1,1
2715250,3298,0,1,1
2715500,3301,0,1,1
2715750,3303,0,1,1
2716000,3297,0,1,1
2716250,3270,0,1,1
2716500,3268,0,1,1
2716750,3273,0,1,1
2717000,3283,0,1,1
2717250,3306,0,1,1
2717500,3303,0,1,1
2717750,3304,0,1,1
2718000,3309,0,1,1
2718250,3308,0,1,1
2718500,3309,0,1,1
2718750,3312,0,1,1
2719000,3306,0,1,1
2719250,3312,0,1,1
2719500,3311,0,1,1
2719750,3308,0,1,1
2720000,3312,1,1,1
2720250,3312,1,1,1
2720500,3312,0,1,1
2720750,3311,0,1,1
2721000,3311,0,1,1
2721250,3310,0,1,1
2721500,3310,0,1,1
2721750,3307,0,1,1
2722000,3308,0,1,1
2722250,3306,0,1,1
2722500,3303,0,1,1
2722750,3305,0,1,1
2723000,3304,0,1,1
2723250,3302,0,1,1
2723500,3305,0,1,1
2723750,3304,0,1,1
2724000,3301,0,1,1
2724250,3302,0,1,1
2724500,3304,0,1,1
2724750,3303,0,1,1
2725000,3303,0,1,1
2725250,3300,0,1,1
2725500,3300,0,1,0
2725750,3302,0,1,0
2726000,3303,1,1,0
2726250,3304,1,1,0
2726500,3304,0,1,0
2726750,3304,0,1,0
2727000,3308,0,1,0
2727250,3308,0,1,0
2727500,3307,0,1,0
2727750,3310,0,1,0
2728000,3305,0,1,0
2728250,3310,0,1,0
2728500,3304,0,1,0
2728750,3288,0,1,0
2729000,3282,0,1,0
2729250,3286,0,1,0
2729500,3306,0,1,0
2729750,3309,0,1,0
2730000,3309,0,1,1
2730250,3306,0,1,1
2730500,3304,0,1,1
2730750,3304,0,1,1
2731000,3301,0,1,1
2731250,3300,0,1,1
2731500,3301,0,1,1
2731750,3297,0,1,1
2732000,3303,1,1,1
2732250,3297,1,1,1
2732500,3294,0,1,1
2732750,3296,0,1,1
2733000,3295,0,1,1
2733250,3292,0,1,1
2733500,3292,0,1,1
2733750,3289,0,1,1
2734000,3294,0,1,1
2734250,3294,0,1,1
2734500,3288,0,1,1
2734750,3293,0,1,1
2735000,3291,0,1,1
2735250,3290,0,1,1
2735500,3291,0,1,1
2735750,3291,0,1,1
2736000,3292,0,1,1
2736250,3286,0,1,1
2736500,3286,0,1,1
2736750,3291,0,1,1
2737000,3288,0,1,1
2737250,3293,0,1,1
2737500,3290,0,1,1
2737750,3294,0,1,1
2738000,3290,1,1,1
2738250,3292,1,1,1
2738500,3297,0,1,1
2738750,3297,0,1,1
2739000,3297,0,1,1
2739250,3293,0,1,1
2739500,3295,0,1,1
2739750,3298,0,1,1
2740000,3300,0,1,1
2740250,3324,0,1,1
2740500,3330,0,1,0
2740750,3328,0,1,0
2741000,3324,0,1,0
2741250,3297,0,1,0
2741500,3297,0,1,0
2741750,3298,0,1,0
2742000,3298,0,1,0
2742250,3299,0,1,0
2742500,3298,0,1,0
2742750,3300,0,1,0
2743000,3294,0,1,0
2743250,3296,0,1,0
2743500,3297,0,1,0
2743750,3294,0,1,0
2744000,3298,1,1,0
2744250,3295,1,1,0
2744500,3297,0,1,0
2744750,3293,0,1,0
2745000,3296,0,1,1
2745250,3293,0,1,1
2745500,3294,0,1,1
2745750,3296,0,1,1
2746000,3317,0,1,1
2746250,3351,0,1,1
2746500,3355,0,1,1
2746750,3325,0,1,1
2747000,3325,0,1,1
2747250,3301,0,1,1
2747500,3298,0,1,1
2747750,3300,0,1,1
2748000,3300,0,1,1
2748250,3300,0,1,1
2748500,3306,0,1,1
2748750,3302,0,1,1
2749000,3307,0,1,1
2749250,3304,0,1,1
2749500,3308,0,1,1
2749750,3306,0,1,1
2750000,3306,1,1,1
2750250,3312,1,1,1
2750500,3312,0,1,1
2750750,3309,0,1,1
2751000,3312,0,1,1
2751250,3314,0,1,1
2751500,3315,0,1,1
2751750,3312,0,1,1
2752000,3312,0,1,1
2752250,3314,0,1,1
2752500,3310,0,1,1
2752750,3312,0,1,1
2753000,3310,0,1,1
2753250,3308,0,1,1
2753500,3313,0,1,1
2753750,3311,0,1,1
2754000,3310,0,1,1
2754250,3310,0,1,1
2754500,3305,0,1,1
2754750,3304,0,1,1
2755000,3308,0,1,1
2755250,3303,0,1,1
2755500,3305,0,1,0
2755750,3301,0,1,0
2756000,3304,1,1,0
2756250,3299,1,1,0
2756500,3304,0,1,0
2756750,3304,0,1,0
2757000,3299,0,1,0
2757250,3298,0,1,0
2757500,3298,0,1,0
2757750,3303,0,1,0
2758000,3303,0,1,0
2758250,3302,0,1,0
2758500,3303,0,1,0
2758750,3297,0,1,0
2759000,3303,0,1,0
2759250,3300,0,1,0
2759500,3303,0,1,0
2759750,3303,0,1,0
2760000,3303,0,1,1
2760250,3302,0,1,1
2760500,3302,0,1,1
2760750,3302,0,1,1
2761000,3303,0,1,1
2761250,3305,0,1,1
2761500,3301,0,1,1
2761750,3299,0,1,1
2762000,3300,1,1,1
2762250,3305,1,1,1
2762500,3304,0,1,1
2762750,3299,0,1,1
2763000,3298,0,1,1
2763250,3298,0,1,1
2763500,3298,0,1,1
2763750,3303,0,1,1
2764000,3299,0,1,1
2764250,3298,0,1,1
2764500,3297,0,1,0
2764750,3294,0,1,0
2765000,3295,0,1,0
2765250,3291,0,1,0
2765500,3290,0,1,0
2765750,3292,0,1,0
2766000,3293,0,1,0
2766250,3290,0,1,0
2766500,3290,0,1,0
2766750,3287,0,1,0
2767000,3292,0,1,0
2767250,3285,0,1,0
2767500,3290,0,1,0
2767750,3290,0,1,0
2768000,3286,1,1,0
2768250,3290,1,1,0
2768500,3289,0,1,0
2768750,3289,0,1,0
2769000,3286,0,1,0
2769250,3289,0,1,0
2769500,3290,0,1,0
2769750,3287,0,1,0
2770000,3290,0,1,0
2770250,3291,0,1,0
2770500,3292,0,1,0
2770750,3291,0,1,0
2771000,3296,0,1,0
2771250,3292,0,1,0
2771500,3295,0,1,0
2771750,3294,0,1,0
2772000,3297,0,1,0
2772250,3300,0,1,0
2772500,3299,0,1,0
2772750,3303,0,1,0
2773000,3298,0,1,0
2773250,3300,0,1,0
2773500,3299,0,1,0
2773750,3301,0,1,0
2774000,3300,1,1,0
2774250,3304,1,1,0
2774500,3301,0,1,0
2774750,3299,0,1,0
2775000,3304,0,1,1
2775250,3300,0,1,1
2775500,3304,0,1,1
2775750,3305,0,1,1
2776000,3300,0,1,1
2776250,3303,0,1,1
2776500,3301,0,1,1
2776750,3301,0,1,1
2777000,3299,0,1,1
2777250,3302,0,1,1
2777500,3298,0,1,1
2777750,3300,0,1,1
2778000,3303,0,1,1
2778250,3300,0,1,1
2778500,3301,0,1,1
2778750,3299,0,1,1
2779000,3301,0,1,1
2779250,3299,0,1,1
2779500,3299,0,1,0
2779750,3302,0,1,0
2780000,3299,1,1,0
2780250,3302,1,1,0
2780500,3301,0,1,0
2780750,3301,0,1,0
2781000,3301,0,1,0
2781250,3308,0,1,0
2781500,3304,0,1,0
2781750,3306,0,1,0
2782000,3310,0,1,0
2782250,3310,0,1,0
2782500,3310,0,1,0
2782750,3308,0,1,0
2783000,3308,0,1,0
2783250,3310,0,1,0
2783500,3314,0,1,0
2783750,3313,0,1,0
2784000,3315,0,1,0
2784250,3313,0,1,0
2784500,3312,0,1,0
2784750,3312,0,1,0
2785000,3309,0,1,0
2785250,3314,0,1,0
2785500,3313,0,1,0
2785750,3311,0,1,0
2786000,3309,1,1,0
2786250,3306,1,1,0
2786500,3306,0,1,0
2786750,3310,0,1,0
2787000,3304,0,1,0
2787250,3303,0,1,0
2787500,3302,0,1,0
2787750,3303,0,1,0
2788000,3304,0,1,0
2788250,3302,0,1,0
2788500,3300,0,1,0
2788750,3301,0,1,0
2789000,3298,0,1,0
2789250,3299,0,1,0
2789500,3295,0,1,0
2789750,3295,0,1,0
2790000,3297,0,1,1
2790250,3296,0,1,1
2790500,3299,0,1,1
2790750,3292,0,1,1
2791000,3298,0,1,1
2791250,3296,0,1,1
2791500,3293,0,1,1
2791750,3292,0,1,1
2792000,3294,1,1,1
2792250,3299,1,1,1
2792500,3298,0,1,1
2792750,3300,0,1,1
2793000,3298,0,1,1
2793250,3299,0,1,1
2793500,3296,0,1,1
2793750,3300,0,1,1
2794000,3298,0,1,1
2794250,3297,0,1,1
2794500,3296,0,1,1
2794750,3297,0,1,1
2795000,3297,0,1,1
2795250,3302,0,1,1
2795500,3302,0,1,1
2795750,3300,0,1,1
2796000,3299,0,1,1
2796250,3299,0,1,1
2796500,3296,0,1,1
2796750,3295,0,1,1
2797000,3293,0,1,1
2797250,3297,0,1,1
2797500,3295,0,1,1
2797750,3293,0,1,1
2798000,3293,1,1,1
2798250,3292,1,1,1
2798500,3294,0,1,1
2798750,3289,0,1,1
2799000,3292,0,1,1
2799250,3288,0,1,1
2799500,3287,0,1,1
2799750,3287,0,1,1
2800000,3287,0,1,1
2800250,3292,0,1,1
2800500,3292,0,1,0
2800750,3287,0,1,0
2801000,3288,0,1,0
2801250,3290,0,1,0
2801500,3293,0,1,0
2801750,3293,0,1,0
2802000,3292,0,1,0
2802250,3291,0,1,0
2802500,3292,0,1,0
2802750,3293,0,1,0
2803000,3295,0,1,0
2803250,3298,0,1,0
2803500,3297,0,1,0
2803750,3296,0,1,0
2804000,3296,1,1,0
2804250,3300,1,1,0
2804500,3297,0,1,0
2804750,3298,0,1,0
2805000,3303,0,1,1
2805250,3306,0,1,1
2805500,3304,0,1,1
2805750,3307,0,1,1
2806000,3304,0,1,1
2806250,3304,0,1,1
2806500,3306,0,1,1
2806750,3305,0,1,1
2807000,3304,0,1,1
2807250,3304,0,1,1
2807500,3307,0,1,1
2807750,3306,0,1,1
2808000,3307,0,1,1
2808250,3308,0,1,1
2808500,3309,0,1,1
2808750,3303,0,1,1
2809000,3305,0,1,1
2809250,3309,0,1,1
2809500,3302,0,1,1
2809750,3306,0,1,1
2810000,3302,1,1,1
2810250,3301,1,1,1
2810500,3302,0,1,1
2810750,3303,0,1,1
2811000,3300,0,1,1
2811250,3300,0,1,1
2811500,3299,0,1,1
2811750,3299,0,1,1
2812000,3301,0,1,1
2812250,3301,0,1,1
2812500,3300,0,1,1
2812750,3304,0,1,1
2813000,3304,0,1,1
2813250,3302,0,1,1
2813500,3307,0,1,1
2813750,3305,0,1,1
2814000,3302,0,1,1
2814250,3306,0,1,1
2814500,3307,0,1,1
2814750,3308,0,1,1
2815000,3304,0,1,1
2815250,3307,0,1,1
2815500,3307,0,1,0
2815750,3308,0,1,0
2816000,3306,1,1,0
2816250,3312,1,1,0
2816500,3308,0,1,0
2816750,3309,0,1,0
2817000,3309,0,1,0
2817250,3311,0,1,0
2817500,3308,0,1,0
2817750,3307,0,1,0
2818000,3311,0,1,0
2818250,3305,0,1,0
2818500,3305,0,1,0
2818750,3306,0,1,0
2819000,3304,0,1,0
2819250,3305,0,1,0
2819500,3301,0,1,0
2819750,3304,0,1,0
2820000,3304,0,1,1
2820250,3303,0,1,1
2820500,3299,0,1,1
2820750,3298,0,1,1
2821000,3297,0,1,1
2821250,3295,0,1,1
2821500,3296,0,1,1
2821750,3296,0,1,1
2822000,3291,1,1,1
2822250,3296,1,1,1
2822500,3290,0,1,1
2822750,3289,0,1,1
2823000,3290,0,1,1
2823250,3290,0,1,1
2823500,3294,0,1,1
2823750,3293,0,1,1
2824000,3292,0,1,1
2824250,3265,0,1,1
2824500,3259,0,1,0
2824750,3262,0,1,0
2825000,3271,0,1,0
2825250,3289,0,1,0
2825500,3294,0,1,0
2825750,3293,0,1,0
2826000,3291,0,1,0
2826250,3297,0,1,0
2826500,3296,0,1,0
2826750,3297,0,1,0
2827000,3294,0,1,0
2827250,3298,0,1,0
2827500,3294,0,1,0
2827750,3296,0,1,0
2828000,3299,1,1,0
2828250,3294,1,1,0
2828500,3297,0,1,0
2828750,3299,0,1,0
2829000,3295,0,1,0
2829250,3295,0,1,0
2829500,3294,0,1,0
2829750,3297,0,1,0
2830000,3298,0,1,0
2830250,3325,0,1,0
2830500,3329,0,1,0
2830750,3328,0,1,0
2831000,3316,0,1,0
2831250,3296,0,1,0
2831500,3294,0,1,0
2831750,3295,0,1,0
2832000,3297,0,1,0
2832250,3294,0,1,0
2832500,3291,0,1,0
2832750,3290,0,1,0
2833000,3295,0,1,0
2833250,3291,0,1,0
2833500,3295,0,1,0
2833750,3292,0,1,0
2834000,3296,1,1,0
2834250,3295,1,1,0
2834500,3294,0,1,0
2834750,3297,0,1,0
2835000,3297,0,1,1
2835250,3299,0,1,1
2835500,3298,0,1,1
2835750,3296,0,1,1
2836000,3300,0,1,1
2836250,3302,0,1,1
2836500,3304,0,1,1
2836750,3305,0,1,1
2837000,3301,0,1,1
2837250,3301,0,1,1
2837500,3304,0,1,1
2837750,3303,0,1,1
2838000,3308,0,1,1
2838250,3309,0,1,1
2838500,3312,0,1,1
2838750,3307,0,1,1
2839000,3308,0,1,1
2839250,3308,0,1,1
2839500,3310,0,1,0
2839750,3314,0,1,0
2840000,3313,1,1,0
2840250,3311,1,1,0
2840500,3309,0,1,0
2840750,3308,0,1,0
2841000,3311,0,1,0
2841250,3312,0,1,0
2841500,3309,0,1,0
2841750,3307,0,1,0
2842000,3309,0,1,0
2842250,3277,0,1,0
2842500,3275,0,1,0
2842750,3274,0,1,0
2843000,3282,0,1,0
2843250,3304,0,1,0
2843500,3301,0,1,0
2843750,3306,0,1,0
2844000,3302,0,1,0
2844250,3303,0,1,0
2844500,3299,0,1,0
2844750,3303,0,1,0
2845000,3300,0,1,0
2845250,3301,0,1,0
2845500,3300,0,1,0
2845750,3302,0,1,0
2846000,3298,1,1,0
2846250,3298,1,1,0
2846500,3301,0,1,0
2846750,3303,0,1,0
2847000,3301,0,1,0
2847250,3304,0,1,0
2847500,3302,0,1,0
2847750,3300,0,1,0
2848000,3302,0,1,0
2848250,3331,0,1,0
2848500,3341,0,1,0
2848750,3332,0,1,0
2849000,3327,0,1,0
2849250,3308,0,1,0
2849500,3307,0,1,0
2849750,3307,0,1,0
2850000,3308,0,1,1
2850250,3301,0,1,1
2850500,3301,0,1,1
2850750,3304,0,1,1
2851000,3306,0,1,1
2851250,3305,0,1,1
2851500,3301,0,1,1
2851750,3298,0,1,1
2852000,3303,1,1,1
2852250,3302,1,1,1
2852500,3299,0,1,1
2852750,3298,0,1,1
2853000,3298,0,1,1
2853250,3298,0,1,1
2853500,3297,0,1,1
2853750,3295,0,1,1
2854000,3292,0,1,1
2854250,3294,0,1,1
2854500,3291,0,1,0
2854750,3291,0,1,0
2855000,3291,0,1,0
2855250,3290,0,1,0
2855500,3292,0,1,0
2855750,3291,0,1,0
2856000,3289,0,1,0
2856250,3289,0,1,0
2856500,3286,0,1,0
2856750,3286,0,1,0
2857000,3286,0,1,0
2857250,3286,0,1,0
2857500,3291,0,1,0
2857750,3287,0,1,0
2858000,3289,1,1,0
2858250,3293,1,1,0
2858500,3292,0,1,0
2858750,3289,0,1,0
2859000,3293,0,1,0
2859250,3297,0,1,0
2859500,3294,0,1,0
2859750,3298,0,1,0
2860000,3296,0,1,0
2860250,3265,0,1,0
2860500,3262,0,1,0
2860750,3271,0,1,0
2861000,3278,0,1,0
2861250,3301,0,1,0
2861500,3297,0,1,0
2861750,3302,0,1,0
2862000,3302,0,1,0
2862250,3303,0,1,0
2862500,3299,0,1,0
2862750,3302,0,1,0
2863000,3300,0,1,0
2863250,3301,0,1,0
2863500,3297,0,1,0
2863750,3302,0,1,0
2864000,3299,1,1,0
2864250,3296,1,1,0
2864500,3298,0,1,0
2864750,3298,0,1,0
2865000,3297,0,1,1
2865250,3300,0,1,1
2865500,3301,0,1,1
2865750,3297,0,1,1
2866000,3298,0,1,1
2866250,3295,0,1,1
2866500,3297,0,1,1
2866750,3301,0,1,1
2867000,3298,0,1,1
2867250,3296,0,1,1
2867500,3299,0,1,1
2867750,3303,0,1,1
2868000,3302,0,1,1
2868250,3298,0,1,1
2868500,3301,0,1,1
2868750,3303,0,1,1
2869000,3304,0,1,1
2869250,3305,0,1,1
2869500,3304,0,1,1
2869750,3303,0,1,1
2870000,3306,1,1,1
2870250,3305,1,1,1
2870500,3308,0,1,1
2870750,3309,0,1,1
2871000,3310,0,1,1
2871250,3309,0,1,1
2871500,3314,0,1,1
2871750,3315,0,1,1
2872000,3313,0,1,1
2872250,3312,0,1,1
2872500,3311,0,1,1
2872750,3314,0,1,1
2873000,3312,0,1,1
2873250,3310,0,1,1
2873500,3312,0,1,1
2873750,3314,0,1,1
2874000,3308,0,1,1
2874250,3312,0,1,1
2874500,3312,0,1,1
2874750,3307,0,1,1
2875000,3308,0,1,1
2875250,3306,0,1,1
2875500,3305,0,1,0
2875750,3306,0,1,0
2876000,3301,1,1,0
2876250,3300,1,1,0
2876500,3299,0,1,0
2876750,3301,0,1,0
2877000,3301,0,1,0
2877250,3297,0,1,0
2877500,3301,0,1,0
2877750,3300,0,1,0
2878000,3298,0,1,0
2878250,3299,0,1,0
2878500,3296,0,1,0
2878750,3298,0,1,0
2879000,3296,0,1,0
2879250,3298,0,1,0
2879500,3297,0,1,0
2879750,3298,0,1,0
2880000,3298,0,1,1
2880250,3297,0,1,1
2880500,3298,0,1,1
2880750,3296,0,1,1
2881000,3298,0,1,1
2881250,3303,0,1,1
2881500,3300,0,1,1
2881750,3301,0,1,1
2882000,3302,1,1,1
2882250,3303,1,1,1
2882500,3300,0,1,1
2882750,3299,0,1,1
2883000,3299,0,1,1
2883250,3300,0,1,1
2883500,3300,0,1,1
2883750,3299,0,1,1
2884000,3297,0,1,1
2884250,3325,0,1,1
2884500,3335,0,1,0
2884750,3327,0,1,0
2885000,3320,0,1,0
2885250,3297,0,1,0
2885500,3299,0,1,0
2885750,3293,0,1,0
2886000,3293,0,1,0
2886250,3292,0,1,0
2886500,3291,0,1,0
2886750,3288,0,1,0
2887000,3290,0,1,0
2887250,3292,0,1,0
2887500,3286,0,1,0
2887750,3287,0,1,0
2888000,3291,1,1,0
2888250,3288,1,1,0
2888500,3289,0,1,0
2888750,3289,0,1,0
2889000,3290,0,1,0
2889250,3285,0,1,0
2889500,3290,0,1,0
2889750,3291,0,1,0
2890000,3286,0,1,0
2890250,3291,0,1,0
2890500,3292,0,1,0
2890750,3293,0,1,0
2891000,3292,0,1,0
2891250,3294,0,1,0
2891500,3297,0,1,0
2891750,3292,0,1,0
2892000,3299,0,1,0
2892250,3295,0,1,0
2892500,3297,0,1,0
2892750,3300,0,1,0
2893000,3303,0,1,0
2893250,3303,0,1,0
2893500,3301,0,1,0
2893750,3302,0,1,0
2894000,3304,1,1,0
2894250,3301,1,1,0
2894500,3303,0,1,0
2894750,3305,0,1,0
2895000,3305,0,1,1
2895250,3303,0,1,1
2895500,3304,0,1,1
2895750,3305,0,1,1
2896000,3306,0,1,1
2896250,3305,0,1,1
2896500,3302,0,1,1
2896750,3307,0,1,1
2897000,3303,0,1,1
2897250,3306,0,1,1
2897500,3300,0,1,1
2897750,3300,0,1,1
2898000,3304,0,1,1
2898250,3305,0,1,1
2898500,3299,0,1,1
2898750,3305,0,1,1
2899000,3303,0,1,1
2899250,3300,0,1,1
2899500,3299,0,1,0
2899750,3299,0,1,0
2900000,3302,1,1,0
2900250,3304,1,1,0
2900500,3300,0,1,0
2900750,3300,0,1,0
2901000,3303,0,1,0
2901250,3306,0,1,0
2901500,3302,0,1,0
2901750,3302,0,1,0
2902000,3308,0,1,0
2902250,3335,0,1,0
2902500,3343,0,1,0
2902750,3337,0,1,0
2903000,3334,0,1,0
2903250,3309,0,1,0
2903500,3308,0,1,0
2903750,3308,0,1,0
2904000,3310,0,1,0
2904250,3314,0,1,0
2904500,3313,0,1,0
2904750,3311,0,1,0
2905000,3310,0,1,0
2905250,3311,0,1,0
2905500,3312,0,1,0
2905750,3310,0,1,0
2906000,3309,1,1,0
2906250,3313,1,1,0
2906500,3306,0,1,0
2906750,3309,0,1,0
2907000,3307,0,1,0
2907250,3308,0,1,0
2907500,3308,0,1,0
2907750,3302,0,1,0
2908000,3302,0,1,0
2908250,3305,0,1,0
2908500,3303,0,1,0
2908750,3302,0,1,0
2909000,3298,0,1,0
2909250,3301,0,1,0
2909500,3300,0,1,0
2909750,3297,0,1,0
2910000,3296,0,1,1
2910250,3295,0,1,1
2910500,3293,0,1,1
2910750,3294,0,1,1
2911000,3291,0,1,1
2911250,3292,0,1,1
2911500,3290,0,1,1
2911750,3293,0,1,1
2912000,3296,1,1,1
2912250,3295,1,1,1
2912500,3291,0,1,1
2912750,3293,0,1,1
2913000,3293,0,1,1
2913250,3291,0,1,1
2913500,3297,0,1,1
2913750,3291,0,1,1
2914000,3295,0,1,1
2914250,3265,0,1,1
2914500,3259,0,1,1
2914750,3268,0,1,1
2915000,3270,0,1,1
2915250,3298,0,1,1
2915500,3298,0,1,1
2915750,3294,0,1,1
2916000,3295,0,1,1
2916250,3297,0,1,1
2916500,3298,0,1,1
2916750,3300,0,1,1
2917000,3296,0,1,1
2917250,3298,0,1,1
2917500,3297,0,1,1
2917750,3297,0,1,1
2918000,3294,1,1,1
2918250,3297,1,1,1
2918500,3294,0,1,1
2918750,3295,0,1,1
2919000,3292,0,1,1
2919250,3296,0,1,1
2919500,3295,0,1,1
2919750,3290,0,1,1
2920000,3295,0,1,1
2920250,3288,0,1,1
2920500,3294,0,1,0
2920750,3292,0,1,0
2921000,3289,0,1,0
2921250,3288,0,1,0
2921500,3294,0,1,0
2921750,3292,0,1,0
2922000,3289,0,1,0
2922250,3293,0,1,0
2922500,3294,0,1,0
2922750,3292,0,1,0
2923000,3295,0,1,0
2923250,3296,0,1,0
2923500,3296,0,1,0
2923750,3293,0,1,0
2924000,3296,1,1,0
2924250,3301,1,1,0
2924500,3302,0,1,0
2924750,3299,0,1,0
2925000,3298,0,1,1
2925250,3299,0,1,1
2925500,3304,0,1,1
2925750,3304,0,1,1
2926000,3304,0,1,1
2926250,3303,0,1,1
2926500,3303,0,1,1
2926750,3308,0,1,1
2927000,3306,0,1,1
2927250,3308,0,1,1
2927500,3311,0,1,1
2927750,3307,0,1,1
2928000,3306,0,1,1
2928250,3306,0,1,1
2928500,3310,0,1,1
2928750,3309,0,1,1
2929000,3310,0,1,1
2929250,3308,0,1,1
2929500,3306,0,1,1
2929750,3309,0,1,1
2930000,3309,1,1,1
2930250,3310,1,1,1
2930500,3307,0,1,1
2930750,3303,0,1,1
2931000,3304,0,1,1
2931250,3306,0,1,1
2931500,3301,0,1,1
2931750,3306,0,1,1
2932000,3304,0,1,1
2932250,3303,0,1,1
2932500,3302,0,1,1
2932750,3301,0,1,1
2933000,3304,0,1,1
2933250,3300,0,1,1
2933500,3304,0,1,1
2933750,3304,0,1,1
2934000,3304,0,1,1
2934250,3305,0,1,1
2934500,3306,0,1,1
2934750,3305,0,1,1
2935000,3306,0,1,1
2935250,3301,0,1,1
2935500,3304,0,1,0
2935750,3303,0,1,0
2936000,3307,1,1,0
2936250,3309,1,1,0
2936500,3303,0,1,0
2936750,3308,0,1,0
2937000,3307,0,1,0
2937250,3307,0,1,0
2937500,3306,0,1,0
2937750,3306,0,1,0
2938000,3309,0,1,0
2938250,3336,0,1,0
2938500,3339,0,1,0
2938750,3338,0,1,0
2939000,3333,0,1,0
2939250,3305,0,1,0
2939500,3307,0,1,0
2939750,3301,0,1,0
2940000,3305,0,1,1
2940250,3301,0,1,1
2940500,3300,0,1,1
2940750,3303,0,1,1
2941000,3301,0,1,1
2941250,3298,0,1,1
2941500,3298,0,1,1
2941750,3299,0,1,1
2942000,3294,1,1,1
2942250,3293,1,1,1
2942500,3296,0,1,1
2942750,3291,0,1,1
2943000,3288,0,1,1
2943250,3289,0,1,1
2943500,3287,0,1,1
2943750,3290,0,1,1
2944000,3287,0,1,1
2944250,3289,0,1,1
2944500,3286,0,1,1
2944750,3288,0,1,1
2945000,3287,0,1,1
2945250,3286,0,1,1
2945500,3293,0,1,1
2945750,3293,0,1,1
2946000,3288,0,1,1
2946250,3293,0,1,1
2946500,3292,0,1,1
2946750,3289,0,1,1
2947000,3292,0,1,1
2947250,3293,0,1,1
2947500,3296,0,1,1
2947750,3294,0,1,1
2948000,3296,1,1,1
2948250,3294,1,1,1
2948500,3296,0,1,1
2948750,3298,0,1,1
2949000,3298,0,1,1
2949250,3297,0,1,1
2949500,3301,0,1,1
2949750,3298,0,1,1
2950000,3298,0,1,1
2950250,3301,0,1,1
2950500,3299,0,1,0
2950750,3300,0,1,0
2951000,3300,0,1,0
2951250,3301,0,1,0
2951500,3298,0,1,0
2951750,3299,0,1,0
2952000,3300,0,1,0
2952250,3299,0,1,0
2952500,3293,0,1,0
2952750,3297,0,1,0
2953000,3294,0,1,0
2953250,3295,0,1,0
2953500,3294,0,1,0
2953750,3295,0,1,0
2954000,3298,1,1,0
2954250,3292,1,1,0
2954500,3297,0,1,0
2954750,3294,0,1,0
2955000,3293,0,1,1
2955250,3300,0,1,1
2955500,3299,0,1,1
2955750,3295,0,1,1
2956000,3301,0,1,1
2956250,3272,0,1,1
2956500,3264,0,1,1
2956750,3271,0,1,1
2957000,3280,0,1,1
2957250,3301,0,1,1
2957500,3305,0,1,1
2957750,3303,0,1,1
2958000,3307,0,1,1
2958250,3304,0,1,1
2958500,3304,0,1,1
2958750,3310,0,1,1
2959000,3311,0,1,1
2959250,3311,0,1,1
2959500,3310,0,1,0
2959750,3311,0,1,0
2960000,3312,1,1,0
2960250,3315,1,1,0
2960500,3310,0,1,0
2960750,3312,0,1,0
2961000,3311,0,1,0
2961250,3315,0,1,0
2961500,3309,0,1,0
2961750,3310,0,1,0
2962000,3312,0,1,0
2962250,3308,0,1,0
2962500,3311,0,1,0
2962750,3307,0,1,0
2963000,3308,0,1,0
2963250,3305,0,1,0
2963500,3304,0,1,0
2963750,3307,0,1,0
2964000,3304,0,1,0
2964250,3302,0,1,0
2964500,3302,0,1,0
2964750,3302,0,1,0
2965000,3301,0,1,0
2965250,3300,0,1,0
2965500,3299,0,1,0
2965750,3301,0,1,0
2966000,3302,1,1,0
2966250,3302,1,1,0
2966500,3300,0,1,0
2966750,3298,0,1,0
2967000,3300,0,1,0
2967250,3301,0,1,0
2967500,3298,0,1,0
2967750,3300,0,1,0
2968000,3327,0,1,0
2968250,3323,0,1,0
2968500,3322,0,1,0
2968750,3304,0,1,0
2969000,3304,0,1,0
2969250,3301,0,1,0
2969500,3304,0,1,0
2969750,3305,0,1,0
2970000,3303,0,1,1
2970250,3299,0,1,1
2970500,3299,0,1,1
2970750,3305,0,1,1
2971000,3300,0,1,1
2971250,3299,0,1,1
2971500,3303,0,1,1
2971750,3303,0,1,1
2972000,3298,1,1,1
2972250,3299,1,1,1
2972500,3303,0,1,1
2972750,3300,0,1,1
2973000,3301,0,1,1
2973250,3300,0,1,1
2973500,3296,0,1,1
2973750,3299,0,1,1
2974000,3296,0,1,1
2974250,3295,0,1,1
2974500,3293,0,1,0
2974750,3291,0,1,0
2975000,3290,0,1,0
2975250,3291,0,1,0
2975500,3291,0,1,0
2975750,3291,0,1,0
2976000,3287,0,1,0
2976250,3287,0,1,0
2976500,3286,0,1,0
2976750,3287,0,1,0
2977000,3288,0,1,0
2977250,3286,0,1,0
2977500,3287,0,1,0
2977750,3291,0,1,0
2978000,3291,1,1,0
2978250,3292,1,1,0
2978500,3292,0,1,0
2978750,3290,0,1,0
2979000,3290,0,1,0
2979250,3290,0,1,0
2979500,3293,0,1,0
2979750,3292,0,1,0
2980000,3292,0,1,0
2980250,3294,0,1,0
2980500,3299,0,1,0
2980750,3294,0,1,0
2981000,3300,0,1,0
2981250,3299,0,1,0
2981500,3303,0,1,0
2981750,3301,0,1,0
2982000,3299,0,1,0
2982250,3303,0,1,0
2982500,3304,0,1,0
2982750,3300,0,1,0
2983000,3300,0,1,0
2983250,3303,0,1,0
2983500,3301,0,1,0
2983750,3305,0,1,0
2984000,3303,1,1,0
2984250,3299,1,1,0
2984500,3300,0,1,0
2984750,3304,0,1,0
2985000,3299,0,1,1
2985250,3301,0,1,1
2985500,3300,0,1,1
2985750,3297,0,1,1
2986000,3297,0,1,1
2986250,3301,0,1,1
2986500,3299,0,1,1
2986750,3302,0,1,1
2987000,3303,0,1,1
2987250,3299,0,1,1
2987500,3302,0,1,1
2987750,3298,0,1,1
2988000,3302,0,1,1
2988250,3300,0,1,1
2988500,3301,0,1,1
2988750,3304,0,1,1
2989000,3303,0,1,1
2989250,3302,0,1,1
2989500,3303,0,1,1
2989750,3301,0,1,1
2990000,3304,1,1,1
2990250,3305,1,1,1
2990500,3307,0,1,1
2990750,3308,0,1,1
2991000,3310,0,1,1
2991250,3307,0,1,1
2991500,3311,0,1,1
2991750,3313,0,1,1
2992000,3308,0,1,1
2992250,3308,0,1,1
2992500,3314,0,1,1
2992750,3310,0,1,1
2993000,3312,0,1,1
2993250,3315,0,1,1
2993500,3309,0,1,1
2993750,3309,0,1,1
2994000,3311,0,1,1
2994250,3308,0,1,1
2994500,3309,0,1,1
2994750,3313,0,1,1
2995000,3308,0,1,1
2995250,3310,0,1,1
2995500,3311,0,1,0
2995750,3307,0,1,0
2996000,3308,1,1,0
2996250,3304,1,1,0
2996500,3304,0,1,0
2996750,3304,0,1,0
2997000,3299,0,1,0
2997250,3303,0,1,0
2997500,3298,0,1,0
2997750,3298,0,1,0
2998000,3298,0,1,0
2998250,3299,0,1,0
2998500,3295,0,1,0
2998750,3298,0,1,0
2999000,3299,0,1,0
2999250,3294,0,1,0
2999500,3296,0,1,0
2999750,3293,0,1,0
3000000,3297,0,1,1
3000250,3292,0,1,1
3000500,3297,0,1,1
3000750,3297,0,1,1
3001000,3294,0,1,1
3001250,3293,0,1,1
3001500,3296,0,1,1
3001750,3295,0,1,1
3002000,3298,1,1,1
3002250,3297,1,1,1
3002500,3297,0,1,1
3002750,3295,0,1,1
3003000,3295,0,1,1
3003250,3301,0,1,1
3003500,3297,0,1,1
3003750,3299,0,1,1
3004000,3301,0,1,1
3004250,3296,0,1,1
3004500,3296,0,1,0
3004750,3300,0,1,0
3005000,3301,0,1,0
3005250,3295,0,1,0
3005500,3295,0,1,0
3005750,3300,0,1,0
3006000,3297,0,1,0
3006250,3293,0,1,0
3006500,3295,0,1,0
3006750,3292,0,1,0
3007000,3291,0,1,0
3007250,3296,0,1,0
3007500,3293,0,1,0
3007750,3291,0,1,0
3008000,3293,1,1,0
3008250,3290,1,1,0
3008500,3288,0,1,0
3008750,3291,0,1,0
3009000,3292,0,1,0
3009250,3292,0,1,0
3009500,3291,0,1,0
3009750,3288,0,1,0
3010000,3292,0,1,0
3010250,3286,0,1,0
3010500,3287,0,1,0
3010750,3293,0,1,0
3011000,3290,0,1,0
3011250,3292,0,1,0
3011500,3292,0,1,0
3011750,3295,0,1,0
3012000,3295,0,1,0
3012250,3293,0,1,0
3012500,3297,0,1,0
3012750,3301,0,1,0
3013000,3302,0,1,0
3013250,3299,0,1,0
3013500,3299,0,1,0
3013750,3303,0,1,0
3014000,3304,1,1,0
3014250,3306,1,1,0
3014500,3306,0,1,0
3014750,3307,0,1,0
3015000,3303,0,1,1
3015250,3304,0,1,1
3015500,3305,0,1,1
3015750,3306,0,1,1
3016000,3307,0,1,1
3016250,3304,0,1,1
3016500,3307,0,1,1
3016750,3307,0,1,1
3017000,3306,0,1,1
3017250,3306,0,1,1
3017500,3306,0,1,1
3017750,3309,0,1,1
3018000,3309,0,1,1
3018250,3305,0,1,1
3018500,3307,0,1,1
3018750,3302,0,1,1
3019000,3303,0,1,1
3019250,3301,0,1,1
3019500,3304,0,1,0
3019750,3303,0,1,0
3020000,3300,1,1,0
3020250,3306,1,1,0
3020500,3301,0,1,0
3020750,3304,0,1,0
3021000,3300,0,1,0
3021250,3299,0,1,0
3021500,3306,0,1,0
3021750,3302,0,1,0
3022000,3304,0,1,0
3022250,3306,0,1,0
3022500,3305,0,1,0
3022750,3304,0,1,0
3023000,3306,0,1,0
3023250,3307,0,1,0
3023500,3307,0,1,0
3023750,3310,0,1,0
3024000,3310,0,1,0
3024250,3305,0,1,0
3024500,3307,0,1,0
3024750,3306,0,1,0
3025000,3307,0,1,0
3025250,3308,0,1,0
3025500,3310,0,1,0
3025750,3306,0,1,0
3026000,3308,1,1,0
3026250,3309,1,1,0
3026500,3311,0,1,0
3026750,3306,0,1,0
3027000,3306,0,1,0
3027250,3308,0,1,0
3027500,3306,0,1,0
3027750,3304,0,1,0
3028000,3306,0,1,0
3028250,3334,0,1,0
3028500,3336,0,1,0
3028750,3333,0,1,0
3029000,3323,0,1,0
3029250,3298,0,1,0
3029500,3303,0,1,0
3029750,3300,0,1,0
3030000,3295,0,1,1
3030250,3299,0,1,1
3030500,3298,0,1,1
3030750,3293,0,1,1
3031000,3293,0,1,1
3031250,3291,0,1,1
3031500,3290,0,1,1
3031750,3292,0,1,1
3032000,3294,1,1,1
3032250,3289,1,1,1
3032500,3290,0,1,1
3032750,3290,0,1,1
3033000,3290,0,1,1
3033250,3289,0,1,1
3033500,3290,0,1,1
3033750,3294,0,1,1
3034000,3292,0,1,1
3034250,3324,0,1,1
3034500,3326,0,1,1
3034750,3324,0,1,1
3035000,3319,0,1,1
3035250,3295,0,1,1
3035500,3294,0,1,1
3035750,3295,0,1,1
3036000,3293,0,1,1
3036250,3297,0,1,1
3036500,3300,0,1,1
3036750,3299,0,1,1
3037000,3299,0,1,1
3037250,3296,0,1,1
3037500,3296,0,1,1
3037750,3300,0,1,1
3038000,3297,1,1,1
3038250,3300,1,1,1
3038500,3298,0,1,1
3038750,3296,0,1,1
3039000,3295,0,1,1
3039250,3295,0,1,1
3039500,3294,0,1,1
3039750,3297,0,1,1
3040000,3295,0,1,1
3040250,3326,0,1,1
3040500,3329,0,1,0
3040750,3322,0,1,0
3041000,3320,0,1,0
3041250,3292,0,1,0
3041500,3293,0,1,0
3041750,3295,0,1,0
3042000,3291,0,1,0
3042250,3296,0,1,0
3042500,3292,0,1,0
3042750,3296,0,1,0
3043000,3294,0,1,0
3043250,3291,0,1,0
3043500,3294,0,1,0
3043750,3295,0,1,0
3044000,3293,1,1,0
3044250,3295,1,1,0
3044500,3301,0,1,0
3044750,3302,0,1,0
3045000,3302,0,1,1
3045250,3300,0,1,1
3045500,3303,0,1,1
3045750,3299,0,1,1
3046000,3305,0,1,1
3046250,3303,0,1,1
3046500,3303,0,1,1
3046750,3282,0,1,1
3047000,3288,0,1,1
3047250,3283,0,1,1
3047500,3309,0,1,1
3047750,3312,0,1,1
3048000,3307,0,1,1
3048250,3308,0,1,1
3048500,3314,0,1,1
3048750,3314,0,1,1
3049000,3309,0,1,1
3049250,3311,0,1,1
3049500,3313,0,1,1
3049750,3309,0,1,1
3050000,3307,1,1,1
3050250,3308,1,1,1
3050500,3311,0,1,1
3050750,3310,0,1,1
3051000,3310,0,1,1
3051250,3305,0,1,1
3051500,3307,0,1,1
3051750,3309,0,1,1
3052000,3303,0,1,1
3052250,3332,0,1,1
3052500,3341,0,1,1
3052750,3330,0,1,1
3053000,3330,0,1,1
3053250,3305,0,1,1
3053500,3300,0,1,1
3053750,3302,0,1,1
3054000,3300,0,1,1
3054250,3302,0,1,1
3054500,3299,0,1,1
3054750,3299,0,1,1
3055000,3298,0,1,1
3055250,3304,0,1,1
3055500,3300,0,1,0
3055750,3301,0,1,0
3056000,3300,1,1,0
3056250,3300,1,1,0
3056500,3305,0,1,0
3056750,3302,0,1,0
3057000,3303,0,1,0
3057250,3302,0,1,0
3057500,3303,0,1,0
3057750,3305,0,1,0
3058000,3305,0,1,0
3058250,3332,0,1,0
3058500,3338,0,1,0
3058750,3337,0,1,0
3059000,3325,0,1,0
3059250,3304,0,1,0
3059500,3304,0,1,0
3059750,3302,0,1,0
3060000,3304,0,1,1
3060250,3302,0,1,1
3060500,3299,0,1,1
3060750,3300,0,1,1
3061000,3300,0,1,1
3061250,3297,0,1,1
3061500,3297,0,1,1
3061750,3300,0,1,1
3062000,3297,1,1,1
3062250,3293,1,1,1
3062500,3296,0,1,1
3062750,3294,0,1,1
3063000,3295,0,1,1
3063250,3292,0,1,1
3063500,3290,0,1,1
3063750,3292,0,1,1
3064000,3287,0,1,1
3064250,3260,0,1,1
3064500,3253,0,1,0
3064750,3261,0,1,0
3065000,3266,0,1,0
3065250,3289,0,1,0
3065500,3287,0,1,0
3065750,3288,0,1,0
3066000,3291,0,1,0
3066250,3288,0,1,0
3066500,3292,0,1,0
3066750,3288,0,1,0
3067000,3290,0,1,0
3067250,3290,0,1,0
3067500,3294,0,1,0
3067750,3294,0,1,0
3068000,3291,1,1,0
3068250,3292,1,1,0
3068500,3297,0,1,0
3068750,3298,0,1,0
3069000,3297,0,1,0
3069250,3297,0,1,0
3069500,3300,0,1,0
3069750,3298,0,1,0
3070000,3296,0,1,0
3070250,3330,0,1,0
3070500,3336,0,1,0
3070750,3329,0,1,0
3071000,3327,0,1,0
3071250,3303,0,1,0
3071500,3302,0,1,0
3071750,3298,0,1,0
3072000,3300,0,1,0
3072250,3302,0,1,0
3072500,3302,0,1,0
3072750,3302,0,1,0
3073000,3296,0,1,0
3073250,3302,0,1,0
3073500,3296,0,1,0
3073750,3297,0,1,0
3074000,3296,1,1,0
3074250,3298,1,1,0
3074500,3297,0,1,0
3074750,3296,0,1,0
3075000,3300,0,1,1
3075250,3298,0,1,1
3075500,3298,0,1,1
3075750,3298,0,1,1
3076000,3296,0,1,1
3076250,3299,0,1,1
3076500,3299,0,1,1
3076750,3303,0,1,1
3077000,3297,0,1,1
3077250,3303,0,1,1
3077500,3304,0,1,1
3077750,3299,0,1,1
3078000,3304,0,1,1
3078250,3306,0,1,1
3078500,3307,0,1,1
3078750,3303,0,1,1
3079000,3310,0,1,1
3079250,3306,0,1,1
3079500,3307,0,1,1
3079750,3313,0,1,1
3080000,3309,1,1,1
3080250,3312,1,1,1
3080500,3310,0,1,1
3080750,3315,0,1,1
3081000,3314,0,1,1
3081250,3310,0,1,1
3081500,3312,0,1,1
3081750,3313,0,1,1
3082000,3311,0,1,1
3082250,3315,0,1,1
3082500,3309,0,1,1
3082750,3309,0,1,1
3083000,3313,0,1,1
3083250,3313,0,1,1
3083500,3312,0,1,1
3083750,3308,0,1,1
3084000,3306,0,1,1
3084250,3304,0,1,1
3084500,3306,0,1,1
3084750,3301,0,1,1
3085000,3300,0,1,1
3085250,3300,0,1,1
3085500,3300,0,1,0
3085750,3302,0,1,0
3086000,3298,1,1,0
3086250,3297,1,1,0
3086500,3297,0,1,0
3086750,3300,0,1,0
3087000,3302,0,1,0
3087250,3298,0,1,0
3087500,3299,0,1,0
3087750,3297,0,1,0
3088000,3301,0,1,0
3088250,3295,0,1,0
3088500,3295,0,1,0
3088750,3301,0,1,0
3089000,3299,0,1,0
3089250,3300,0,1,0
3089500,3301,0,1,0
3089750,3299,0,1,0
3090000,3300,0,1,1
3090250,3299,0,1,1
3090500,3301,0,1,1
3090750,3298,0,1,1
3091000,3298,0,1,1
3091250,3301,0,1,1
3091500,3300,0,1,1
3091750,3300,0,1,1
3092000,3299,1,1,1
3092250,3302,1,1,1
3092500,3300,0,1,1
3092750,3300,0,1,1
3093000,3297,0,1,1
3093250,3296,0,1,1
3093500,3296,0,1,1
3093750,3300,0,1,1
3094000,3294,0,1,1
3094250,3293,0,1,1
3094500,3298,0,1,0
3094750,3293,0,1,0
3095000,3296,0,1,0
3095250,3296,0,1,0
3095500,3290,0,1,0
3095750,3293,0,1,0
3096000,3290,0,1,0
3096250,3293,0,1,0
3096500,3287,0,1,0
3096750,3287,0,1,0
3097000,3290,0,1,0
3097250,3287,0,1,0
3097500,3290,0,1,0
3097750,3287,0,1,0
3098000,3289,1,1,0
3098250,3287,1,1,0
3098500,3288,0,1,0
3098750,3291,0,1,0
3099000,3292,0,1,0
3099250,3287,0,1,0
3099500,3288,0,1,0
3099750,3294,0,1,0
3100000,3291,0,1,0
3100250,3293,0,1,0
3100500,3295,0,1,0
3100750,3297,0,1,0
3101000,3295,0,1,0
3101250,3298,0,1,0
3101500,3300,0,1,0
3101750,3303,0,1,0
3102000,3300,0,1,0
3102250,3304,0,1,0
3102500,3304,0,1,0
3102750,3301,0,1,0
3103000,3305,0,1,0
3103250,3302,0,1,0
3103500,3306,0,1,0
3103750,3302,0,1,0
3104000,3304,1,1,0
3104250,3307,1,1,0
3104500,3308,0,1,0
3104750,3303,0,1,0
3105000,3304,0,1,1
3105250,3305,0,1,1
3105500,3302,0,1,1
3105750,3301,0,1,1
3106000,3304,0,1,1
3106250,3330,0,1,1
3106500,3338,0,1,1
3106750,3335,0,1,1
3107000,3325,0,1,1
3107250,3303,0,1,1
3107500,3302,0,1,1
3107750,3302,0,1,1
3108000,3302,0,1,1
3108250,3302,0,1,1
3108500,3304,0,1,1
3108750,3301,0,1,1
3109000,3304,0,1,1
3109250,3302,0,1,1
3109500,3299,0,1,0
3109750,3301,0,1,0
3110000,3302,1,1,0
3110250,3303,1,1,0
3110500,3305,0,1,0
3110750,3303,0,1,0
3111000,3307,0,1,0
3111250,3309,0,1,0
3111500,3308,0,1,0
3111750,3307,0,1,0
3112000,3311,0,1,0
3112250,3310,0,1,0
3112500,3307,0,1,0
3112750,3308,0,1,0
3113000,3307,0,1,0
3113250,3314,0,1,0
3113500,3314,0,1,0
3113750,3311,0,1,0
3114000,3311,0,1,0
3114250,3312,0,1,0
3114500,3312,0,1,0
3114750,3307,0,1,0
3115000,3311,0,1,0
3115250,3308,0,1,0
3115500,3307,0,1,0
3115750,3306,0,1,0
3116000,3305,1,1,0
3116250,3303,1,1,0
3116500,3303,0,1,0
3116750,3306,0,1,0
3117000,3301,0,1,0
3117250,3300,0,1,0
3117500,3303,0,1,0
3117750,3300,0,1,0
3118000,3302,0,1,0
3118250,3301,0,1,0
3118500,3300,0,1,0
3118750,3295,0,1,0
3119000,3296,0,1,0
3119250,3294,0,1,0
3119500,3298,0,1,0
3119750,3293,0,1,0
3120000,3295,0,1,1
3120250,3293,0,1,1
3120500,3296,0,1,1
3120750,3292,0,1,1
3121000,3292,0,1,1
3121250,3294,0,1,1
3121500,3296,0,1,1
3121750,3296,0,1,1
3122000,3291,1,1,1
3122250,3291,1,1,1
3122500,3292,0,1,1
3122750,3298,0,1,1
3123000,3293,0,1,1
3123250,3296,0,1,1
3123500,3299,0,1,1
3123750,3298,0,1,1
3124000,3296,0,1,1
3124250,3295,0,1,1
3124500,3296,0,1,0
3124750,3296,0,1,0
3125000,3298,0,1,0
3125250,3301,0,1,0
3125500,3299,0,1,0
3125750,3297,0,1,0
3126000,3299,0,1,0
3126250,3300,0,1,0
3126500,3300,0,1,0
3126750,3297,0,1,0
3127000,3296,0,1,0
3127250,3292,0,1,0
3127500,3294,0,1,0
3127750,3294,0,1,0
3128000,3293,1,1,0
3128250,3290,1,1,0
3128500,3290,0,1,0
3128750,3291,0,1,0
3129000,3294,0,1,0
3129250,3292,0,1,0
3129500,3293,0,1,0
3129750,3290,0,1,0
3130000,3294,0,1,0
3130250,3291,0,1,0
3130500,3293,0,1,0
3130750,3290,0,1,0
3131000,3294,0,1,0
3131250,3293,0,1,0
3131500,3289,0,1,0
3131750,3291,0,1,0
3132000,3294,0,1,0
3132250,3291,0,1,0
3132500,3295,0,1,0
3132750,3296,0,1,0
3133000,3294,0,1,0
3133250,3299,0,1,0
3133500,3301,0,1,0
3133750,3301,0,1,0
3134000,3304,1,1,0
3134250,3302,1,1,0
3134500,3303,0,1,0
3134750,3303,0,1,0
3135000,3303,0,1,1
3135250,3306,0,1,1
3135500,3309,0,1,1
3135750,3307,0,1,1
3136000,3305,0,1,1
3136250,3308,0,1,1
3136500,3310,0,1,1
3136750,3310,0,1,1
3137000,3307,0,1,1
3137250,3312,0,1,1
3137500,3307,0,1,1
3137750,3306,0,1,1
3138000,3309,0,1,1
3138250,3311,0,1,1
3138500,3307,0,1,1
3138750,3307,0,1,1
3139000,3309,0,1,1
3139250,3306,0,1,1
3139500,3307,0,1,0
3139750,3303,0,1,0
3140000,3306,1,1,0
3140250,3302,1,1,0
3140500,3302,0,1,0
3140750,3302,0,1,0
3141000,3303,0,1,0
3141250,3302,0,1,0
3141500,3304,0,1,0
3141750,3302,0,1,0
3142000,3299,0,1,0
3142250,3304,0,1,0
3142500,3301,0,1,0
3142750,3301,0,1,0
3143000,3306,0,1,0
3143250,3306,0,1,0
3143500,3303,0,1,0
3143750,3302,0,1,0
3144000,3302,0,1,0
3144250,3303,0,1,0
3144500,3308,0,1,0
3144750,3305,0,1,0
3145000,3304,0,1,0
3145250,3305,0,1,0
3145500,3305,0,1,0
3145750,3304,0,1,0
3146000,3307,1,1,0
3146250,3308,1,1,0
3146500,3305,0,1,0
3146750,3305,0,1,0
3147000,3304,0,1,0
3147250,3306,0,1,0
3147500,3305,0,1,0
3147750,3308,0,1,0
3148000,3303,0,1,0
3148250,3307,0,1,0
3148500,3302,0,1,0
3148750,3302,0,1,0
3149000,3300,0,1,0
3149250,3303,0,1,0
3149500,3299,0,1,0
3149750,3303,0,1,0
3150000,3297,0,1,1
3150250,3296,0,1,1
3150500,3294,0,1,1
3150750,3298,0,1,1
3151000,3298,0,1,1
3151250,3293,0,1,1
3151500,3293,0,1,1
3151750,3291,0,1,1
3152000,3293,1,1,1
3152250,3287,1,1,1
3152500,3287,0,1,1
3152750,3287,0,1,1
3153000,3290,0,1,1
3153250,3286,0,1,1
3153500,3287,0,1,1
3153750,3286,0,1,1
3154000,3292,0,1,1
3154250,3291,0,1,1
3154500,3292,0,1,1
3154750,3292,0,1,1
3155000,3289,0,1,1
3155250,3288,0,1,1
3155500,3292,0,1,1
3155750,3294,0,1,1
3156000,3290,0,1,1
3156250,3295,0,1,1
3156500,3296,0,1,1
3156750,3298,0,1,1
3157000,3294,0,1,1
3157250,3300,0,1,1
3157500,3294,0,1,1
3157750,3299,0,1,1
3158000,3300,1,1,1
3158250,3301,1,1,1
3158500,3296,0,1,1
3158750,3299,0,1,1
3159000,3298,0,1,1
3159250,3300,0,1,1
3159500,3299,0,1,1
3159750,3297,0,1,1
3160000,3297,0,1,1
3160250,3301,0,1,1
3160500,3301,0,1,0
3160750,3297,0,1,0
3161000,3300,0,1,0
3161250,3299,0,1,0
3161500,3296,0,1,0
3161750,3294,0,1,0
3162000,3297,0,1,0
3162250,3293,0,1,0
3162500,3296,0,1,0
3162750,3296,0,1,0
3163000,3297,0,1,0
3163250,3295,0,1,0
3163500,3299,0,1,0
3163750,3293,0,1,0
3164000,3296,1,1,0
3164250,3298,1,1,0
3164500,3296,0,1,0
3164750,3300,0,1,0
3165000,3302,0,1,1
3165250,3303,0,1,1
3165500,3299,0,1,1
3165750,3300,0,1,1
3166000,3298,0,1,1
3166250,3304,0,1,1
3166500,3301,0,1,1
3166750,3302,0,1,1
3167000,3309,0,1,1
3167250,3304,0,1,1
3167500,3309,0,1,1
3167750,3308,0,1,1
3168000,3306,0,1,1
3168250,3312,0,1,1
3168500,3310,0,1,1
3168750,3313,0,1,1
3169000,3313,0,1,1
3169250,3313,0,1,1
3169500,3314,0,1,1
3169750,3312,0,1,1
3170000,3314,1,1,1
3170250,3310,1,1,1
3170500,3309,0,1,1
3170750,3310,0,1,1
3171000,3313,0,1,1
3171250,3312,0,1,1
3171500,3310,0,1,1
3171750,3307,0,1,1
3172000,3308,0,1,1
3172250,3334,0,1,1
3172500,3338,0,1,1
3172750,3335,0,1,1
3173000,3332,0,1,1
3173250,3301,0,1,1
3173500,3301,0,1,1
3173750,3304,0,1,1
3174000,3301,0,1,1
3174250,3302,0,1,1
3174500,3301,0,1,1
3174750,3301,0,1,1
3175000,3302,0,1,1
3175250,3298,0,1,1
3175500,3303,0,1,0
3175750,3299,0,1,0
3176000,3299,1,1,0
3176250,3302,1,1,0
3176500,3298,0,1,0
3176750,3297,0,1,0
3177000,3303,0,1,0
3177250,3302,0,1,0
3177500,3304,0,1,0
3177750,3302,0,1,0
3178000,3302,0,1,0
3178250,3272,0,1,0
3178500,3265,0,1,0
3178750,3270,0,1,0
3179000,3279,0,1,0
3179250,3303,0,1,0
3179500,3305,0,1,0
3179750,3300,0,1,0
3180000,3303,0,1,1
3180250,3299,0,1,1
3180500,3300,0,1,1
3180750,3299,0,1,1
3181000,3302,0,1,1
3181250,3302,0,1,1
3181500,3302,0,1,1
3181750,3298,0,1,1
3182000,3298,1,1,1
3182250,3298,1,1,1
3182500,3295,0,1,1
3182750,3297,0,1,1
3183000,3292,0,1,1
3183250,3296,0,1,1
3183500,3292,0,1,1
3183750,3292,0,1,1
3184000,3291,0,1,1
3184250,3292,0,1,1
3184500,3287,0,1,0
3184750,3288,0,1,0
3185000,3290,0,1,0
3185250,3290,0,1,0
3185500,3288,0,1,0
3185750,3285,0,1,0
3186000,3291,0,1,0
3186250,3290,0,1,0
3186500,3287,0,1,0
3186750,3289,0,1,0
3187000,3288,0,1,0
3187250,3286,0,1,0
3187500,3290,0,1,0
3187750,3293,0,1,0
3188000,3293,1,1,0
3188250,3290,1,1,0
3188500,3294,0,1,0
3188750,3295,0,1,0
3189000,3292,0,1,0
3189250,3296,0,1,0
3189500,3298,0,1,0
3189750,3300,0,1,0
3190000,3325,0,1,0
3190250,3350,0,1,0
3190500,3361,0,1,0
3190750,3328,0,1,0
3191000,3327,0,1,0
3191250,3303,0,1,0
3191500,3304,0,1,0
3191750,3303,0,1,0
3192000,3304,0,1,0
3192250,3305,0,1,0
3192500,3303,0,1,0
3192750,3300,0,1,0
3193000,3300,0,1,0
3193250,3300,0,1,0
3193500,3303,0,1,0
3193750,3298,0,1,0
3194000,3303,1,1,0
3194250,3298,1,1,0
3194500,3299,0,1,0
3194750,3300,0,1,0
3195000,3301,0,1,1
3195250,3298,0,1,1
3195500,3303,0,1,1
3195750,3302,0,1,1
3196000,3298,0,1,1
3196250,3298,0,1,1
3196500,3302,0,1,1
3196750,3299,0,1,1
3197000,3298,0,1,1
3197250,3301,0,1,1
3197500,3303,0,1,1
3197750,3301,0,1,1
3198000,3299,0,1,1
3198250,3300,0,1,1
3198500,3305,0,1,1
3198750,3302,0,1,1
3199000,3306,0,1,1
3199250,3308,0,1,1
3199500,3307,0,1,1
3199750,3305,0,1,1
3200000,3308,1,1,1
3200250,3309,1,1,1
3200500,3313,0,1,1
3200750,3307,0,1,1
3201000,3310,0,1,1
3201250,3313,0,1,1
3201500,3309,0,1,1
3201750,3315,0,1,1
3202000,3315,0,1,1
3202250,3283,0,1,1
3202500,3277,0,1,1
3202750,3284,0,1,1
3203000,3290,0,1,1
3203250,3310,0,1,1
3203500,3310,0,1,1
3203750,3311,0,1,1
3204000,3311,0,1,1
3204250,3309,0,1,1
3204500,3307,0,1,1
3204750,3305,0,1,1
3205000,3302,0,1,1
3205250,3304,0,1,1
3205500,3300,0,1,0
3205750,3300,0,1,0
3206000,3300,1,1,0
3206250,3301,1,1,0
3206500,3299,0,1,0
3206750,3302,0,1,0
3207000,3300,0,1,0
3207250,3295,0,1,0
3207500,3300,0,1,0
3207750,3298,0,1,0
3208000,3293,0,1,0
3208250,3294,0,1,0
3208500,3298,0,1,0
3208750,3298,0,1,0
3209000,3293,0,1,0
3209250,3293,0,1,0
3209500,3294,0,1,0
3209750,3298,0,1,0
3210000,3295,0,1,1
3210250,3297,0,1,1
3210500,3293,0,1,1
3210750,3294,0,1,1
3211000,3294,0,1,1
3211250,3300,0,1,1
3211500,3298,0,1,1
3211750,3296,0,1,1
3212000,3299,1,1,1
3212250,3300,1,1,1
3212500,3299,0,1,1
3212750,3299,0,1,1
3213000,3299,0,1,1
3213250,3301,0,1,1
3213500,3300,0,1,1
3213750,3301,0,1,1
3214000,3300,0,1,1
3214250,3295,0,1,1
3214500,3299,0,1,1
3214750,3295,0,1,1
3215000,3293,0,1,1
3215250,3292,0,1,1
3215500,3295,0,1,1
3215750,3293,0,1,1
3216000,3296,0,1,1
3216250,3293,0,1,1
3216500,3290,0,1,1
3216750,3289,0,1,1
3217000,3294,0,1,1
3217250,3288,0,1,1
3217500,3288,0,1,1
3217750,3287,0,1,1
3218000,3291,1,1,1
3218250,3290,1,1,1
3218500,3289,0,1,1
3218750,3287,0,1,1
3219000,3287,0,1,1
3219250,3289,0,1,1
3219500,3292,0,1,1
3219750,3290,0,1,1
3220000,3293,0,1,1
3220250,3291,0,1,1
3220500,3291,0,1,0
3220750,3291,0,1,0
3221000,3292,0,1,0
3221250,3293,0,1,0
3221500,3294,0,1,0
3221750,3295,0,1,0
3222000,3302,0,1,0
3222250,3297,0,1,0
3222500,3303,0,1,0
3222750,3301,0,1,0
3223000,3303,0,1,0
3223250,3302,0,1,0
3223500,3302,0,1,0
3223750,3302,0,1,0
3224000,3308,1,1,0
3224250,3308,1,1,0
3224500,3304,0,1,0
3224750,3308,0,1,0
3225000,3304,0,1,1
3225250,3304,0,1,1
3225500,3310,0,1,1
3225750,3306,0,1,1
3226000,3304,0,1,1
3226250,3307,0,1,1
3226500,3309,0,1,1
3226750,3309,0,1,1
3227000,3303,0,1,1
3227250,3308,0,1,1
3227500,3305,0,1,1
3227750,3305,0,1,1
3228000,3301,0,1,1
3228250,3302,0,1,1
3228500,3301,0,1,1
3228750,3303,0,1,1
3229000,3306,0,1,1
3229250,3302,0,1,1
3229500,3300,0,1,1
3229750,3300,0,1,1
3230000,3305,1,1,1
3230250,3302,1,1,1
3230500,3302,0,1,1
3230750,3306,0,1,1
3231000,3301,0,1,1
3231250,3305,0,1,1
3231500,3303,0,1,1
3231750,3304,0,1,1
3232000,3305,0,1,1
3232250,3308,0,1,1
3232500,3309,0,1,1
3232750,3304,0,1,1
3233000,3307,0,1,1
3233250,3308,0,1,1
3233500,3309,0,1,1
3233750,3307,0,1,1
3234000,3312,0,1,1
3234250,3309,0,1,1
3234500,3308,0,1,1
3234750,3306,0,1,1
3235000,3308,0,1,1
3235250,3308,0,1,1
3235500,3311,0,1,0
3235750,3311,0,1,0
3236000,3305,1,1,0
3236250,3305,1,1,0
3236500,3307,0,1,0
3236750,3308,0,1,0
3237000,3307,0,1,0
3237250,3305,0,1,0
3237500,3305,0,1,0
3237750,3301,0,1,0
3238000,3297,0,1,0
3238250,3268,0,1,0
3238500,3265,0,1,0
3238750,3268,0,1,0
3239000,3273,0,1,0
3239250,3294,0,1,0
3239500,3296,0,1,0
3239750,3293,0,1,0
3240000,3290,0,1,1
3240250,3295,0,1,1
3240500,3292,0,1,1
3240750,3289,0,1,1
3241000,3292,0,1,1
3241250,3292,0,1,1
3241500,3293,0,1,1
3241750,3293,0,1,1
3242000,3292,1,1,1
3242250,3288,1,1,1
3242500,3293,0,1,1
3242750,3290,0,1,1
3243000,3291,0,1,1
3243250,3290,0,1,1
3243500,3290,0,1,1
3243750,3294,0,1,1
3244000,3296,0,1,1
3244250,3294,0,1,1
3244500,3297,0,1,0
3244750,3296,0,1,0
3245000,3294,0,1,0
3245250,3293,0,1,0
3245500,3295,0,1,0
3245750,3300,0,1,0
3246000,3294,0,1,0
3246250,3300,0,1,0
3246500,3295,0,1,0
3246750,3301,0,1,0
3247000,3299,0,1,0
3247250,3294,0,1,0
3247500,3297,0,1,0
3247750,3298,0,1,0
3248000,3294,1,1,0
3248250,3295,1,1,0
3248500,3297,0,1,0
3248750,3295,0,1,0
3249000,3296,0,1,0
3249250,3292,0,1,0
3249500,3295,0,1,0
3249750,3295,0,1,0
3250000,3291,0,1,0
3250250,3294,0,1,0
3250500,3293,0,1,0
3250750,3293,0,1,0
3251000,3295,0,1,0
3251250,3291,0,1,0
3251500,3295,0,1,0
3251750,3291,0,1,0
3252000,3296,0,1,0
3252250,3295,0,1,0
3252500,3292,0,1,0
3252750,3296,0,1,0
3253000,3294,0,1,0
3253250,3299,0,1,0
3253500,3300,0,1,0
3253750,3302,0,1,0
3254000,3300,1,1,0
3254250,3299,1,1,0
3254500,3302,0,1,0
3254750,3301,0,1,0
3255000,3303,0,1,1
3255250,3306,0,1,1
3255500,3308,0,1,1
3255750,3307,0,1,1
3256000,3310,0,1,1
3256250,3311,0,1,1
3256500,3310,0,1,1
3256750,3309,0,1,1
3257000,3312,0,1,1
3257250,3308,0,1,1
3257500,3308,0,1,1
3257750,3309,0,1,1
3258000,3308,0,1,1
3258250,3308,0,1,1
3258500,3314,0,1,1
3258750,3310,0,1,1
3259000,3310,0,1,1
3259250,3308,0,1,1
3259500,3306,0,1,1
3259750,3309,0,1,1
3260000,3306,1,1,1
3260250,3305,1,1,1
3260500,3307,0,1,1
3260750,3308,0,1,1
3261000,3303,0,1,1
3261250,3308,0,1,1
3261500,3305,0,1,1
3261750,3302,0,1,1
3262000,3302,0,1,1
3262250,3303,0,1,1
3262500,3305,0,1,1
3262750,3305,0,1,1
3263000,3301,0,1,1
3263250,3300,0,1,1
3263500,3303,0,1,1
3263750,3303,0,1,1
3264000,3301,0,1,1
3264250,3299,0,1,1
3264500,3300,0,1,1
3264750,3299,0,1,1
3265000,3299,0,1,1
3265250,3302,0,1,1
3265500,3305,0,1,0
3265750,3304,0,1,0
3266000,3306,1,1,0
3266250,3301,1,1,0
3266500,3303,0,1,0
3266750,3308,0,1,0
3267000,3305,0,1,0
3267250,3305,0,1,0
3267500,3308,0,1,0
3267750,3307,0,1,0
3268000,3303,0,1,0
3268250,3301,0,1,0
3268500,3302,0,1,0
3268750,3305,0,1,0
3269000,3300,0,1,0
3269250,3304,0,1,0
3269500,3303,0,1,0
3269750,3300,0,1,0
3270000,3300,0,1,1
3270250,3302,0,1,1
3270500,3296,0,1,1
3270750,3297,0,1,1
3271000,3298,0,1,1
3271250,3295,0,1,1
3271500,3293,0,1,1
3271750,3291,0,1,1
3272000,3293,1,1,1
3272250,3292,1,1,1
3272500,3293,0,1,1
3272750,3288,0,1,1
3273000,3289,0,1,1
3273250,3286,0,1,1
3273500,3290,0,1,1
3273750,3286,0,1,1
3274000,3291,0,1,1
3274250,3287,0,1,1
3274500,3289,0,1,1
3274750,3289,0,1,1
3275000,3286,0,1,1
3275250,3287,0,1,1
3275500,3292,0,1,1
3275750,3289,0,1,1
3276000,3288,0,1,1
3276250,3292,0,1,1
3276500,3294,0,1,1
3276750,3291,0,1,1
3277000,3291,0,1,1
3277250,3296,0,1,1
3277500,3294,0,1,1
3277750,3297,0,1,1
3278000,3300,1,1,1
3278250,3301,1,1,1
3278500,3297,0,1,1
3278750,3299,0,1,1
3279000,3297,0,1,1
3279250,3300,0,1,1
3279500,3297,0,1,1
3279750,3301,0,1,1
3280000,3301,0,1,1
3280250,3302,0,1,1
3280500,3298,0,1,0
3280750,3297,0,1,0
3281000,3300,0,1,0
3281250,3303,0,1,0
3281500,3303,0,1,0
3281750,3301,0,1,0
3282000,3300,0,1,0
3282250,3298,0,1,0
3282500,3298,0,1,0
3282750,3301,0,1,0
3283000,3297,0,1,0
3283250,3299,0,1,0
3283500,3296,0,1,0
3283750,3299,0,1,0
3284000,3299,1,1,0
3284250,3298,1,1,0
3284500,3295,0,1,0
3284750,3297,0,1,0
3285000,3300,0,1,1
3285250,3299,0,1,1
3285500,3301,0,1,1
3285750,3299,0,1,1
3286000,3302,0,1,1
3286250,3298,0,1,1
3286500,3304,0,1,1
3286750,3306,0,1,1
3287000,3302,0,1,1
3287250,3304,0,1,1
3287500,3306,0,1,1
3287750,3304,0,1,1
3288000,3308,0,1,1
3288250,3311,0,1,1
3288500,3306,0,1,1
3288750,3310,0,1,1
3289000,3310,0,1,1
3289250,3312,0,1,1
3289500,3313,0,1,1
3289750,3311,0,1,1
3290000,3314,1,1,1
3290250,3314,1,1,1
3290500,3313,0,1,1
3290750,3310,0,1,1
3291000,3312,0,1,1
3291250,3311,0,1,1
3291500,3309,0,1,1
3291750,3312,0,1,1
3292000,3308,0,1,1
3292250,3311,0,1,1
3292500,3308,0,1,1
3292750,3310,0,1,1
3293000,3310,0,1,1
3293250,3307,0,1,1
3293500,3305,0,1,1
3293750,3303,0,1,1
3294000,3302,0,1,1
3294250,3299,0,1,1
3294500,3299,0,1,1
3294750,3298,0,1,1
3295000,3302,0,1,1
3295250,3301,0,1,1
3295500,3299,0,1,0
3295750,3302,0,1,0
3296000,3301,1,1,0
3296250,3299,1,1,0
3296500,3295,0,1,0
3296750,3297,0,1,0
3297000,3295,0,1,0
3297250,3298,0,1,0
3297500,3297,0,1,0
3297750,3300,0,1,0
3298000,3301,0,1,0
3298250,3300,0,1,0
3298500,3296,0,1,0
3298750,3299,0,1,0
3299000,3297,0,1,0
3299250,3301,0,1,0
3299500,3303,0,1,0
3299750,3299,0,1,0
3300000,3301,0,1,1
3300250,3300,0,1,1
3300500,3301,0,1,1
3300750,3300,0,1,1
3301000,3302,0,1,1
3301250,3303,0,1,1
3301500,3301,0,1,1
3301750,3303,0,1,1
3302000,3302,1,1,1
3302250,3298,1,1,1
3302500,3297,0,1,1
3302750,3295,0,1,1
3303000,3300,0,1,1
3303250,3294,0,1,1
3303500,3292,0,1,1
3303750,3292,0,1,1
3304000,3294,0,1,1
3304250,3295,0,1,1
3304500,3289,0,1,1
3304750,3293,0,1,1
3305000,3288,0,1,1
3305250,3292,0,1,1
3305500,3286,0,1,1
3305750,3286,0,1,1
3306000,3289,0,1,1
3306250,3286,0,1,1
3306500,3287,0,1,1
3306750,3286,0,1,1
3307000,3285,0,1,1
3307250,3290,0,1,1
3307500,3287,0,1,1
3307750,3286,0,1,1
3308000,3289,1,1,1
3308250,3289,1,1,1
3308500,3289,0,1,1
3308750,3290,0,1,1
3309000,3295,0,1,1
3309250,3292,0,1,1
3309500,3294,0,1,1
3309750,3295,0,1,1
3310000,3300,0,1,1
3310250,3298,0,1,1
3310500,3299,0,1,0
3310750,3303,0,1,0
3311000,3297,0,1,0
3311250,3299,0,1,0
3311500,3300,0,1,0
3311750,3303,0,1,0
3312000,3302,0,1,0
3312250,3304,0,1,0
3312500,3306,0,1,0
3312750,3304,0,1,0
3313000,3305,0,1,0
3313250,3308,0,1,0
3313500,3306,0,1,0
3313750,3306,0,1,0
3314000,3306,1,1,0
3314250,3305,1,1,0
3314500,3307,0,1,0
3314750,3303,0,1,0
3315000,3303,0,1,1
3315250,3300,0,1,1
3315500,3304,0,1,1
3315750,3303,0,1,1
3316000,3304,0,1,1
3316250,3329,0,1,1
3316500,3335,0,1,1
3316750,3330,0,1,1
3317000,3322,0,1,1
3317250,3301,0,1,1
3317500,3298,0,1,1
3317750,3299,0,1,1
3318000,3301,0,1,1
3318250,3303,0,1,1
3318500,3303,0,1,1
3318750,3306,0,1,1
3319000,3303,0,1,1
3319250,3301,0,1,1
3319500,3303,0,1,1
3319750,3302,0,1,1
3320000,3305,1,1,1
3320250,3304,1,1,1
3320500,3304,0,1,1
3320750,3306,0,1,1
3321000,3306,0,1,1
3321250,3306,0,1,1
3321500,3313,0,1,1
3321750,3312,0,1,1
3322000,3310,0,1,1
3322250,3310,0,1,1
3322500,3311,0,1,1
3322750,3312,0,1,1
3323000,3309,0,1,1
3323250,3310,0,1,1
3323500,3308,0,1,1
3323750,3310,0,1,1
3324000,3312,0,1,1
3324250,3308,0,1,1
3324500,3308,0,1,1
3324750,3307,0,1,1
3325000,3308,0,1,1
3325250,3308,0,1,1
3325500,3307,0,1,0
3325750,3305,0,1,0
3326000,3302,1,1,0
3326250,3304,1,1,0
3326500,3304,0,1,0
3326750,3303,0,1,0
3327000,3299,0,1,0
3327250,3301,0,1,0
3327500,3295,0,1,0
3327750,3299,0,1,0
3328000,3299,0,1,0
3328250,3292,0,1,0
3328500,3297,0,1,0
3328750,3292,0,1,0
3329000,3290,0,1,0
3329250,3296,0,1,0
3329500,3293,0,1,0
3329750,3291,0,1,0
3330000,3294,0,1,1
3330250,3295,0,1,1
3330500,3293,0,1,1
3330750,3294,0,1,1
3331000,3295,0,1,1
3331250,3292,0,1,1
3331500,3293,0,1,1
3331750,3298,0,1,1
3332000,3295,1,1,1
3332250,3294,1,1,1
3332500,3294,0,1,1
3332750,3295,0,1,1
3333000,3294,0,1,1
3333250,3298,0,1,1
3333500,3299,0,1,1
3333750,3300,0,1,1
3334000,3300,0,1,1
3334250,3301,0,1,1
3334500,3297,0,1,0
3334750,3295,0,1,0
3335000,3296,0,1,0
3335250,3296,0,1,0
3335500,3297,0,1,0
3335750,3297,0,1,0
3336000,3293,0,1,0
3336250,3292,0,1,0
3336500,3292,0,1,0
3336750,3296,0,1,0
3337000,3294,0,1,0
3337250,3294,0,1,0
3337500,3293,0,1,0
3337750,3289,0,1,0
3338000,3292,1,1,0
3338250,3292,1,1,0
3338500,3288,0,1,0
3338750,3293,0,1,0
3339000,3291,0,1,0
3339250,3291,0,1,0
3339500,3290,0,1,0
3339750,3292,0,1,0
3340000,3289,0,1,0
3340250,3260,0,1,0
3340500,3261,0,1,0
3340750,3261,0,1,0
3341000,3267,0,1,0
3341250,3295,0,1,0
3341500,3293,0,1,0
3341750,3298,0,1,0
3342000,3295,0,1,0
3342250,3301,0,1,0
3342500,3297,0,1,0
3342750,3298,0,1,0
3343000,3302,0,1,0
3343250,3301,0,1,0
3343500,3301,0,1,0
3343750,3307,0,1,0
3344000,3308,1,1,0
3344250,3308,1,1,0
3344500,3309,0,1,0
3344750,3310,0,1,0
3345000,3309,0,1,1
3345250,3309,0,1,1
3345500,3308,0,1,1
3345750,3310,0,1,1
3346000,3307,0,1,1
3346250,3307,0,1,1
3346500,3311,0,1,1
3346750,3307,0,1,1
3347000,3308,0,1,1
3347250,3308,0,1,1
3347500,3306,0,1,1
3347750,3308,0,1,1
3348000,3310,0,1,1
3348250,3304,0,1,1
3348500,3306,0,1,1
3348750,3308,0,1,1
3349000,3308,0,1,1
3349250,3304,0,1,1
3349500,3307,0,1,1
3349750,3304,0,1,1
3350000,3302,1,1,1
3350250,3302,1,1,1
3350500,3300,0,1,1
3350750,3299,0,1,1
3351000,3302,0,1,1
3351250,3302,0,1,1
3351500,3299,0,1,1
3351750,3306,0,1,1
3352000,3306,0,1,1
3352250,3272,0,1,1
3352500,3269,0,1,1
3352750,3274,0,1,1
3353000,3277,0,1,1
3353250,3305,0,1,1
3353500,3308,0,1,1
3353750,3308,0,1,1
3354000,3307,0,1,1
3354250,3309,0,1,1
3354500,3308,0,1,1
3354750,3308,0,1,1
3355000,3306,0,1,1
3355250,3310,0,1,1
3355500,3307,0,1,0
3355750,3307,0,1,0
3356000,3306,1,1,0
3356250,3310,1,1,0
3356500,3309,0,1,0
3356750,3305,0,1,0
3357000,3307,0,1,0
3357250,3301,0,1,0
3357500,3301,0,1,0
3357750,3302,0,1,0
3358000,3304,0,1,0
3358250,3298,0,1,0
3358500,3298,0,1,0
3358750,3302,0,1,0
3359000,3299,0,1,0
3359250,3300,0,1,0
3359500,3298,0,1,0
3359750,3297,0,1,0
3360000,3292,0,1,1
3360250,3293,0,1,1
3360500,3291,0,1,1
3360750,3294,0,1,1
3361000,3292,0,1,1
3361250,3293,0,1,1
3361500,3288,0,1,1
3361750,3290,0,1,1
3362000,3290,1,1,1
3362250,3291,1,1,1
3362500,3289,0,1,1
3362750,3287,0,1,1
3363000,3290,0,1,1
3363250,3289,0,1,1
3363500,3287,0,1,1
3363750,3291,0,1,1
3364000,3291,0,1,1
3364250,3317,0,1,1
3364500,3325,0,1,0
3364750,3301,0,1,0
3365000,3299,0,1,0
3365250,3275,0,1,0
3365500,3295,0,1,0
3365750,3299,0,1,0
3366000,3294,0,1,0
3366250,3300,0,1,0
3366500,3295,0,1,0
3366750,3296,0,1,0
3367000,3299,0,1,0
3367250,3300,0,1,0
3367500,3299,0,1,0
3367750,3301,0,1,0
3368000,3298,1,1,0
3368250,3302,1,1,0
3368500,3296,0,1,0
3368750,3296,0,1,0
3369000,3296,0,1,0
3369250,3296,0,1,0
3369500,3301,0,1,0
3369750,3300,0,1,0
3370000,3296,0,1,0
3370250,3300,0,1,0
3370500,3297,0,1,0
3370750,3294,0,1,0
3371000,3295,0,1,0
3371250,3293,0,1,0
3371500,3293,0,1,0
3371750,3295,0,1,0
3372000,3296,0,1,0
3372250,3294,0,1,0
3372500,3298,0,1,0
3372750,3297,0,1,0
3373000,3297,0,1,0
3373250,3299,0,1,0
3373500,3299,0,1,0
3373750,3300,0,1,0
3374000,3300,1,1,0
3374250,3300,1,1,0
3374500,3297,0,1,0
3374750,3300,0,1,0
3375000,3303,0,1,1
3375250,3300,0,1,1
3375500,3307,0,1,1
3375750,3305,0,1,1
3376000,3304,0,1,1
3376250,3305,0,1,1
3376500,3306,0,1,1
3376750,3309,0,1,1
3377000,3312,0,1,1
3377250,3313,0,1,1
3377500,3309,0,1,1
3377750,3312,0,1,1
3378000,3314,0,1,1
3378250,3313,0,1,1
3378500,3312,0,1,1
3378750,3311,0,1,1
3379000,3311,0,1,1
3379250,3314,0,1,1
3379500,3312,0,1,0
3379750,3313,0,1,0
3380000,3312,1,1,0
3380250,3309,1,1,0
3380500,3306,0,1,0
3380750,3310,0,1,0
3381000,3309,0,1,0
3381250,3307,0,1,0
3381500,3307,0,1,0
3381750,3306,0,1,0
3382000,3304,0,1,0
3382250,3301,0,1,0
3382500,3302,0,1,0
3382750,3301,0,1,0
3383000,3304,0,1,0
3383250,3304,0,1,0
3383500,3298,0,1,0
3383750,3299,0,1,0
3384000,3298,0,1,0
3384250,3299,0,1,0
3384500,3299,0,1,0
3384750,3300,0,1,0
3385000,3300,0,1,0
3385250,3297,0,1,0
3385500,3299,0,1,0
3385750,3303,0,1,0
3386000,3303,1,1,0
3386250,3302,1,1,0
3386500,3300,0,1,0
3386750,3299,0,1,0
3387000,3302,0,1,0
3387250,3302,0,1,0
3387500,3301,0,1,0
3387750,3300,0,1,0
3388000,3302,0,1,0
3388250,3329,0,1,0
3388500,3333,0,1,0
3388750,3328,0,1,0
3389000,3326,0,1,0
3389250,3303,0,1,0
3389500,3301,0,1,0
3389750,3303,0,1,0
3390000,3300,0,1,1
3390250,3297,0,1,1
3390500,3299,0,1,1
3390750,3302,0,1,1
3391000,3299,0,1,1
3391250,3299,0,1,1
3391500,3295,0,1,1
3391750,3295,0,1,1
3392000,3295,1,1,1
3392250,3295,1,1,1
3392500,3291,0,1,1
3392750,3292,0,1,1
3393000,3293,0,1,1
3393250,3293,0,1,1
3393500,3286,0,1,1
3393750,3291,0,1,1
3394000,3287,0,1,1
3394250,3286,0,1,1
3394500,3286,0,1,1
3394750,3287,0,1,1
3395000,3286,0,1,1
3395250,3288,0,1,1
3395500,3289,0,1,1
3395750,3288,0,1,1
3396000,3290,0,1,1
3396250,3287,0,1,1
3396500,3288,0,1,1
3396750,3293,0,1,1
3397000,3295,0,1,1
3397250,3290,0,1,1
3397500,3290,0,1,1
3397750,3293,0,1,1
3398000,3293,1,1,1
3398250,3296,1,1,1
3398500,3294,0,1,1
3398750,3298,0,1,1
3399000,3300,0,1,1
3399250,3300,0,1,1
3399500,3303,0,1,1
3399750,3302,0,1,1
3400000,3298,0,1,1
3400250,3298,0,1,1
3400500,3301,0,1,0
3400750,3305,0,1,0
3401000,3299,0,1,0
3401250,3301,0,1,0
3401500,3299,0,1,0
3401750,3303,0,1,0
3402000,3301,0,1,0
3402250,3299,0,1,0
3402500,3301,0,1,0
3402750,3304,0,1,0
3403000,3304,0,1,0
3403250,3301,0,1,0
3403500,3299,0,1,0
3403750,3298,0,1,0
3404000,3302,1,1,0
3404250,3303,1,1,0
3404500,3301,0,1,0
3404750,3299,0,1,0
3405000,3297,0,1,1
3405250,3300,0,1,1
3405500,3303,0,1,1
3405750,3300,0,1,1
3406000,3297,0,1,1
3406250,3268,0,1,1
3406500,3269,0,1,1
3406750,3276,0,1,1
3407000,3276,0,1,1
3407250,3300,0,1,1
3407500,3304,0,1,1
3407750,3301,0,1,1
3408000,3304,0,1,1
3408250,3304,0,1,1
3408500,3308,0,1,1
3408750,3307,0,1,1
3409000,3306,0,1,1
3409250,3307,0,1,1
3409500,3312,0,1,0
3409750,3312,0,1,0
3410000,3314,1,1,0
3410250,3312,1,1,0
3410500,3312,0,1,0
3410750,3310,0,1,0
3411000,3314,0,1,0
3411250,3309,0,1,0
3411500,3310,0,1,0
3411750,3313,0,1,0
3412000,3336,0,1,0
3412250,3338,0,1,0
3412500,3337,0,1,0
3412750,3309,0,1,0
3413000,3306,0,1,0
3413250,3305,0,1,0
3413500,3306,0,1,0
3413750,3306,0,1,0
3414000,3303,0,1,0
3414250,3304,0,1,0
3414500,3303,0,1,0
3414750,3300,0,1,0
3415000,3301,0,1,0
3415250,3299,0,1,0
3415500,3301,0,1,0
3415750,3296,0,1,0
3416000,3296,1,1,0
3416250,3295,1,1,0
3416500,3295,0,1,0
3416750,3296,0,1,0
3417000,3296,0,1,0
3417250,3294,0,1,0
3417500,3295,0,1,0
3417750,3296,0,1,0
3418000,3297,0,1,0
3418250,3294,0,1,0
3418500,3298,0,1,0
3418750,3295,0,1,0
3419000,3294,0,1,0
3419250,3298,0,1,0
3419500,3298,0,1,0
3419750,3300,0,1,0
3420000,3299,0,1,1
3420250,3298,0,1,1
3420500,3297,0,1,1
3420750,3299,0,1,1
3421000,3295,0,1,1
3421250,3298,0,1,1
3421500,3302,0,1,1
3421750,3301,0,1,1
3422000,3299,1,1,1
3422250,3297,1,1,1
3422500,3300,0,1,1
3422750,3298,0,1,1
3423000,3301,0,1,1
3423250,3294,0,1,1
3423500,3298,0,1,1
3423750,3299,0,1,1
3424000,3293,0,1,1
3424250,3294,0,1,1
3424500,3292,0,1,0
3424750,3295,0,1,0
3425000,3290,0,1,0
3425250,3293,0,1,0
3425500,3293,0,1,0
3425750,3291,0,1,0
3426000,3290,0,1,0
3426250,3291,0,1,0
3426500,3292,0,1,0
3426750,3290,0,1,0
3427000,3292,0,1,0
3427250,3287,0,1,0
3427500,3287,0,1,0
3427750,3286,0,1,0
3428000,3287,1,1,0
3428250,3292,1,1,0
3428500,3289,0,1,0
3428750,3294,0,1,0
3429000,3293,0,1,0
3429250,3294,0,1,0
3429500,3292,0,1,0
3429750,3294,0,1,0
3430000,3298,0,1,0
3430250,3267,0,1,0
3430500,3264,0,1,0
3430750,3268,0,1,0
3431000,3279,0,1,0
3431250,3303,0,1,0
3431500,3302,0,1,0
3431750,3303,0,1,0
3432000,3300,0,1,0
3432250,3305,0,1,0
3432500,3305,0,1,0
3432750,3307,0,1,0
3433000,3305,0,1,0
3433250,3307,0,1,0
3433500,3304,0,1,0
3433750,3310,0,1,0
3434000,3310,1,1,0
3434250,3306,1,1,0
3434500,3304,0,1,0
3434750,3310,0,1,0
3435000,3307,0,1,1
3435250,3306,0,1,1
3435500,3303,0,1,1
3435750,3303,0,1,1
3436000,3303,0,1,1
3436250,3306,0,1,1
3436500,3304,0,1,1
3436750,3301,0,1,1
3437000,3307,0,1,1
3437250,3303,0,1,1
3437500,3304,0,1,1
3437750,3300,0,1,1
3438000,3306,0,1,1
3438250,3300,0,1,1
3438500,3304,0,1,1
3438750,3304,0,1,1
3439000,3302,0,1,1
3439250,3302,0,1,1
3439500,3301,0,1,0
3439750,3306,0,1,0
3440000,3304,1,1,0
3440250,3303,1,1,0
3440500,3302,0,1,0
3440750,3304,0,1,0
3441000,3305,0,1,0
3441250,3303,0,1,0
3441500,3309,0,1,0
3441750,3308,0,1,0
3442000,3307,0,1,0
3442250,3340,0,1,0
3442500,3342,0,1,0
3442750,3340,0,1,0
3443000,3333,0,1,0
3443250,3312,0,1,0
3443500,3310,0,1,0
3443750,3309,0,1,0
3444000,3311,0,1,0
3444250,3306,0,1,0
3444500,3310,0,1,0
3444750,3305,0,1,0
3445000,3308,0,1,0
3445250,3305,0,1,0
3445500,3305,0,1,0
3445750,3304,0,1,0
3446000,3302,1,1,0
3446250,3301,1,1,0
3446500,3302,0,1,0
3446750,3300,0,1,0
3447000,3300,0,1,0
3447250,3297,0,1,0
3447500,3299,0,1,0
3447750,3300,0,1,0
3448000,3300,0,1,0
3448250,3297,0,1,0
3448500,3295,0,1,0
3448750,3297,0,1,0
3449000,3293,0,1,0
3449250,3293,0,1,0
3449500,3293,0,1,0
3449750,3292,0,1,0
3450000,3288,0,1,1
3450250,3293,0,1,1
3450500,3293,0,1,1
3450750,3292,0,1,1
3451000,3294,0,1,1
3451250,3292,0,1,1
3451500,3290,0,1,1
3451750,3295,0,1,1
3452000,3290,1,1,1
3452250,3295,1,1,1
3452500,3290,0,1,1
3452750,3296,0,1,1
3453000,3295,0,1,1
3453250,3297,0,1,1
3453500,3297,0,1,1
3453750,3295,0,1,1
3454000,3299,0,1,1
3454250,3270,0,1,1
3454500,3264,0,1,0
3454750,3267,0,1,0
3455000,3276,0,1,0
3455250,3295,0,1,0
3455500,3300,0,1,0
3455750,3297,0,1,0
3456000,3296,0,1,0
3456250,3294,0,1,0
3456500,3296,0,1,0
3456750,3295,0,1,0
3457000,3297,0,1,0
3457250,3299,0,1,0
3457500,3293,0,1,0
3457750,3294,0,1,0
3458000,3294,1,1,0
3458250,3294,1,1,0
3458500,3293,0,1,0
3458750,3294,0,1,0
3459000,3293,0,1,0
3459250,3294,0,1,0
3459500,3293,0,1,0
3459750,3294,0,1,0
3460000,3290,0,1,0
3460250,3296,0,1,0
3460500,3291,0,1,0
3460750,3290,0,1,0
3461000,3292,0,1,0
3461250,3297,0,1,0
3461500,3297,0,1,0
3461750,3293,0,1,0
3462000,3299,0,1,0
3462250,3295,0,1,0
3462500,3301,0,1,0
3462750,3296,0,1,0
3463000,3298,0,1,0
3463250,3304,0,1,0
3463500,3305,0,1,0
3463750,3300,0,1,0
3464000,3302,1,1,0
3464250,3304,1,1,0
3464500,3306,0,1,0
3464750,3309,0,1,0
3465000,3306,0,1,1
3465250,3310,0,1,1
3465500,3312,0,1,1
3465750,3311,0,1,1
3466000,3311,0,1,1
3466250,3310,0,1,1
3466500,3313,0,1,1
3466750,3314,0,1,1
3467000,3310,0,1,1
3467250,3309,0,1,1
3467500,3314,0,1,1
3467750,3312,0,1,1
3468000,3312,0,1,1
3468250,3309,0,1,1
3468500,3309,0,1,1
3468750,3305,0,1,1
3469000,3308,0,1,1
3469250,3308,0,1,1
3469500,3308,0,1,0
3469750,3307,0,1,0
3470000,3302,1,1,0
3470250,3303,1,1,0
3470500,3307,0,1,0
3470750,3304,0,1,0
3471000,3305,0,1,0
3471250,3300,0,1,0
3471500,3305,0,1,0
3471750,3301,0,1,0
3472000,3304,0,1,0
3472250,3301,0,1,0
3472500,3304,0,1,0
3472750,3302,0,1,0
3473000,3298,0,1,0
3473250,3303,0,1,0
3473500,3304,0,1,0
3473750,3305,0,1,0
3474000,3303,0,1,0
3474250,3300,0,1,0
3474500,3305,0,1,0
3474750,3301,0,1,0
3475000,3301,0,1,0
3475250,3304,0,1,0
3475500,3301,0,1,0
3475750,3303,0,1,0
3476000,3302,1,1,0
3476250,3307,1,1,0
3476500,3303,0,1,0
3476750,3302,0,1,0
3477000,3303,0,1,0
3477250,3302,0,1,0
3477500,3305,0,1,0
3477750,3302,0,1,0
3478000,3305,0,1,0
3478250,3275,0,1,0
3478500,3266,0,1,0
3478750,3269,0,1,0
3479000,3275,0,1,0
3479250,3302,0,1,0
3479500,3301,0,1,0
3479750,3296,0,1,0
3480000,3293,0,1,1
3480250,3297,0,1,1
3480500,3295,0,1,1
3480750,3291,0,1,1
3481000,3291,0,1,1
3481250,3292,0,1,1
3481500,3291,0,1,1
3481750,3290,0,1,1
3482000,3288,1,1,1
3482250,3292,1,1,1
3482500,3291,0,1,1
3482750,3285,0,1,1
3483000,3290,0,1,1
3483250,3289,0,1,1
3483500,3287,0,1,1
3483750,3289,0,1,1
3484000,3292,0,1,1
3484250,3288,0,1,1
3484500,3292,0,1,0
3484750,3288,0,1,0
3485000,3288,0,1,0
3485250,3294,0,1,0
3485500,3295,0,1,0
3485750,3292,0,1,0
3486000,3295,0,1,0
3486250,3292,0,1,0
3486500,3294,0,1,0
3486750,3300,0,1,0
3487000,3296,0,1,0
3487250,3300,0,1,0
3487500,3300,0,1,0
3487750,3301,0,1,0
3488000,3299,1,1,0
3488250,3302,1,1,0
3488500,3301,0,1,0
3488750,3298,0,1,0
3489000,3302,0,1,0
3489250,3298,0,1,0
3489500,3298,0,1,0
3489750,3298,0,1,0
3490000,3303,0,1,0
3490250,3303,0,1,0
3490500,3302,0,1,0
3490750,3303,0,1,0
3491000,3298,0,1,0
3491250,3301,0,1,0
3491500,3300,0,1,0
3491750,3295,0,1,0
3492000,3298,0,1,0
3492250,3295,0,1,0
3492500,3299,0,1,0
3492750,3295,0,1,0
3493000,3300,0,1,0
3493250,3301,0,1,0
3493500,3296,0,1,0
3493750,3297,0,1,0
3494000,3299,1,1,0
3494250,3296,1,1,0
3494500,3298,0,1,0
3494750,3301,0,1,0
3495000,3301,0,1,1
3495250,3298,0,1,1
3495500,3303,0,1,1
3495750,3303,0,1,1
3496000,3307,0,1,1
3496250,3331,0,1,1
3496500,3341,0,1,1
3496750,3333,0,1,1
3497000,3335,0,1,1
3497250,3309,0,1,1
3497500,3310,0,1,1
3497750,3311,0,1,1
3498000,3310,0,1,1
3498250,3312,0,1,1
3498500,3312,0,1,1
3498750,3312,0,1,1
3499000,3311,0,1,1
3499250,3315,0,1,1
3499500,3315,0,1,1
3499750,3314,0,1,1
3500000,3311,1,1,1
3500250,3311,1,1,1
3500500,3309,0,1,1
3500750,3312,0,1,1
3501000,3310,0,1,1
3501250,3309,0,1,1
3501500,3308,0,1,1
3501750,3307,0,1,1
3502000,3309,0,1,1
3502250,3276,0,1,1
3502500,3272,0,1,1
3502750,3278,0,1,1
3503000,3276,0,1,1
3503250,3305,0,1,1
3503500,3304,0,1,1
3503750,3301,0,1,1
3504000,3298,0,1,1
3504250,3299,0,1,1
3504500,3296,0,1,1
3504750,3297,0,1,1
3505000,3295,0,1,1
3505250,3297,0,1,1
3505500,3299,0,1,0
3505750,3298,0,1,0
3506000,3300,1,1,0
3506250,3298,1,1,0
3506500,3295,0,1,0
3506750,3300,0,1,0
3507000,3297,0,1,0
3507250,3297,0,1,0
3507500,3302,0,1,0
3507750,3299,0,1,0
3508000,3298,0,1,0
3508250,3270,0,1,0
3508500,3265,0,1,0
3508750,3272,0,1,0
3509000,3279,0,1,0
3509250,3297,0,1,0
3509500,3299,0,1,0
3509750,3302,0,1,0
3510000,3297,0,1,1
3510250,3303,0,1,1
3510500,3297,0,1,1
3510750,3298,0,1,1
3511000,3298,0,1,1
3511250,3298,0,1,1
3511500,3300,0,1,1
3511750,3298,0,1,1
3512000,3294,1,1,1
3512250,3297,1,1,1
3512500,3295,0,1,1
3512750,3291,0,1,1
3513000,3293,0,1,1
3513250,3290,0,1,1
3513500,3292,0,1,1
3513750,3293,0,1,1
3514000,3287,0,1,1
3514250,3287,0,1,1
3514500,3286,0,1,0
3514750,3287,0,1,0
3515000,3291,0,1,0
3515250,3289,0,1,0
3515500,3290,0,1,0
3515750,3288,0,1,0
3516000,3286,0,1,0
3516250,3286,0,1,0
3516500,3292,0,1,0
3516750,3290,0,1,0
3517000,3291,0,1,0
3517250,3291,0,1,0
3517500,3292,0,1,0
3517750,3295,0,1,0
3518000,3290,1,1,0
3518250,3296,1,1,0
3518500,3293,0,1,0
3518750,3298,0,1,0
3519000,3300,0,1,0
3519250,3297,0,1,0
3519500,3300,0,1,0
3519750,3302,0,1,0
3520000,3298,0,1,0
3520250,3302,0,1,0
3520500,3302,0,1,0
3520750,3302,0,1,0
3521000,3304,0,1,0
3521250,3305,0,1,0
3521500,3306,0,1,0
3521750,3303,0,1,0
3522000,3302,0,1,0
3522250,3305,0,1,0
3522500,3303,0,1,0
3522750,3303,0,1,0
3523000,3307,0,1,0
3523250,3303,0,1,0
3523500,3305,0,1,0
3523750,3304,0,1,0
3524000,3300,1,1,0
3524250,3306,1,1,0
3524500,3305,0,1,0
3524750,3302,0,1,0
3525000,3305,0,1,1
3525250,3301,0,1,1
3525500,3302,0,1,1
3525750,3300,0,1,1
3526000,3299,0,1,1
3526250,3302,0,1,1
3526500,3303,0,1,1
3526750,3299,0,1,1
3527000,3304,0,1,1
3527250,3302,0,1,1
3527500,3304,0,1,1
3527750,3305,0,1,1
3528000,3305,0,1,1
3528250,3307,0,1,1
3528500,3305,0,1,1
3528750,3306,0,1,1
3529000,3308,0,1,1
3529250,3309,0,1,1
3529500,3308,0,1,0
3529750,3306,0,1,0
3530000,3309,1,1,0
3530250,3308,1,1,0
3530500,3311,0,1,0
3530750,3310,0,1,0
3531000,3308,0,1,0
3531250,3311,0,1,0
3531500,3308,0,1,0
3531750,3308,0,1,0
3532000,3312,0,1,0
3532250,3340,0,1,0
3532500,3346,0,1,0
3532750,3341,0,1,0
3533000,3334,0,1,0
3533250,3311,0,1,0
3533500,3306,0,1,0
3533750,3310,0,1,0
3534000,3306,0,1,0
3534250,3309,0,1,0
3534500,3306,0,1,0
3534750,3305,0,1,0
3535000,3302,0,1,0
3535250,3299,0,1,0
3535500,3301,0,1,0
3535750,3303,0,1,0
3536000,3299,1,1,0
3536250,3298,1,1,0
3536500,3300,0,1,0
3536750,3296,0,1,0
3537000,3298,0,1,0
3537250,3294,0,1,0
3537500,3293,0,1,0
3537750,3292,0,1,0
3538000,3294,0,1,0
3538250,3293,0,1,0
3538500,3296,0,1,0
3538750,3290,0,1,0
3539000,3296,0,1,0
3539250,3292,0,1,0
3539500,3296,0,1,0
3539750,3293,0,1,0
3540000,3294,0,1,1
3540250,3293,0,1,1
3540500,3296,0,1,1
3540750,3296,0,1,1
3541000,3293,0,1,1
3541250,3297,0,1,1
3541500,3293,0,1,1
3541750,3295,0,1,1
3542000,3296,1,1,1
3542250,3296,1,1,1
3542500,3296,0,1,1
3542750,3295,0,1,1
3543000,3300,0,1,1
3543250,3298,0,1,1
3543500,3301,0,1,1
3543750,3296,0,1,1
3544000,3298,0,1,1
3544250,3298,0,1,1
3544500,3293,0,1,0
3544750,3295,0,1,0
3545000,3295,0,1,0
3545250,3292,0,1,0
3545500,3295,0,1,0
3545750,3292,0,1,0
3546000,3292,0,1,0
3546250,3293,0,1,0
3546500,3290,0,1,0
3546750,3291,0,1,0
3547000,3294,0,1,0
3547250,3288,0,1,0
3547500,3291,0,1,0
3547750,3290,0,1,0
3548000,3290,1,1,0
3548250,3292,1,1,0
3548500,3292,0,1,0
3548750,3289,0,1,0
3549000,3289,0,1,0
3549250,3290,0,1,0
3549500,3294,0,1,0
3549750,3290,0,1,0
3550000,3297,0,1,0
3550250,3292,0,1,0
3550500,3293,0,1,0
3550750,3299,0,1,0
3551000,3299,0,1,0
3551250,3297,0,1,0
3551500,3299,0,1,0
3551750,3301,0,1,0
3552000,3300,0,1,0
3552250,3306,0,1,0
3552500,3301,0,1,0
3552750,3303,0,1,0
3553000,3307,0,1,0
3553250,3309,0,1,0
3553500,3304,0,1,0
3553750,3308,0,1,0
3554000,3307,1,1,0
3554250,3311,1,1,0
3554500,3312,0,1,0
3554750,3307,0,1,0
3555000,3309,0,1,1
3555250,3312,0,1,1
3555500,3310,0,1,1
3555750,3308,0,1,1
3556000,3311,0,1,1
3556250,3306,0,1,1
3556500,3309,0,1,1
3556750,3304,0,1,1
3557000,3304,0,1,1
3557250,3307,0,1,1
3557500,3308,0,1,1
3557750,3303,0,1,1
3558000,3307,0,1,1
3558250,3307,0,1,1
3558500,3306,0,1,1
3558750,3302,0,1,1
3559000,3303,0,1,1
3559250,3306,0,1,1
3559500,3300,0,1,0
3559750,3300,0,1,0
3560000,3302,1,1,0
3560250,3302,1,1,0
3560500,3303,0,1,0
3560750,3306,0,1,0
3561000,3301,0,1,0
3561250,3303,0,1,0
3561500,3307,0,1,0
3561750,3305,0,1,0
3562000,3304,0,1,0
3562250,3306,0,1,0
3562500,3304,0,1,0
3562750,3303,0,1,0
3563000,3303,0,1,0
3563250,3303,0,1,0
3563500,3307,0,1,0
3563750,3308,0,1,0
3564000,3310,0,1,0
3564250,3304,0,1,0
3564500,3310,0,1,0
3564750,3306,0,1,0
3565000,3306,0,1,0
3565250,3308,0,1,0
3565500,3308,0,1,0
3565750,3305,0,1,0
3566000,3307,1,1,0
3566250,3303,1,1,0
3566500,3306,0,1,0
3566750,3303,0,1,0
3567000,3304,0,1,0
3567250,3303,0,1,0
3567500,3299,0,1,0
3567750,3300,0,1,0
3568000,3298,0,1,0
3568250,3299,0,1,0
3568500,3298,0,1,0
3568750,3295,0,1,0
3569000,3297,0,1,0
3569250,3295,0,1,0
3569500,3292,0,1,0
3569750,3293,0,1,0
3570000,3290,0,1,1
3570250,3292,0,1,1
3570500,3288,0,1,1
3570750,3292,0,1,1
3571000,3288,0,1,1
3571250,3291,0,1,1
3571500,3286,0,1,1
3571750,3290,0,1,1
3572000,3287,1,1,1
3572250,3289,1,1,1
3572500,3292,0,1,1
3572750,3291,0,1,1
3573000,3294,0,1,1
3573250,3289,0,1,1
3573500,3292,0,1,1
3573750,3296,0,1,1
3574000,3295,0,1,1
3574250,3297,0,1,1
3574500,3293,0,1,0
3574750,3297,0,1,0
3575000,3295,0,1,0
3575250,3296,0,1,0
3575500,3297,0,1,0
3575750,3296,0,1,0
3576000,3296,0,1,0
3576250,3298,0,1,0
3576500,3298,0,1,0
3576750,3301,0,1,0
3577000,3297,0,1,0
3577250,3299,0,1,0
3577500,3297,0,1,0
3577750,3300,0,1,0
3578000,3297,1,1,0
3578250,3300,1,1,0
3578500,3297,0,1,0
3578750,3298,0,1,0
3579000,3294,0,1,0
3579250,3293,0,1,0
3579500,3296,0,1,0
3579750,3299,0,1,0
3580000,3294,0,1,0
3580250,3322,0,1,0
3580500,3330,0,1,0
3580750,3325,0,1,0
3581000,3318,0,1,0
3581250,3295,0,1,0
3581500,3295,0,1,0
3581750,3293,0,1,0
3582000,3295,0,1,0
3582250,3299,0,1,0
3582500,3295,0,1,0
3582750,3298,0,1,0
3583000,3297,0,1,0
3583250,3297,0,1,0
3583500,3297,0,1,0
3583750,3298,0,1,0
3584000,3304,1,1,0
3584250,3302,1,1,0
3584500,3306,0,1,0
3584750,3305,0,1,0
3585000,3307,0,1,1
3585250,3308,0,1,1
3585500,3310,0,1,1
3585750,3310,0,1,1
3586000,3308,0,1,1
3586250,3310,0,1,1
3586500,3310,0,1,1
3586750,3309,0,1,1
3587000,3313,0,1,1
3587250,3314,0,1,1
3587500,3310,0,1,1
3587750,3313,0,1,1
3588000,3311,0,1,1
3588250,3311,0,1,1
3588500,3312,0,1,1
3588750,3308,0,1,1
3589000,3312,0,1,1
3589250,3313,0,1,1
3589500,3309,0,1,1
3589750,3306,0,1,1
3590000,3304,1,1,1
3590250,3308,1,1,1
3590500,3308,0,1,1
3590750,3308,0,1,1
3591000,3301,0,1,1
3591250,3305,0,1,1
3591500,3305,0,1,1
3591750,3303,0,1,1
3592000,3300,0,1,1
3592250,3328,0,1,1
3592500,3332,0,1,1
3592750,3329,0,1,1
3593000,3327,0,1,1
3593250,3301,0,1,1
3593500,3300,0,1,1
3593750,3298,0,1,1
3594000,3303,0,1,1
3594250,3303,0,1,1
3594500,3300,0,1,1
3594750,3302,0,1,1
3595000,3301,0,1,1
3595250,3298,0,1,1
3595500,3302,0,1,0
3595750,3303,0,1,0
3596000,3301,1,1,0
3596250,3299,1,1,0
3596500,3301,0,1,0
3596750,3303,0,1,0
3597000,3305,0,1,0
3597250,3299,0,1,0
3597500,3303,0,1,0
3597750,3305,0,1,0
3598000,3299,0,1,0
3598250,3300,0,1,0
3598500,3303,0,1,0
3598750,3300,0,1,0
3599000,3301,0,1,0
3599250,3300,0,1,0
3599500,3298,0,1,0
3599750,3300,0,1,0
3600000,3301,0,1,1
3600250,3297,0,1,1
3600500,3293,0,1,1
3600750,3298,0,1,1
3601000,3296,0,1,1
3601250,3296,0,1,1
3601500,3292,0,1,1
3601750,3293,0,1,1
3602000,3289,1,1,1
3602250,3293,1,1,1
3602500,3290,0,1,1
3602750,3292,0,1,1
3603000,3291,0,1,1
3603250,3291,0,1,1
3603500,3288,0,1,1
3603750,3285,0,1,1
3604000,3291,0,1,1
3604250,3289,0,1,1
3604500,3289,0,1,0
3604750,3289,0,1,0
3605000,3287,0,1,0
3605250,3286,0,1,0
3605500,3292,0,1,0
3605750,3291,0,1,0
3606000,3290,0,1,0
3606250,3294,0,1,0
3606500,3297,0,1,0
3606750,3298,0,1,0
3607000,3297,0,1,0
3607250,3299,0,1,0
3607500,3295,0,1,0
3607750,3296,0,1,0
3608000,3301,1,1,0
3608250,3299,1,1,0
3608500,3298,0,1,0
3608750,3303,0,1,0
3609000,3299,0,1,0
3609250,3300,0,1,0
3609500,3305,0,1,0
3609750,3301,0,1,0
3610000,3300,0,1,0
3610250,3271,0,1,0
3610500,3270,0,1,0
3610750,3272,0,1,0
3611000,3276,0,1,0
3611250,3302,0,1,0
3611500,3299,0,1,0
3611750,3304,0,1,0
3612000,3303,0,1,0
3612250,3303,0,1,0
3612500,3301,0,1,0
3612750,3297,0,1,0
3613000,3299,0,1,0
3613250,3298,0,1,0
3613500,3302,0,1,0
3613750,3302,0,1,0
3614000,3302,1,1,0
3614250,3303,1,1,0
3614500,3300,0,1,0
3614750,3299,0,1,0
3615000,3300,0,1,1
3615250,3301,0,1,1
3615500,3302,0,1,1
3615750,3301,0,1,1
3616000,3301,0,1,1
3616250,3303,0,1,1
3616500,3301,0,1,1
3616750,3306,0,1,1
3617000,3307,0,1,1
3617250,3308,0,1,1
3617500,3307,0,1,1
3617750,3311,0,1,1
3618000,3307,0,1,1
3618250,3312,0,1,1
3618500,3307,0,1,1
3618750,3309,0,1,1
3619000,3313,0,1,1
3619250,3313,0,1,1
3619500,3313,0,1,1
3619750,3313,0,1,1
3620000,3315,1,1,1
3620250,3315,1,1,1
3620500,3311,0,1,1
3620750,3312,0,1,1
3621000,3311,0,1,1
3621250,3308,0,1,1
3621500,3309,0,1,1
3621750,3308,0,1,1
3622000,3311,0,1,1
3622250,3276,0,1,1
3622500,3272,0,1,1
3622750,3274,0,1,1
3623000,3281,0,1,1
3623250,3305,0,1,1
3623500,3299,0,1,1
3623750,3301,0,1,1
3624000,3301,0,1,1
3624250,3303,0,1,1
3624500,3298,0,1,1
3624750,3297,0,1,1
3625000,3299,0,1,1
3625250,3298,0,1,1
3625500,3298,0,1,0
3625750,3293,0,1,0
3626000,3299,1,1,0
3626250,3299,1,1,0
3626500,3292,0,1,0
3626750,3293,0,1,0
3627000,3293,0,1,0
3627250,3294,0,1,0
3627500,3293,0,1,0
3627750,3297,0,1,0
3628000,3295,0,1,0
3628250,3294,0,1,0
3628500,3298,0,1,0
3628750,3298,0,1,0
3629000,3300,0,1,0
3629250,3297,0,1,0
3629500,3301,0,1,0
3629750,3298,0,1,0
3630000,3297,0,1,1
3630250,3296,0,1,1
3630500,3301,0,1,1
3630750,3297,0,1,1
3631000,3299,0,1,1
3631250,3300,0,1,1
3631500,3301,0,1,1
3631750,3301,0,1,1
3632000,3300,1,1,1
3632250,3296,1,1,1
3632500,3295,0,1,1
3632750,3293,0,1,1
3633000,3293,0,1,1
3633250,3295,0,1,1
3633500,3291,0,1,1
3633750,3293,0,1,1
3634000,3316,0,1,1
3634250,3315,0,1,1
3634500,3317,0,1,0
3634750,3290,0,1,0
3635000,3287,0,1,0
3635250,3287,0,1,0
3635500,3292,0,1,0
3635750,3289,0,1,0
3636000,3290,0,1,0
3636250,3286,0,1,0
3636500,3288,0,1,0
3636750,3289,0,1,0
3637000,3290,0,1,0
3637250,3287,0,1,0
3637500,3288,0,1,0
3637750,3294,0,1,0
3638000,3290,1,1,0
3638250,3291,1,1,0
3638500,3292,0,1,0
3638750,3292,0,1,0
3639000,3294,0,1,0
3639250,3296,0,1,0
3639500,3298,0,1,0
3639750,3301,0,1,0
3640000,3302,0,1,0
3640250,3303,0,1,0
3640500,3299,0,1,0
3640750,3302,0,1,0
3641000,3300,0,1,0
3641250,3302,0,1,0
3641500,3304,0,1,0
3641750,3308,0,1,0
3642000,3306,0,1,0
3642250,3303,0,1,0
3642500,3308,0,1,0
3642750,3309,0,1,0
3643000,3308,0,1,0
3643250,3305,0,1,0
3643500,3310,0,1,0
3643750,3309,0,1,0
3644000,3304,1,1,0
3644250,3310,1,1,0
3644500,3309,0,1,0
3644750,3308,0,1,0
3645000,3304,0,1,1
3645250,3303,0,1,1
3645500,3303,0,1,1
3645750,3303,0,1,1
3646000,3307,0,1,1
3646250,3301,0,1,1
3646500,3301,0,1,1
3646750,3302,0,1,1
3647000,3303,0,1,1
3647250,3304,0,1,1
3647500,3303,0,1,1
3647750,3300,0,1,1
3648000,3304,0,1,1
3648250,3300,0,1,1
3648500,3305,0,1,1
3648750,3302,0,1,1
3649000,3305,0,1,1
3649250,3307,0,1,1
3649500,3305,0,1,1
3649750,3306,0,1,1
3650000,3306,1,1,1
3650250,3308,1,1,1
3650500,3309,0,1,1
3650750,3306,0,1,1
3651000,3309,0,1,1
3651250,3311,0,1,1
3651500,3309,0,1,1
3651750,3307,0,1,1
3652000,3309,0,1,1
3652250,3341,0,1,1
3652500,3345,0,1,1
3652750,3339,0,1,1
3653000,3332,0,1,1
3653250,3306,0,1,1
3653500,3309,0,1,1
3653750,3311,0,1,1
3654000,3307,0,1,1
3654250,3306,0,1,1
3654500,3309,0,1,1
3654750,3307,0,1,1
3655000,3304,0,1,1
3655250,3306,0,1,1
3655500,3303,0,1,0
3655750,3299,0,1,0
3656000,3300,1,1,0
3656250,3302,1,1,0
3656500,3301,0,1,0
3656750,3295,0,1,0
3657000,3299,0,1,0
3657250,3293,0,1,0
3657500,3292,0,1,0
3657750,3293,0,1,0
3658000,3292,0,1,0
3658250,3264,0,1,0
3658500,3259,0,1,0
3658750,3263,0,1,0
3659000,3268,0,1,0
3659250,3290,0,1,0
3659500,3289,0,1,0
3659750,3293,0,1,0
3660000,3289,0,1,1
3660250,3292,0,1,1
3660500,3290,0,1,1
3660750,3294,0,1,1
3661000,3295,0,1,1
3661250,3292,0,1,1
3661500,3293,0,1,1
3661750,3292,0,1,1
3662000,3294,1,1,1
3662250,3293,1,1,1
3662500,3294,0,1,1
3662750,3295,0,1,1
3663000,3294,0,1,1
3663250,3294,0,1,1
3663500,3297,0,1,1
3663750,3299,0,1,1
3664000,3297,0,1,1
3664250,3295,0,1,1
3664500,3296,0,1,1
3664750,3300,0,1,1
3665000,3300,0,1,1
3665250,3296,0,1,1
3665500,3296,0,1,1
3665750,3298,0,1,1
3666000,3293,0,1,1
3666250,3299,0,1,1
3666500,3295,0,1,1
3666750,3296,0,1,1
3667000,3295,0,1,1
3667250,3292,0,1,1
3667500,3296,0,1,1
3667750,3296,0,1,1
3668000,3291,1,1,1
3668250,3290,1,1,1
3668500,3291,0,1,1
3668750,3291,0,1,1
3669000,3290,0,1,1
3669250,3293,0,1,1
3669500,3290,0,1,1
3669750,3291,0,1,1
3670000,3295,0,1,1
3670250,3293,0,1,1
3670500,3297,0,1,0
3670750,3297,0,1,0
3671000,3298,0,1,0
3671250,3295,0,1,0
3671500,3297,0,1,0
3671750,3299,0,1,0
3672000,3297,0,1,0
3672250,3300,0,1,0
3672500,3301,0,1,0
3672750,3302,0,1,0
3673000,3301,0,1,0
3673250,3302,0,1,0
3673500,3308,0,1,0
3673750,3309,0,1,0
3674000,3311,1,1,0
3674250,3312,1,1,0
3674500,3311,0,1,0
3674750,3308,0,1,0
3675000,3307,0,1,1
3675250,3312,0,1,1
3675500,3310,0,1,1
3675750,3313,0,1,1
3676000,3308,0,1,1
3676250,3338,0,1,1
3676500,3343,0,1,1
3676750,3340,0,1,1
3677000,3336,0,1,1
3677250,3307,0,1,1
3677500,3307,0,1,1
3677750,3308,0,1,1
3678000,3307,0,1,1
3678250,3310,0,1,1
3678500,3308,0,1,1
3678750,3304,0,1,1
3679000,3306,0,1,1
3679250,3302,0,1,1
3679500,3304,0,1,0
3679750,3300,0,1,0
3680000,3300,1,1,0
3680250,3300,1,1,0
3680500,3304,0,1,0
3680750,3301,0,1,0
3681000,3302,0,1,0
3681250,3298,0,1,0
3681500,3298,0,1,0
3681750,3299,0,1,0
3682000,3304,0,1,0
3682250,3303,0,1,0
3682500,3305,0,1,0
3682750,3281,0,1,0
3683000,3282,0,1,0
3683250,3280,0,1,0
3683500,3306,0,1,0
3683750,3306,0,1,0
3684000,3301,0,1,0
3684250,3306,0,1,0
3684500,3304,0,1,0
3684750,3306,0,1,0
3685000,3305,0,1,0
3685250,3306,0,1,0
3685500,3308,0,1,0
3685750,3306,0,1,0
3686000,3303,1,1,0
3686250,3301,1,1,0
3686500,3303,0,1,0
3686750,3300,0,1,0
3687000,3300,0,1,0
3687250,3302,0,1,0
3687500,3302,0,1,0
3687750,3301,0,1,0
3688000,3302,0,1,0
3688250,3297,0,1,0
3688500,3299,0,1,0
3688750,3294,0,1,0
3689000,3293,0,1,0
3689250,3298,0,1,0
3689500,3297,0,1,0
3689750,3293,0,1,0
3690000,3295,0,1,1
3690250,3294,0,1,1
3690500,3289,0,1,1
3690750,3286,0,1,1
3691000,3286,0,1,1
3691250,3288,0,1,1
3691500,3286,0,1,1
3691750,3286,0,1,1
3692000,3289,1,1,1
3692250,3288,1,1,1
3692500,3291,0,1,1
3692750,3286,0,1,1
3693000,3290,0,1,1
3693250,3288,0,1,1
3693500,3292,0,1,1
3693750,3288,0,1,1
3694000,3293,0,1,1
3694250,3319,0,1,1
3694500,3327,0,1,1
3694750,3326,0,1,1
3695000,3316,0,1,1
3695250,3293,0,1,1
3695500,3293,0,1,1
3695750,3295,0,1,1
3696000,3296,0,1,1
3696250,3300,0,1,1
3696500,3299,0,1,1
3696750,3300,0,1,1
3697000,3301,0,1,1
3697250,3303,0,1,1
3697500,3302,0,1,1
3697750,3297,0,1,1
3698000,3301,1,1,1
3698250,3301,1,1,1
3698500,3297,0,1,1
3698750,3302,0,1,1
3699000,3297,0,1,1
3699250,3298,0,1,1
3699500,3299,0,1,1
3699750,3299,0,1,1
3700000,3297,0,1,1
3700250,3300,0,1,1
3700500,3300,0,1,0
3700750,3299,0,1,0
3701000,3297,0,1,0
3701250,3301,0,1,0
3701500,3297,0,1,0
3701750,3299,0,1,0
3702000,3296,0,1,0
3702250,3301,0,1,0
3702500,3297,0,1,0
3702750,3296,0,1,0
3703000,3298,0,1,0
3703250,3298,0,1,0
3703500,3297,0,1,0
3703750,3299,0,1,0
3704000,3304,1,1,0
3704250,3305,1,1,0
3704500,3304,0,1,0
3704750,3300,0,1,0
3705000,3303,0,1,1
3705250,3304,0,1,1
3705500,3305,0,1,1
3705750,3304,0,1,1
3706000,3308,0,1,1
3706250,3338,0,1,1
3706500,3347,0,1,1
3706750,3338,0,1,1
3707000,3336,0,1,1
3707250,3312,0,1,1
3707500,3313,0,1,1
3707750,3313,0,1,1
3708000,3315,0,1,1
3708250,3314,0,1,1
3708500,3313,0,1,1
3708750,3309,0,1,1
3709000,3310,0,1,1
3709250,3314,0,1,1
3709500,3309,0,1,0
3709750,3310,0,1,0
3710000,3309,1,1,0
3710250,3308,1,1,0
3710500,3305,0,1,0
3710750,3309,0,1,0
3711000,3306,0,1,0
3711250,3306,0,1,0
3711500,3303,0,1,0
3711750,3300,0,1,0
3712000,3299,0,1,0
3712250,3301,0,1,0
3712500,3299,0,1,0
3712750,3303,0,1,0
3713000,3301,0,1,0
3713250,3299,0,1,0
3713500,3297,0,1,0
3713750,3296,0,1,0
3714000,3295,0,1,0
3714250,3297,0,1,0
3714500,3299,0,1,0
3714750,3295,0,1,0
3715000,3295,0,1,0
3715250,3300,0,1,0
3715500,3298,0,1,0
3715750,3296,0,1,0
3716000,3301,1,1,0
3716250,3298,1,1,0
3716500,3296,0,1,0
3716750,3296,0,1,0
3717000,3301,0,1,0
3717250,3302,0,1,0
3717500,3300,0,1,0
3717750,3298,0,1,0
3718000,3297,0,1,0
3718250,3299,0,1,0
3718500,3297,0,1,0
3718750,3300,0,1,0
3719000,3300,0,1,0
3719250,3301,0,1,0
3719500,3298,0,1,0
3719750,3302,0,1,0
3720000,3301,0,1,1
3720250,3297,0,1,1
3720500,3298,0,1,1
3720750,3300,0,1,1
3721000,3295,0,1,1
3721250,3297,0,1,1
3721500,3294,0,1,1
3721750,3291,0,1,1
3722000,3296,1,1,1
3722250,3292,1,1,1
3722500,3290,0,1,1
3722750,3289,0,1,1
3723000,3287,0,1,1
3723250,3287,0,1,1
3723500,3290,0,1,1
3723750,3290,0,1,1
3724000,3286,0,1,1
3724250,3288,0,1,1
3724500,3286,0,1,0
3724750,3290,0,1,0
3725000,3288,0,1,0
3725250,3287,0,1,0
3725500,3288,0,1,0
3725750,3288,0,1,0
3726000,3288,0,1,0
3726250,3289,0,1,0
3726500,3291,0,1,0
3726750,3291,0,1,0
3727000,3297,0,1,0
3727250,3294,0,1,0
3727500,3293,0,1,0
3727750,3299,0,1,0
3728000,3297,1,1,0
3728250,3302,1,1,0
3728500,3297,0,1,0
3728750,3303,0,1,0
3729000,3302,0,1,0
3729250,3303,0,1,0
3729500,3304,0,1,0
3729750,3305,0,1,0
3730000,3302,0,1,0
3730250,3303,0,1,0
3730500,3307,0,1,0
3730750,3307,0,1,0
3731000,3307,0,1,0
3731250,3302,0,1,0
3731500,3307,0,1,0
3731750,3306,0,1,0
3732000,3301,0,1,0
3732250,3301,0,1,0
3732500,3307,0,1,0
3732750,3302,0,1,0
3733000,3306,0,1,0
3733250,3303,0,1,0
3733500,3305,0,1,0
3733750,3302,0,1,0
3734000,3301,1,1,0
3734250,3299,1,1,0
3734500,3305,0,1,0
3734750,3304,0,1,0
3735000,3304,0,1,1
3735250,3304,0,1,1
3735500,3300,0,1,1
3735750,3302,0,1,1
3736000,3301,0,1,1
3736250,3305,0,1,1
3736500,3304,0,1,1
3736750,3305,0,1,1
3737000,3307,0,1,1
3737250,3303,0,1,1
3737500,3304,0,1,1
3737750,3302,0,1,1
3738000,3308,0,1,1
3738250,3304,0,1,1
3738500,3310,0,1,1
3738750,3309,0,1,1
3739000,3312,0,1,1
3739250,3307,0,1,1
3739500,3307,0,1,1
3739750,3313,0,1,1
3740000,3312,1,1,1
3740250,3311,1,1,1
3740500,3310,0,1,1
3740750,3309,0,1,1
3741000,3308,0,1,1
3741250,3309,0,1,1
3741500,3307,0,1,1
3741750,3311,0,1,1
3742000,3312,0,1,1
3742250,3310,0,1,1
3742500,3307,0,1,1
3742750,3309,0,1,1
3743000,3303,0,1,1
3743250,3305,0,1,1
3743500,3301,0,1,1
3743750,3302,0,1,1
3744000,3303,0,1,1
3744250,3300,0,1,1
3744500,3297,0,1,1
3744750,3300,0,1,1
3745000,3300,0,1,1
3745250,3295,0,1,1
3745500,3300,0,1,0
3745750,3295,0,1,0
3746000,3295,1,1,0
3746250,3297,1,1,0
3746500,3297,0,1,0
3746750,3291,0,1,0
3747000,3291,0,1,0
3747250,3293,0,1,0
3747500,3293,0,1,0
3747750,3291,0,1,0
3748000,3292,0,1,0
3748250,3320,0,1,0
3748500,3326,0,1,0
3748750,3319,0,1,0
3749000,3316,0,1,0
3749250,3295,0,1,0
3749500,3297,0,1,0
3749750,3293,0,1,0
3750000,3299,0,1,1
3750250,3294,0,1,1
3750500,3298,0,1,1
3750750,3296,0,1,1
3751000,3299,0,1,1
3751250,3297,0,1,1
3751500,3299,0,1,1
3751750,3298,0,1,1
3752000,3301,1,1,1
3752250,3299,1,1,1
3752500,3296,0,1,1
3752750,3299,0,1,1
3753000,3298,0,1,1
3753250,3298,0,1,1
3753500,3295,0,1,1
3753750,3295,0,1,1
3754000,3293,0,1,1
3754250,3295,0,1,1
3754500,3296,0,1,0
3754750,3296,0,1,0
3755000,3294,0,1,0
3755250,3296,0,1,0
3755500,3294,0,1,0
3755750,3295,0,1,0
3756000,3292,0,1,0
3756250,3288,0,1,0
3756500,3293,0,1,0
3756750,3291,0,1,0
3757000,3289,0,1,0
3757250,3294,0,1,0
3757500,3289,0,1,0
3757750,3291,0,1,0
3758000,3289,1,1,0
3758250,3293,1,1,0
3758500,3291,0,1,0
3758750,3292,0,1,0
3759000,3297,0,1,0
3759250,3296,0,1,0
3759500,3299,0,1,0
3759750,3299,0,1,0
3760000,3298,0,1,0
3760250,3270,0,1,0
3760500,3266,0,1,0
3760750,3273,0,1,0
3761000,3281,0,1,0
3761250,3300,0,1,0
3761500,3301,0,1,0
3761750,3307,0,1,0
3762000,3305,0,1,0
3762250,3309,0,1,0
3762500,3306,0,1,0
3762750,3306,0,1,0
3763000,3311,0,1,0
3763250,3306,0,1,0
3763500,3309,0,1,0
3763750,3308,0,1,0
3764000,3311,1,1,0
3764250,3312,1,1,0
3764500,3310,0,1,0
3764750,3306,0,1,0
3765000,3307,0,1,1
3765250,3307,0,1,1
3765500,3310,0,1,1
3765750,3308,0,1,1
3766000,3310,0,1,1
3766250,3277,0,1,1
3766500,3275,0,1,1
3766750,3278,0,1,1
3767000,3284,0,1,1
3767250,3307,0,1,1
3767500,3301,0,1,1
3767750,3303,0,1,1
3768000,3303,0,1,1
3768250,3305,0,1,1
3768500,3305,0,1,1
3768750,3305,0,1,1
3769000,3302,0,1,1
3769250,3303,0,1,1
3769500,3306,0,1,0
3769750,3301,0,1,0
3770000,3304,1,1,0
3770250,3305,1,1,0
3770500,3302,0,1,0
3770750,3302,0,1,0
3771000,3308,0,1,0
3771250,3305,0,1,0
3771500,3306,0,1,0
3771750,3308,0,1,0
3772000,3308,0,1,0
3772250,3278,0,1,0
3772500,3276,0,1,0
3772750,3281,0,1,0
3773000,3280,0,1,0
3773250,3308,0,1,0
3773500,3306,0,1,0
3773750,3310,0,1,0
3774000,3310,0,1,0
3774250,3308,0,1,0
3774500,3309,0,1,0
3774750,3303,0,1,0
3775000,3308,0,1,0
3775250,3306,0,1,0
3775500,3302,0,1,0
3775750,3304,0,1,0
3776000,3299,1,1,0
3776250,3302,1,1,0
3776500,3303,0,1,0
3776750,3302,0,1,0
3777000,3296,0,1,0
3777250,3295,0,1,0
3777500,3295,0,1,0
3777750,3295,0,1,0
3778000,3291,0,1,0
3778250,3294,0,1,0
3778500,3290,0,1,0
3778750,3291,0,1,0
3779000,3289,0,1,0
3779250,3287,0,1,0
3779500,3290,0,1,0
3779750,3288,0,1,0
3780000,3292,0,1,1
3780250,3288,0,1,1
3780500,3292,0,1,1
3780750,3290,0,1,1
3781000,3291,0,1,1
3781250,3288,0,1,1
3781500,3288,0,1,1
3781750,3290,0,1,1
3782000,3290,1,1,1
3782250,3292,1,1,1
3782500,3291,0,1,1
3782750,3292,0,1,1
3783000,3297,0,1,1
3783250,3294,0,1,1
3783500,3292,0,1,1
3783750,3293,0,1,1
3784000,3297,0,1,1
3784250,3300,0,1,1
3784500,3298,0,1,0
3784750,3301,0,1,0
3785000,3298,0,1,0
3785250,3301,0,1,0
3785500,3298,0,1,0
3785750,3297,0,1,0
3786000,3300,0,1,0
3786250,3299,0,1,0
3786500,3299,0,1,0
3786750,3301,0,1,0
3787000,3299,0,1,0
3787250,3300,0,1,0
3787500,3295,0,1,0
3787750,3296,0,1,0
3788000,3296,1,1,0
3788250,3293,1,1,0
3788500,3297,0,1,0
3788750,3296,0,1,0
3789000,3299,0,1,0
3789250,3294,0,1,0
3789500,3297,0,1,0
3789750,3292,0,1,0
3790000,3293,0,1,0
3790250,3293,0,1,0
3790500,3293,0,1,0
3790750,3293,0,1,0
3791000,3295,0,1,0
3791250,3297,0,1,0
3791500,3301,0,1,0
3791750,3298,0,1,0
3792000,3297,0,1,0
3792250,3298,0,1,0
3792500,3301,0,1,0
3792750,3302,0,1,0
3793000,3299,0,1,0
3793250,3304,0,1,0
3793500,3304,0,1,0
3793750,3309,0,1,0
3794000,3306,1,1,0
3794250,3307,1,1,0
3794500,3310,0,1,0
3794750,3308,0,1,0
3795000,3309,0,1,1
3795250,3312,0,1,1
3795500,3313,0,1,1
3795750,3312,0,1,1
3796000,3315,0,1,1
3796250,3280,0,1,1
3796500,3276,0,1,1
3796750,3286,0,1,1
3797000,3291,0,1,1
3797250,3315,0,1,1
3797500,3311,0,1,1
3797750,3311,0,1,1
3798000,3308,0,1,1
3798250,3311,0,1,1
3798500,3307,0,1,1
3798750,3311,0,1,1
3799000,3305,0,1,1
3799250,3306,0,1,1
3799500,3307,0,1,0
3799750,3304,0,1,0
3800000,3302,1,1,0
3800250,3301,1,1,0
3800500,3299,0,1,0
3800750,3302,0,1,0
3801000,3298,0,1,0
3801250,3300,0,1,0
3801500,3302,0,1,0
3801750,3300,0,1,0
3802000,3300,0,1,0
3802250,3298,0,1,0
3802500,3302,0,1,0
3802750,3297,0,1,0
3803000,3297,0,1,0
3803250,3303,0,1,0
3803500,3302,0,1,0
3803750,3299,0,1,0
3804000,3299,0,1,0
3804250,3300,0,1,0
3804500,3300,0,1,0
3804750,3301,0,1,0
3805000,3301,0,1,0
3805250,3304,0,1,0
3805500,3299,0,1,0
3805750,3305,0,1,0
3806000,3304,1,1,0
3806250,3304,1,1,0
3806500,3300,0,1,0
3806750,3304,0,1,0
3807000,3304,0,1,0
3807250,3302,0,1,0
3807500,3298,0,1,0
3807750,3299,0,1,0
3808000,3299,0,1,0
3808250,3302,0,1,0
3808500,3297,0,1,0
3808750,3297,0,1,0
3809000,3294,0,1,0
3809250,3297,0,1,0
3809500,3297,0,1,0
3809750,3298,0,1,0
3810000,3297,0,1,1
3810250,3293,0,1,1
3810500,3289,0,1,1
3810750,3292,0,1,1
3811000,3288,0,1,1
3811250,3293,0,1,1
3811500,3290,0,1,1
3811750,3290,0,1,1
3812000,3285,1,1,1
3812250,3285,1,1,1
3812500,3285,0,1,1
3812750,3291,0,1,1
3813000,3287,0,1,1
3813250,3288,0,1,1
3813500,3289,0,1,1
3813750,3289,0,1,1
3814000,3291,0,1,1
3814250,3316,0,1,1
3814500,3322,0,1,0
3814750,3322,0,1,0
3815000,3319,0,1,0
3815250,3295,0,1,0
3815500,3292,0,1,0
3815750,3295,0,1,0
3816000,3297,0,1,0
3816250,3299,0,1,0
3816500,3299,0,1,0
3816750,3299,0,1,0
3817000,3302,0,1,0
3817250,3298,0,1,0
3817500,3302,0,1,0
3817750,3303,0,1,0
3818000,3298,1,1,0
3818250,3303,1,1,0
3818500,3299,0,1,0
3818750,3305,0,1,0
3819000,3301,0,1,0
3819250,3300,0,1,0
3819500,3305,0,1,0
3819750,3299,0,1,0
3820000,3300,0,1,0
3820250,3299,0,1,0
3820500,3304,0,1,0
3820750,3300,0,1,0
3821000,3298,0,1,0
3821250,3299,0,1,0
3821500,3299,0,1,0
3821750,3301,0,1,0
3822000,3300,0,1,0
3822250,3299,0,1,0
3822500,3303,0,1,0
3822750,3302,0,1,0
3823000,3303,0,1,0
3823250,3298,0,1,0
3823500,3302,0,1,0
3823750,3303,0,1,0
3824000,3298,1,1,0
3824250,3303,1,1,0
3824500,3301,0,1,0
3824750,3305,0,1,0
3825000,3304,0,1,1
3825250,3303,0,1,1
3825500,3301,0,1,1
3825750,3307,0,1,1
3826000,3305,0,1,1
3826250,3334,0,1,1
3826500,3339,0,1,1
3826750,3334,0,1,1
3827000,3330,0,1,1
3827250,3313,0,1,1
3827500,3312,0,1,1
3827750,3308,0,1,1
3828000,3309,0,1,1
3828250,3309,0,1,1
3828500,3311,0,1,1
3828750,3315,0,1,1
3829000,3312,0,1,1
3829250,3315,0,1,1
3829500,3312,0,1,1
3829750,3311,0,1,1
3830000,3309,1,1,1
3830250,3307,1,1,1
3830500,3310,0,1,1
3830750,3307,0,1,1
3831000,3306,0,1,1
3831250,3305,0,1,1
3831500,3309,0,1,1
3831750,3307,0,1,1
3832000,3306,0,1,1
3832250,3305,0,1,1
3832500,3301,0,1,1
3832750,3301,0,1,1
3833000,3299,0,1,1
3833250,3300,0,1,1
3833500,3302,0,1,1
3833750,3297,0,1,1
3834000,3298,0,1,1
3834250,3298,0,1,1
3834500,3295,0,1,1
3834750,3297,0,1,1
3835000,3295,0,1,1
3835250,3292,0,1,1
3835500,3297,0,1,0
3835750,3293,0,1,0
3836000,3292,1,1,0
3836250,3294,1,1,0
3836500,3295,0,1,0
3836750,3294,0,1,0
3837000,3299,0,1,0
3837250,3295,0,1,0
3837500,3298,0,1,0
3837750,3299,0,1,0
3838000,3295,0,1,0
3838250,3299,0,1,0
3838500,3298,0,1,0
3838750,3297,0,1,0
3839000,3300,0,1,0
3839250,3296,0,1,0
3839500,3302,0,1,0
3839750,3301,0,1,0
3840000,3297,0,1,1
3840250,3301,0,1,1
3840500,3298,0,1,1
3840750,3300,0,1,1
3841000,3299,0,1,1
3841250,3300,0,1,1
3841500,3299,0,1,1
3841750,3299,0,1,1
3842000,3292,1,1,1
3842250,3296,1,1,1
3842500,3291,0,1,1
3842750,3290,0,1,1
3843000,3293,0,1,1
3843250,3294,0,1,1
3843500,3292,0,1,1
3843750,3290,0,1,1
3844000,3289,0,1,1
3844250,3260,0,1,1
3844500,3255,0,1,0
3844750,3261,0,1,0
3845000,3265,0,1,0
3845250,3292,0,1,0
3845500,3287,0,1,0
3845750,3286,0,1,0
3846000,3289,0,1,0
3846250,3288,0,1,0
3846500,3289,0,1,0
3846750,3293,0,1,0
3847000,3295,0,1,0
3847250,3295,0,1,0
3847500,3292,0,1,0
3847750,3294,0,1,0
3848000,3298,1,1,0
3848250,3297,1,1,0
3848500,3297,0,1,0
3848750,3298,0,1,0
3849000,3302,0,1,0
3849250,3298,0,1,0
3849500,3304,0,1,0
3849750,3303,0,1,0
3850000,3303,0,1,0
3850250,3303,0,1,0
3850500,3308,0,1,0
3850750,3309,0,1,0
3851000,3304,0,1,0
3851250,3304,0,1,0
3851500,3309,0,1,0
3851750,3309,0,1,0
3852000,3306,0,1,0
3852250,3304,0,1,0
3852500,3307,0,1,0
3852750,3305,0,1,0
3853000,3305,0,1,0
3853250,3307,0,1,0
3853500,3309,0,1,0
3853750,3303,0,1,0
3854000,3307,1,1,0
3854250,3306,1,1,0
3854500,3301,0,1,0
3854750,3304,0,1,0
3855000,3301,0,1,1
3855250,3305,0,1,1
3855500,3300,0,1,1
3855750,3301,0,1,1
3856000,3327,0,1,1
3856250,3329,0,1,1
3856500,3323,0,1,1
3856750,3303,0,1,1
3857000,3301,0,1,1
3857250,3305,0,1,1
3857500,3301,0,1,1
3857750,3303,0,1,1
3858000,3304,0,1,1
3858250,3304,0,1,1
3858500,3303,0,1,1
3858750,3305,0,1,1
3859000,3305,0,1,1
3859250,3306,0,1,1
3859500,3307,0,1,1
3859750,3307,0,1,1
3860000,3307,1,1,1
3860250,3310,1,1,1
3860500,3307,0,1,1
3860750,3312,0,1,1
3861000,3309,0,1,1
3861250,3312,0,1,1
3861500,3312,0,1,1
3861750,3307,0,1,1
3862000,3310,0,1,1
3862250,3312,0,1,1
3862500,3311,0,1,1
3862750,3306,0,1,1
3863000,3309,0,1,1
3863250,3306,0,1,1
3863500,3308,0,1,1
3863750,3305,0,1,1
3864000,3307,0,1,1
3864250,3304,0,1,1
3864500,3300,0,1,1
3864750,3297,0,1,1
3865000,3300,0,1,1
3865250,3300,0,1,1
3865500,3301,0,1,0
3865750,3297,0,1,0
3866000,3298,1,1,0
3866250,3296,1,1,0
3866500,3297,0,1,0
3866750,3296,0,1,0
3867000,3291,0,1,0
3867250,3293,0,1,0
3867500,3291,0,1,0
3867750,3290,0,1,0
3868000,3294,0,1,0
3868250,3318,0,1,0
3868500,3325,0,1,0
3868750,3323,0,1,0
3869000,3315,0,1,0
3869250,3293,0,1,0
3869500,3294,0,1,0
3869750,3293,0,1,0
3870000,3293,0,1,1
3870250,3293,0,1,1
3870500,3296,0,1,1
3870750,3292,0,1,1
3871000,3293,0,1,1
3871250,3292,0,1,1
3871500,3293,0,1,1
3871750,3293,0,1,1
3872000,3297,1,1,1
3872250,3294,1,1,1
3872500,3299,0,1,1
3872750,3294,0,1,1
3873000,3301,0,1,1
3873250,3295,0,1,1
3873500,3298,0,1,1
3873750,3297,0,1,1
3874000,3298,0,1,1
3874250,3295,0,1,1
3874500,3299,0,1,0
3874750,3298,0,1,0
3875000,3293,0,1,0
3875250,3293,0,1,0
3875500,3297,0,1,0
3875750,3298,0,1,0
3876000,3295,0,1,0
3876250,3291,0,1,0
3876500,3291,0,1,0
3876750,3293,0,1,0
3877000,3293,0,1,0
3877250,3296,0,1,0
3877500,3291,0,1,0
3877750,3291,0,1,0
3878000,3296,1,1,0
3878250,3296,1,1,0
3878500,3291,0,1,0
3878750,3297,0,1,0
3879000,3294,0,1,0
3879250,3294,0,1,0
3879500,3294,0,1,0
3879750,3293,0,1,0
3880000,3294,0,1,0
3880250,3297,0,1,0
3880500,3301,0,1,0
3880750,3297,0,1,0
3881000,3303,0,1,0
3881250,3300,0,1,0
3881500,3304,0,1,0
3881750,3305,0,1,0
3882000,3307,0,1,0
3882250,3304,0,1,0
3882500,3304,0,1,0
3882750,3306,0,1,0
3883000,3310,0,1,0
3883250,3311,0,1,0
3883500,3312,0,1,0
3883750,3311,0,1,0
3884000,3310,1,1,0
3884250,3308,1,1,0
3884500,3312,0,1,0
3884750,3313,0,1,0
3885000,3308,0,1,1
3885250,3313,0,1,1
3885500,3308,0,1,1
3885750,3312,0,1,1
3886000,3310,0,1,1
3886250,3339,0,1,1
3886500,3344,0,1,1
3886750,3337,0,1,1
3887000,3332,0,1,1
3887250,3306,0,1,1
3887500,3307,0,1,1
3887750,3307,0,1,1
3888000,3307,0,1,1
3888250,3303,0,1,1
3888500,3303,0,1,1
3888750,3305,0,1,1
3889000,3303,0,1,1
3889250,3304,0,1,1
3889500,3300,0,1,0
3889750,3302,0,1,0
3890000,3303,1,1,0
3890250,3298,1,1,0
3890500,3299,0,1,0
3890750,3303,0,1,0
3891000,3303,0,1,0
3891250,3299,0,1,0
3891500,3305,0,1,0
3891750,3303,0,1,0
3892000,3305,0,1,0
3892250,3305,0,1,0
3892500,3306,0,1,0
3892750,3307,0,1,0
3893000,3303,0,1,0
3893250,3302,0,1,0
3893500,3302,0,1,0
3893750,3304,0,1,0
3894000,3302,0,1,0
3894250,3304,0,1,0
3894500,3306,0,1,0
3894750,3306,0,1,0
3895000,3303,0,1,0
3895250,3303,0,1,0
3895500,3300,0,1,0
3895750,3306,0,1,0
3896000,3303,1,1,0
3896250,3301,1,1,0
3896500,3302,0,1,0
3896750,3298,0,1,0
3897000,3299,0,1,0
3897250,3301,0,1,0
3897500,3296,0,1,0
3897750,3295,0,1,0
3898000,3294,0,1,0
3898250,3292,0,1,0
3898500,3290,0,1,0
3898750,3289,0,1,0
3899000,3291,0,1,0
3899250,3294,0,1,0
3899500,3291,0,1,0
3899750,3290,0,1,0
3900000,3287,0,1,1
3900250,3289,0,1,1
3900500,3290,0,1,1
3900750,3287,0,1,1
3901000,3289,0,1,1
3901250,3287,0,1,1
3901500,3286,0,1,1
3901750,3288,0,1,1
3902000,3290,1,1,1
3902250,3289,1,1,1
3902500,3291,0,1,1
3902750,3290,0,1,1
3903000,3289,0,1,1
3903250,3295,0,1,1
3903500,3293,0,1,1
3903750,3292,0,1,1
3904000,3298,0,1,1
3904250,3292,0,1,1
3904500,3294,0,1,0
3904750,3299,0,1,0
3905000,3296,0,1,0
3905250,3300,0,1,0
3905500,3301,0,1,0
3905750,3300,0,1,0
3906000,3303,0,1,0
3906250,3298,0,1,0
3906500,3303,0,1,0
3906750,3299,0,1,0
3907000,3299,0,1,0
3907250,3298,0,1,0
3907500,3298,0,1,0
3907750,3299,0,1,0
3908000,3303,1,1,0
3908250,3299,1,1,0
3908500,3297,0,1,0
3908750,3302,0,1,0
3909000,3297,0,1,0
3909250,3302,0,1,0
3909500,3297,0,1,0
3909750,3301,0,1,0
3910000,3298,0,1,0
3910250,3266,0,1,0
3910500,3264,0,1,0
3910750,3272,0,1,0
3911000,3274,0,1,0
3911250,3299,0,1,0
3911500,3296,0,1,0
3911750,3301,0,1,0
3912000,3300,0,1,0
3912250,3302,0,1,0
3912500,3299,0,1,0
3912750,3301,0,1,0
3913000,3300,0,1,0
3913250,3305,0,1,0
3913500,3300,0,1,0
3913750,3302,0,1,0
3914000,3304,1,1,0
3914250,3303,1,1,0
3914500,3304,0,1,0
3914750,3310,0,1,0
3915000,3309,0,1,1
3915250,3312,0,1,1
3915500,3312,0,1,1
3915750,3309,0,1,1
3916000,3311,0,1,1
3916250,3314,0,1,1
3916500,3314,0,1,1
3916750,3309,0,1,1
3917000,3310,0,1,1
3917250,3309,0,1,1
3917500,3311,0,1,1
3917750,3313,0,1,1
3918000,3312,0,1,1
3918250,3308,0,1,1
3918500,3309,0,1,1
3918750,3311,0,1,1
3919000,3307,0,1,1
3919250,3309,0,1,1
3919500,3311,0,1,1
3919750,3310,0,1,1
3920000,3309,1,1,1
3920250,3302,1,1,1
3920500,3303,0,1,1
3920750,3306,0,1,1
3921000,3304,0,1,1
3921250,3303,0,1,1
3921500,3300,0,1,1
3921750,3298,0,1,1
3922000,3301,0,1,1
3922250,3296,0,1,1
3922500,3298,0,1,1
3922750,3297,0,1,1
3923000,3299,0,1,1
3923250,3299,0,1,1
3923500,3301,0,1,1
3923750,3297,0,1,1
3924000,3300,0,1,1
3924250,3297,0,1,1
3924500,3295,0,1,1
3924750,3297,0,1,1
3925000,3297,0,1,1
3925250,3296,0,1,1
3925500,3298,0,1,0
3925750,3303,0,1,0
3926000,3301,1,1,0
3926250,3303,1,1,0
3926500,3300,0,1,0
3926750,3302,0,1,0
3927000,3298,0,1,0
3927250,3298,0,1,0
3927500,3300,0,1,0
3927750,3300,0,1,0
3928000,3301,0,1,0
3928250,3299,0,1,0
3928500,3303,0,1,0
3928750,3297,0,1,0
3929000,3300,0,1,0
3929250,3301,0,1,0
3929500,3296,0,1,0
3929750,3299,0,1,0
3930000,3298,0,1,1
3930250,3292,0,1,1
3930500,3291,0,1,1
3930750,3295,0,1,1
3931000,3293,0,1,1
3931250,3294,0,1,1
3931500,3294,0,1,1
3931750,3293,0,1,1
3932000,3293,1,1,1
3932250,3288,1,1,1
3932500,3290,0,1,1
3932750,3286,0,1,1
3933000,3287,0,1,1
3933250,3286,0,1,1
3933500,3286,0,1,1
3933750,3287,0,1,1
3934000,3288,0,1,1
3934250,3286,0,1,1
3934500,3286,0,1,0
3934750,3288,0,1,0
3935000,3290,0,1,0
3935250,3294,0,1,0
3935500,3290,0,1,0
3935750,3296,0,1,0
3936000,3292,0,1,0
3936250,3294,0,1,0
3936500,3298,0,1,0
3936750,3297,0,1,0
3937000,3295,0,1,0
3937250,3302,0,1,0
3937500,3299,0,1,0
3937750,3297,0,1,0
3938000,3300,1,1,0
3938250,3301,1,1,0
3938500,3299,0,1,0
3938750,3302,0,1,0
3939000,3305,0,1,0
3939250,3306,0,1,0
3939500,3306,0,1,0
3939750,3307,0,1,0
3940000,3302,0,1,0
3940250,3303,0,1,0
3940500,3305,0,1,0
3940750,3308,0,1,0
3941000,3307,0,1,0
3941250,3304,0,1,0
3941500,3306,0,1,0
3941750,3307,0,1,0
3942000,3301,0,1,0
3942250,3303,0,1,0
3942500,3302,0,1,0
3942750,3300,0,1,0
3943000,3300,0,1,0
3943250,3300,0,1,0
3943500,3304,0,1,0
3943750,3304,0,1,0
3944000,3301,1,1,0
3944250,3300,1,1,0
3944500,3304,0,1,0
3944750,3302,0,1,0
3945000,3300,0,1,1
3945250,3303,0,1,1
3945500,3301,0,1,1
3945750,3302,0,1,1
3946000,3306,0,1,1
3946250,3301,0,1,1
3946500,3303,0,1,1
3946750,3309,0,1,1
3947000,3304,0,1,1
3947250,3308,0,1,1
3947500,3310,0,1,1
3947750,3307,0,1,1
3948000,3309,0,1,1
3948250,3312,0,1,1
3948500,3312,0,1,1
3948750,3313,0,1,1
3949000,3313,0,1,1
3949250,3308,0,1,1
3949500,3314,0,1,0
3949750,3311,0,1,0
3950000,3312,1,1,0
3950250,3314,1,1,0
3950500,3309,0,1,0
3950750,3311,0,1,0
3951000,3307,0,1,0
3951250,3312,0,1,0
3951500,3307,0,1,0
3951750,3309,0,1,0
3952000,3306,0,1,0
3952250,3332,0,1,0
3952500,3338,0,1,0
3952750,3334,0,1,0
3953000,3328,0,1,0
3953250,3301,0,1,0
3953500,3301,0,1,0
3953750,3302,0,1,0
3954000,3298,0,1,0
3954250,3298,0,1,0
3954500,3294,0,1,0
3954750,3296,0,1,0
3955000,3297,0,1,0
3955250,3292,0,1,0
3955500,3295,0,1,0
3955750,3295,0,1,0
3956000,3292,1,1,0
3956250,3294,1,1,0
3956500,3295,0,1,0
3956750,3291,0,1,0
3957000,3290,0,1,0
3957250,3296,0,1,0
3957500,3290,0,1,0
3957750,3294,0,1,0
3958000,3293,0,1,0
3958250,3295,0,1,0
3958500,3292,0,1,0
3958750,3293,0,1,0
3959000,3296,0,1,0
3959250,3299,0,1,0
3959500,3295,0,1,0
3959750,3294,0,1,0
3960000,3296,0,1,1
3960250,3296,0,1,1
3960500,3300,0,1,1
3960750,3295,0,1,1
3961000,3298,0,1,1
3961250,3298,0,1,1
3961500,3300,0,1,1
3961750,3300,0,1,1
3962000,3294,1,1,1
3962250,3300,1,1,1
3962500,3295,0,1,1
3962750,3294,0,1,1
3963000,3298,0,1,1
3963250,3292,0,1,1
3963500,3292,0,1,1
3963750,3293,0,1,1
3964000,3290,0,1,1
3964250,3292,0,1,1
3964500,3292,0,1,0
3964750,3291,0,1,0
3965000,3292,0,1,0
3965250,3291,0,1,0
3965500,3288,0,1,0
3965750,3294,0,1,0
3966000,3289,0,1,0
3966250,3294,0,1,0
3966500,3291,0,1,0
3966750,3289,0,1,0
3967000,3293,0,1,0
3967250,3295,0,1,0
3967500,3293,0,1,0
3967750,3296,0,1,0
3968000,3293,1,1,0
3968250,3294,1,1,0
3968500,3299,0,1,0
3968750,3301,0,1,0
3969000,3299,0,1,0
3969250,3302,0,1,0
3969500,3300,0,1,0
3969750,3299,0,1,0
3970000,3299,0,1,0
3970250,3306,0,1,0
3970500,3307,0,1,0
3970750,3307,0,1,0
3971000,3308,0,1,0
3971250,3306,0,1,0
3971500,3305,0,1,0
3971750,3305,0,1,0
3972000,3307,0,1,0
3972250,3308,0,1,0
3972500,3311,0,1,0
3972750,3312,0,1,0
3973000,3310,0,1,0
3973250,3309,0,1,0
3973500,3307,0,1,0
3973750,3312,0,1,0
3974000,3311,1,1,0
3974250,3306,1,1,0
3974500,3306,0,1,0
3974750,3304,0,1,0
3975000,3304,0,1,1
3975250,3304,0,1,1
3975500,3307,0,1,1
3975750,3303,0,1,1
3976000,3305,0,1,1
3976250,3305,0,1,1
3976500,3305,0,1,1
3976750,3302,0,1,1
3977000,3302,0,1,1
3977250,3305,0,1,1
3977500,3301,0,1,1
3977750,3303,0,1,1
3978000,3304,0,1,1
3978250,3299,0,1,1
3978500,3303,0,1,1
3978750,3305,0,1,1
3979000,3303,0,1,1
3979250,3305,0,1,1
3979500,3306,0,1,1
3979750,3301,0,1,1
3980000,3307,1,1,1
3980250,3306,1,1,1
3980500,3308,0,1,1
3980750,3307,0,1,1
3981000,3305,0,1,1
3981250,3305,0,1,1
3981500,3304,0,1,1
3981750,3310,0,1,1
3982000,3307,0,1,1
3982250,3281,0,1,1
3982500,3271,0,1,1
3982750,3281,0,1,1
3983000,3281,0,1,1
3983250,3309,0,1,1
3983500,3303,0,1,1
3983750,3303,0,1,1
3984000,3305,0,1,1
3984250,3303,0,1,1
3984500,3303,0,1,1
3984750,3300,0,1,1
3985000,3300,0,1,1
3985250,3301,0,1,1
3985500,3297,0,1,0
3985750,3297,0,1,0
3986000,3299,1,1,0
3986250,3297,1,1,0
3986500,3294,0,1,0
3986750,3294,0,1,0
3987000,3293,0,1,0
3987250,3290,0,1,0
3987500,3291,0,1,0
3987750,3293,0,1,0
3988000,3287,0,1,0
3988250,3291,0,1,0
3988500,3291,0,1,0
3988750,3291,0,1,0
3989000,3292,0,1,0
3989250,3286,0,1,0
3989500,3288,0,1,0
3989750,3292,0,1,0
3990000,3289,0,1,1
3990250,3291,0,1,1
3990500,3288,0,1,1
3990750,3293,0,1,1
3991000,3291,0,1,1
3991250,3292,0,1,1
3991500,3290,0,1,1
3991750,3296,0,1,1
3992000,3293,1,1,1
3992250,3297,1,1,1
3992500,3298,0,1,1
3992750,3295,0,1,1
3993000,3297,0,1,1
3993250,3296,0,1,1
3993500,3297,0,1,1
3993750,3297,0,1,1
3994000,3299,0,1,1
3994250,3301,0,1,1
3994500,3296,0,1,0
3994750,3297,0,1,0
3995000,3297,0,1,0
3995250,3302,0,1,0
3995500,3296,0,1,0
3995750,3296,0,1,0
3996000,3298,0,1,0
3996250,3298,0,1,0
3996500,3298,0,1,0
3996750,3295,0,1,0
3997000,3299,0,1,0
3997250,3293,0,1,0
3997500,3293,0,1,0
3997750,3296,0,1,0
3998000,3295,1,1,0
3998250,3294,1,1,0
3998500,3292,0,1,0
3998750,3293,0,1,0
3999000,3294,0,1,0
3999250,3297,0,1,0
3999500,3295,0,1,0
3999750,3293,0,1,0
4000000,3297,0,1,0
4000250,3296,0,1,0
4000500,3301,0,1,0
4000750,3278,0,1,0
4001000,3277,0,1,0
4001250,3280,0,1,0
4001500,3298,0,1,0
4001750,3304,0,1,0
4002000,3301,0,1,0
4002250,3303,0,1,0
4002500,3308,0,1,0
4002750,3308,0,1,0
4003000,3305,0,1,0
4003250,3309,0,1,0
4003500,3308,0,1,0
4003750,3307,0,1,0
4004000,3307,1,1,0
4004250,3314,1,1,0
4004500,3312,0,1,0
4004750,3309,0,1,0
4005000,3311,0,1,1
4005250,3309,0,1,1
4005500,3311,0,1,1
4005750,3310,0,1,1
4006000,3311,0,1,1
4006250,3309,0,1,1
4006500,3313,0,1,1
4006750,3314,0,1,1
4007000,3313,0,1,1
4007250,3307,0,1,1
4007500,3310,0,1,1
4007750,3311,0,1,1
4008000,3310,0,1,1
4008250,3303,0,1,1
4008500,3308,0,1,1
4008750,3304,0,1,1
4009000,3307,0,1,1
4009250,3302,0,1,1
4009500,3301,0,1,0
4009750,3302,0,1,0
4010000,3299,1,1,0
4010250,3300,1,1,0
4010500,3302,0,1,0
4010750,3298,0,1,0
4011000,3297,0,1,0
4011250,3299,0,1,0
4011500,3301,0,1,0
4011750,3301,0,1,0
4012000,3299,0,1,0
4012250,3300,0,1,0
4012500,3300,0,1,0
4012750,3301,0,1,0
4013000,3303,0,1,0
4013250,3301,0,1,0
4013500,3298,0,1,0
4013750,3302,0,1,0
4014000,3305,0,1,0
4014250,3302,0,1,0
4014500,3301,0,1,0
4014750,3302,0,1,0
4015000,3304,0,1,0
4015250,3300,0,1,0
4015500,3303,0,1,0
4015750,3305,0,1,0
4016000,3299,1,1,0
4016250,3303,1,1,0
4016500,3304,0,1,0
4016750,3301,0,1,0
4017000,3302,0,1,0
4017250,3300,0,1,0
4017500,3300,0,1,0
4017750,3297,0,1,0
4018000,3298,0,1,0
4018250,3324,0,1,0
4018500,3331,0,1,0
4018750,3324,0,1,0
4019000,3314,0,1,0
4019250,3293,0,1,0
4019500,3295,0,1,0
4019750,3291,0,1,0
4020000,3288,0,1,1
4020250,3286,0,1,1
4020500,3287,0,1,1
4020750,3286,0,1,1
4021000,3286,0,1,1
4021250,3286,0,1,1
4021500,3289,0,1,1
4021750,3285,0,1,1
4022000,3287,1,1,1
4022250,3285,1,1,1
4022500,3290,0,1,1
4022750,3292,0,1,1
4023000,3292,0,1,1
4023250,3288,0,1,1
4023500,3291,0,1,1
4023750,3291,0,1,1
4024000,3290,0,1,1
4024250,3295,0,1,1
4024500,3297,0,1,1
4024750,3296,0,1,1
4025000,3293,0,1,1
4025250,3300,0,1,1
4025500,3300,0,1,1
4025750,3296,0,1,1
4026000,3300,0,1,1
4026250,3301,0,1,1
4026500,3297,0,1,1
4026750,3300,0,1,1
4027000,3302,0,1,1
4027250,3298,0,1,1
4027500,3301,0,1,1
4027750,3302,0,1,1
4028000,3305,1,1,1
4028250,3303,1,1,1
4028500,3300,0,1,1
4028750,3304,0,1,1
4029000,3302,0,1,1
4029250,3300,0,1,1
4029500,3298,0,1,1
4029750,3301,0,1,1
4030000,3304,0,1,1
4030250,3328,0,1,1
4030500,3337,0,1,0
4030750,3328,0,1,0
4031000,3327,0,1,0
4031250,3299,0,1,0
4031500,3302,0,1,0
4031750,3299,0,1,0
4032000,3299,0,1,0
4032250,3302,0,1,0
4032500,3297,0,1,0
4032750,3297,0,1,0
4033000,3301,0,1,0
4033250,3298,0,1,0
4033500,3303,0,1,0
4033750,3302,0,1,0
4034000,3302,1,1,0
4034250,3304,1,1,0
4034500,3304,0,1,0
4034750,3308,0,1,0
4035000,3303,0,1,1
4035250,3305,0,1,1
4035500,3311,0,1,1
4035750,3308,0,1,1
4036000,3309,0,1,1
4036250,3307,0,1,1
4036500,3313,0,1,1
4036750,3308,0,1,1
4037000,3308,0,1,1
4037250,3313,0,1,1
4037500,3312,0,1,1
4037750,3313,0,1,1
4038000,3311,0,1,1
4038250,3309,0,1,1
4038500,3311,0,1,1
4038750,3310,0,1,1
4039000,3310,0,1,1
4039250,3311,0,1,1
4039500,3313,0,1,0
4039750,3309,0,1,0
4040000,3310,1,1,0
4040250,3304,1,1,0
4040500,3308,0,1,0
4040750,3304,0,1,0
4041000,3301,0,1,0
4041250,3300,0,1,0
4041500,3305,0,1,0
4041750,3300,0,1,0
4042000,3301,0,1,0
4042250,3298,0,1,0
4042500,3298,0,1,0
4042750,3300,0,1,0
4043000,3299,0,1,0
4043250,3294,0,1,0
4043500,3293,0,1,0
4043750,3296,0,1,0
4044000,3298,0,1,0
4044250,3294,0,1,0
4044500,3298,0,1,0
4044750,3296,0,1,0
4045000,3293,0,1,0
4045250,3295,0,1,0
4045500,3294,0,1,0
4045750,3296,0,1,0
4046000,3295,1,1,0
4046250,3296,1,1,0
4046500,3300,0,1,0
4046750,3297,0,1,0
4047000,3296,0,1,0
4047250,3296,0,1,0
4047500,3300,0,1,0
4047750,3301,0,1,0
4048000,3298,0,1,0
4048250,3299,0,1,0
4048500,3299,0,1,0
4048750,3296,0,1,0
4049000,3301,0,1,0
4049250,3298,0,1,0
4049500,3298,0,1,0
4049750,3296,0,1,0
4050000,3296,0,1,1
4050250,3295,0,1,1
4050500,3299,0,1,1
4050750,3296,0,1,1
4051000,3295,0,1,1
4051250,3292,0,1,1
4051500,3295,0,1,1
4051750,3291,0,1,1
4052000,3293,1,1,1
4052250,3292,1,1,1
4052500,3292,0,1,1
4052750,3290,0,1,1
4053000,3291,0,1,1
4053250,3290,0,1,1
4053500,3288,0,1,1
4053750,3287,0,1,1
4054000,3288,0,1,1
4054250,3292,0,1,1
4054500,3288,0,1,0
4054750,3288,0,1,0
4055000,3287,0,1,0
4055250,3292,0,1,0
4055500,3291,0,1,0
4055750,3290,0,1,0
4056000,3291,0,1,0
4056250,3291,0,1,0
4056500,3296,0,1,0
4056750,3296,0,1,0
4057000,3294,0,1,0
4057250,3298,0,1,0
4057500,3300,0,1,0
4057750,3297,0,1,0
4058000,3302,1,1,0
4058250,3298,1,1,0
4058500,3301,0,1,0
4058750,3301,0,1,0
4059000,3303,0,1,0
4059250,3305,0,1,0
4059500,3303,0,1,0
4059750,3305,0,1,0
4060000,3306,0,1,0
4060250,3305,0,1,0
4060500,3306,0,1,0
4060750,3310,0,1,0
4061000,3310,0,1,0
4061250,3310,0,1,0
4061500,3310,0,1,0
4061750,3308,0,1,0
4062000,3307,0,1,0
4062250,3306,0,1,0
4062500,3309,0,1,0
4062750,3304,0,1,0
4063000,3302,0,1,0
4063250,3308,0,1,0
4063500,3307,0,1,0
4063750,3305,0,1,0
4064000,3302,1,1,0
4064250,3301,1,1,0
4064500,3305,0,1,0
4064750,3300,0,1,0
4065000,3304,0,1,1
4065250,3300,0,1,1
4065500,3302,0,1,1
4065750,3301,0,1,1
4066000,3304,0,1,1
4066250,3304,0,1,1
4066500,3300,0,1,1
4066750,3302,0,1,1
4067000,3304,0,1,1
4067250,3301,0,1,1
4067500,3307,0,1,1
4067750,3303,0,1,1
4068000,3309,0,1,1
4068250,3310,0,1,1
4068500,3304,0,1,1
4068750,3310,0,1,1
4069000,3306,0,1,1
4069250,3310,0,1,1
4069500,3308,0,1,1
4069750,3312,0,1,1
4070000,3310,1,1,1
4070250,3309,1,1,1
4070500,3310,0,1,1
4070750,3307,0,1,1
4071000,3308,0,1,1
4071250,3310,0,1,1
4071500,3311,0,1,1
4071750,3311,0,1,1
4072000,3307,0,1,1
4072250,3309,0,1,1
4072500,3303,0,1,1
4072750,3303,0,1,1
4073000,3300,0,1,1
4073250,3304,0,1,1
4073500,3300,0,1,1
4073750,3301,0,1,1
4074000,3298,0,1,1
4074250,3298,0,1,1
4074500,3299,0,1,1
4074750,3300,0,1,1
4075000,3298,0,1,1
4075250,3296,0,1,1
4075500,3297,0,1,0
4075750,3294,0,1,0
4076000,3291,1,1,0
4076250,3293,1,1,0
4076500,3291,0,1,0
4076750,3289,0,1,0
4077000,3292,0,1,0
4077250,3294,0,1,0
4077500,3294,0,1,0
4077750,3288,0,1,0
4078000,3312,0,1,0
4078250,3314,0,1,0
4078500,3319,0,1,0
4078750,3295,0,1,0
4079000,3295,0,1,0
4079250,3291,0,1,0
4079500,3290,0,1,0
4079750,3291,0,1,0
4080000,3297,0,1,1
4080250,3294,0,1,1
4080500,3295,0,1,1
4080750,3297,0,1,1
4081000,3299,0,1,1
4081250,3298,0,1,1
4081500,3296,0,1,1
4081750,3294,0,1,1
4082000,3296,1,1,1
4082250,3299,1,1,1
4082500,3296,0,1,1
4082750,3297,0,1,1
4083000,3294,0,1,1
4083250,3298,0,1,1
4083500,3294,0,1,1
4083750,3294,0,1,1
4084000,3297,0,1,1
4084250,3269,0,1,1
4084500,3262,0,1,0
4084750,3267,0,1,0
4085000,3267,0,1,0
4085250,3295,0,1,0
4085500,3295,0,1,0
4085750,3294,0,1,0
4086000,3291,0,1,0
4086250,3290,0,1,0
4086500,3296,0,1,0
4086750,3294,0,1,0
4087000,3290,0,1,0
4087250,3293,0,1,0
4087500,3294,0,1,0
4087750,3293,0,1,0
4088000,3291,1,1,0
4088250,3292,1,1,0
4088500,3297,0,1,0
4088750,3293,0,1,0
4089000,3295,0,1,0
4089250,3299,0,1,0
4089500,3300,0,1,0
4089750,3300,0,1,0
4090000,3303,0,1,0
4090250,3299,0,1,0
4090500,3300,0,1,0
4090750,3302,0,1,0
4091000,3307,0,1,0
4091250,3303,0,1,0
4091500,3305,0,1,0
4091750,3308,0,1,0
4092000,3309,0,1,0
4092250,3308,0,1,0
4092500,3307,0,1,0
4092750,3313,0,1,0
4093000,3311,0,1,0
4093250,3313,0,1,0
4093500,3308,0,1,0
4093750,3310,0,1,0
4094000,3308,1,1,0
4094250,3309,1,1,0
4094500,3311,0,1,0
4094750,3312,0,1,0
4095000,3311,0,1,1
4095250,3312,0,1,1
4095500,3307,0,1,1
4095750,3309,0,1,1
4096000,3305,0,1,1
4096250,3304,0,1,1
4096500,3309,0,1,1
4096750,3306,0,1,1
4097000,3307,0,1,1
4097250,3305,0,1,1
4097500,3305,0,1,1
4097750,3306,0,1,1
4098000,3305,0,1,1
4098250,3305,0,1,1
4098500,3303,0,1,1
4098750,3302,0,1,1
4099000,3302,0,1,1
4099250,3301,0,1,1
4099500,3303,0,1,0
4099750,3302,0,1,0
4100000,3300,1,1,0
4100250,3302,1,1,0
4100500,3299,0,1,0
4100750,3302,0,1,0
4101000,3302,0,1,0
4101250,3300,0,1,0
4101500,3303,0,1,0
4101750,3302,0,1,0
4102000,3303,0,1,0
4102250,3306,0,1,0
4102500,3307,0,1,0
4102750,3304,0,1,0
4103000,3305,0,1,0
4103250,3307,0,1,0
4103500,3302,0,1,0
4103750,3306,0,1,0
4104000,3307,0,1,0
4104250,3304,0,1,0
4104500,3303,0,1,0
4104750,3303,0,1,0
4105000,3305,0,1,0
4105250,3299,0,1,0
4105500,3300,0,1,0
4105750,3298,0,1,0
4106000,3297,1,1,0
4106250,3295,1,1,0
4106500,3300,0,1,0
4106750,3294,0,1,0
4107000,3298,0,1,0
4107250,3296,0,1,0
4107500,3292,0,1,0
4107750,3293,0,1,0
4108000,3293,0,1,0
4108250,3292,0,1,0
4108500,3287,0,1,0
4108750,3290,0,1,0
4109000,3287,0,1,0
4109250,3287,0,1,0
4109500,3286,0,1,0
4109750,3291,0,1,0
4110000,3290,0,1,1
4110250,3290,0,1,1
4110500,3285,0,1,1
4110750,3288,0,1,1
4111000,3286,0,1,1
4111250,3292,0,1,1
4111500,3293,0,1,1
4111750,3291,0,1,1
4112000,3293,1,1,1
4112250,3292,1,1,1
4112500,3292,0,1,1
4112750,3297,0,1,1
4113000,3296,0,1,1
4113250,3293,0,1,1
4113500,3297,0,1,1
4113750,3300,0,1,1
4114000,3300,0,1,1
4114250,3267,0,1,1
4114500,3264,0,1,1
4114750,3268,0,1,1
4115000,3275,0,1,1
4115250,3303,0,1,1
4115500,3299,0,1,1
4115750,3303,0,1,1
4116000,3300,0,1,1
4116250,3302,0,1,1
4116500,3301,0,1,1
4116750,3299,0,1,1
4117000,3302,0,1,1
4117250,3303,0,1,1
4117500,3303,0,1,1
4117750,3301,0,1,1
4118000,3297,1,1,1
4118250,3301,1,1,1
4118500,3301,0,1,1
4118750,3296,0,1,1
4119000,3300,0,1,1
4119250,3301,0,1,1
4119500,3298,0,1,1
4119750,3296,0,1,1
4120000,3299,0,1,1
4120250,3326,0,1,1
4120500,3330,0,1,0
4120750,3326,0,1,0
4121000,3325,0,1,0
4121250,3303,0,1,0
4121500,3300,0,1,0
4121750,3297,0,1,0
4122000,3299,0,1,0
4122250,3304,0,1,0
4122500,3300,0,1,0
4122750,3301,0,1,0
4123000,3308,0,1,0
4123250,3309,0,1,0
4123500,3307,0,1,0
4123750,3305,0,1,0
4124000,3308,1,1,0
4124250,3308,1,1,0
4124500,3307,0,1,0
4124750,3312,0,1,0
4125000,3312,0,1,1
4125250,3312,0,1,1
4125500,3310,0,1,1
4125750,3310,0,1,1
4126000,3312,0,1,1
4126250,3314,0,1,1
4126500,3310,0,1,1
4126750,3315,0,1,1
4127000,3311,0,1,1
4127250,3314,0,1,1
4127500,3309,0,1,1
4127750,3309,0,1,1
4128000,3306,0,1,1
4128250,3311,0,1,1
4128500,3308,0,1,1
4128750,3305,0,1,1
4129000,3303,0,1,1
4129250,3303,0,1,1
4129500,3306,0,1,0
4129750,3303,0,1,0
4130000,3301,1,1,0
4130250,3298,1,1,0
4130500,3303,0,1,0
4130750,3297,0,1,0
4131000,3299,0,1,0
4131250,3302,0,1,0
4131500,3299,0,1,0
4131750,3300,0,1,0
4132000,3300,0,1,0
4132250,3299,0,1,0
4132500,3296,0,1,0
4132750,3296,0,1,0
4133000,3295,0,1,0
4133250,3295,0,1,0
4133500,3301,0,1,0
4133750,3302,0,1,0
4134000,3296,0,1,0
4134250,3296,0,1,0
4134500,3297,0,1,0
4134750,3302,0,1,0
4135000,3300,0,1,0
4135250,3300,0,1,0
4135500,3297,0,1,0
4135750,3302,0,1,0
4136000,3297,1,1,0
4136250,3301,1,1,0
4136500,3303,0,1,0
4136750,3302,0,1,0
4137000,3298,0,1,0
4137250,3303,0,1,0
4137500,3302,0,1,0
4137750,3297,0,1,0
4138000,3297,0,1,0
4138250,3295,0,1,0
4138500,3297,0,1,0
4138750,3294,0,1,0
4139000,3296,0,1,0
4139250,3298,0,1,0
4139500,3296,0,1,0
4139750,3293,0,1,0
4140000,3295,0,1,1
4140250,3292,0,1,1
4140500,3293,0,1,1
4140750,3293,0,1,1
4141000,3290,0,1,1
4141250,3290,0,1,1
4141500,3291,0,1,1
4141750,3288,0,1,1
4142000,3286,1,1,1
4142250,3287,1,1,1
4142500,3288,0,1,1
4142750,3289,0,1,1
4143000,3285,0,1,1
4143250,3288,0,1,1
4143500,3287,0,1,1
4143750,3291,0,1,1
4144000,3290,0,1,1
4144250,3323,0,1,1
4144500,3323,0,1,0
4144750,3325,0,1,0
4145000,3315,0,1,0
4145250,3296,0,1,0
4145500,3294,0,1,0
4145750,3296,0,1,0
4146000,3298,0,1,0
4146250,3302,0,1,0
4146500,3299,0,1,0
4146750,3303,0,1,0
4147000,3299,0,1,0
4147250,3303,0,1,0
4147500,3300,0,1,0
4147750,3303,0,1,0
4148000,3302,1,1,0
4148250,3307,1,1,0
4148500,3305,0,1,0
4148750,3302,0,1,0
4149000,3305,0,1,0
4149250,3303,0,1,0
4149500,3306,0,1,0
4149750,3308,0,1,0
4150000,3305,0,1,0
4150250,3307,0,1,0
4150500,3303,0,1,0
4150750,3303,0,1,0
4151000,3306,0,1,0
4151250,3305,0,1,0
4151500,3305,0,1,0
4151750,3301,0,1,0
4152000,3301,0,1,0
4152250,3300,0,1,0
4152500,3300,0,1,0
4152750,3301,0,1,0
4153000,3300,0,1,0
4153250,3302,0,1,0
4153500,3302,0,1,0
4153750,3299,0,1,0
4154000,3300,1,1,0
4154250,3299,1,1,0
4154500,3305,0,1,0
4154750,3302,0,1,0
4155000,3302,0,1,1
4155250,3306,0,1,1
4155500,3302,0,1,1
4155750,3308,0,1,1
4156000,3306,0,1,1
4156250,3279,0,1,1
4156500,3275,0,1,1
4156750,3283,0,1,1
4157000,3288,0,1,1
4157250,3310,0,1,1
4157500,3309,0,1,1
4157750,3313,0,1,1
4158000,3308,0,1,1
4158250,3314,0,1,1
4158500,3314,0,1,1
4158750,3313,0,1,1
4159000,3311,0,1,1
4159250,3309,0,1,1
4159500,3307,0,1,0
4159750,3308,0,1,0
4160000,3308,1,1,0
4160250,3310,1,1,0
4160500,3309,0,1,0
4160750,3305,0,1,0
4161000,3306,0,1,0
4161250,3304,0,1,0
4161500,3303,0,1,0
4161750,3305,0,1,0
4162000,3304,0,1,0
4162250,3303,0,1,0
4162500,3297,0,1,0
4162750,3300,0,1,0
4163000,3297,0,1,0
4163250,3297,0,1,0
4163500,3295,0,1,0
4163750,3294,0,1,0
4164000,3293,0,1,0
4164250,3295,0,1,0
4164500,3294,0,1,0
4164750,3291,0,1,0
4165000,3292,0,1,0
4165250,3295,0,1,0
4165500,3293,0,1,0
4165750,3295,0,1,0
4166000,3292,1,1,0
4166250,3290,1,1,0
4166500,3291,0,1,0
4166750,3297,0,1,0
4167000,3295,0,1,0
4167250,3293,0,1,0
4167500,3296,0,1,0
4167750,3295,0,1,0
4168000,3294,0,1,0
4168250,3324,0,1,0
4168500,3328,0,1,0
4168750,3326,0,1,0
4169000,3321,0,1,0
4169250,3299,0,1,0
4169500,3299,0,1,0
4169750,3300,0,1,0
4170000,3300,0,1,1
4170250,3295,0,1,1
4170500,3297,0,1,1
4170750,3299,0,1,1
4171000,3300,0,1,1
4171250,3298,0,1,1
4171500,3299,0,1,1
4171750,3299,0,1,1
4172000,3294,1,1,1
4172250,3293,1,1,1
4172500,3291,0,1,1
4172750,3293,0,1,1
4173000,3290,0,1,1
4173250,3295,0,1,1
4173500,3294,0,1,1
4173750,3292,0,1,1
4174000,3291,0,1,1
4174250,3289,0,1,1
4174500,3290,0,1,0
4174750,3291,0,1,0
4175000,3288,0,1,0
4175250,3288,0,1,0
4175500,3291,0,1,0
4175750,3292,0,1,0
4176000,3295,0,1,0
4176250,3292,0,1,0
4176500,3296,0,1,0
4176750,3295,0,1,0
4177000,3294,0,1,0
4177250,3299,0,1,0
4177500,3296,0,1,0
4177750,3297,0,1,0
4178000,3301,1,1,0
4178250,3297,1,1,0
4178500,3299,0,1,0
4178750,3299,0,1,0
4179000,3302,0,1,0
4179250,3302,0,1,0
4179500,3302,0,1,0
4179750,3308,0,1,0
4180000,3308,0,1,0
4180250,3308,0,1,0
4180500,3309,0,1,0
4180750,3306,0,1,0
4181000,3311,0,1,0
4181250,3312,0,1,0
4181500,3311,0,1,0
4181750,3311,0,1,0
4182000,3312,0,1,0
4182250,3310,0,1,0
4182500,3306,0,1,0
4182750,3312,0,1,0
4183000,3307,0,1,0
4183250,3307,0,1,0
4183500,3305,0,1,0
4183750,3308,0,1,0
4184000,3303,1,1,0
4184250,3306,1,1,0
4184500,3308,0,1,0
4184750,3303,0,1,0
4185000,3304,0,1,1
4185250,3305,0,1,1
4185500,3300,0,1,1
4185750,3306,0,1,1
4186000,3306,0,1,1
4186250,3276,0,1,1
4186500,3271,0,1,1
4186750,3273,0,1,1
4187000,3276,0,1,1
4187250,3302,0,1,1
4187500,3303,0,1,1
4187750,3302,0,1,1
4188000,3302,0,1,1
4188250,3307,0,1,1
4188500,3304,0,1,1
4188750,3304,0,1,1
4189000,3306,0,1,1
4189250,3302,0,1,1
4189500,3308,0,1,0
4189750,3304,0,1,0
4190000,3306,1,1,0
4190250,3310,1,1,0
4190500,3309,0,1,0
4190750,3306,0,1,0
4191000,3310,0,1,0
4191250,3304,0,1,0
4191500,3310,0,1,0
4191750,3310,0,1,0
4192000,3306,0,1,0
4192250,3304,0,1,0
4192500,3304,0,1,0
4192750,3302,0,1,0
4193000,3306,0,1,0
4193250,3302,0,1,0
4193500,3304,0,1,0
4193750,3301,0,1,0
4194000,3301,0,1,0
4194250,3301,0,1,0
4194500,3302,0,1,0
4194750,3300,0,1,0
4195000,3296,0,1,0
4195250,3294,0,1,0
4195500,3292,0,1,0
4195750,3294,0,1,0
4196000,3295,1,1,0
4196250,3293,1,1,0
4196500,3292,0,1,0
4196750,3293,0,1,0
4197000,3292,0,1,0
4197250,3288,0,1,0
4197500,3287,0,1,0
4197750,3286,0,1,0
4198000,3286,0,1,0
4198250,3289,0,1,0
4198500,3290,0,1,0
4198750,3286,0,1,0
4199000,3288,0,1,0
4199250,3292,0,1,0
4199500,3289,0,1,0
4199750,3290,0,1,0
4200000,3295,0,1,1
4200250,3295,0,1,1
4200500,3294,0,1,1
4200750,3297,0,1,1
4201000,3293,0,1,1
4201250,3298,0,1,1
4201500,3293,0,1,1
4201750,3293,0,1,1
4202000,3296,1,1,1
4202250,3295,1,1,1
4202500,3296,0,1,1
4202750,3298,0,1,1
4203000,3297,0,1,1
4203250,3298,0,1,1
4203500,3298,0,1,1
4203750,3298,0,1,1
4204000,3302,0,1,1
4204250,3296,0,1,1
4204500,3297,0,1,0
4204750,3295,0,1,0
4205000,3296,0,1,0
4205250,3297,0,1,0
4205500,3294,0,1,0
4205750,3298,0,1,0
4206000,3296,0,1,0
4206250,3298,0,1,0
4206500,3296,0,1,0
4206750,3293,0,1,0
4207000,3298,0,1,0
4207250,3294,0,1,0
4207500,3297,0,1,0
4207750,3297,0,1,0
4208000,3295,1,1,0
4208250,3296,1,1,0
4208500,3299,0,1,0
4208750,3297,0,1,0
4209000,3300,0,1,0
4209250,3295,0,1,0
4209500,3300,0,1,0
4209750,3301,0,1,0
4210000,3299,0,1,0
4210250,3272,0,1,0
4210500,3266,0,1,0
4210750,3271,0,1,0
4211000,3276,0,1,0
4211250,3302,0,1,0
4211500,3302,0,1,0
4211750,3308,0,1,0
4212000,3306,0,1,0
4212250,3307,0,1,0
4212500,3306,0,1,0
4212750,3312,0,1,0
4213000,3307,0,1,0
4213250,3311,0,1,0
4213500,3310,0,1,0
4213750,3310,0,1,0
4214000,3312,1,1,0
4214250,3310,1,1,0
4214500,3313,0,1,0
4214750,3313,0,1,0
4215000,3309,0,1,1
4215250,3309,0,1,1
4215500,3310,0,1,1
4215750,3312,0,1,1
4216000,3307,0,1,1
4216250,3309,0,1,1
4216500,3305,0,1,1
4216750,3310,0,1,1
4217000,3307,0,1,1
4217250,3304,0,1,1
4217500,3306,0,1,1
4217750,3302,0,1,1
4218000,3304,0,1,1
4218250,3305,0,1,1
4218500,3305,0,1,1
4218750,3298,0,1,1
4219000,3304,0,1,1
4219250,3299,0,1,1
4219500,3297,0,1,1
4219750,3302,0,1,1
4220000,3300,1,1,1
4220250,3298,1,1,1
4220500,3300,0,1,1
4220750,3297,0,1,1
4221000,3297,0,1,1
4221250,3301,0,1,1
4221500,3297,0,1,1
4221750,3302,0,1,1
4222000,3297,0,1,1
4222250,3301,0,1,1
4222500,3303,0,1,1
4222750,3304,0,1,1
4223000,3302,0,1,1
4223250,3301,0,1,1
4223500,3301,0,1,1
4223750,3302,0,1,1
4224000,3300,0,1,1
4224250,3300,0,1,1
4224500,3301,0,1,1
4224750,3301,0,1,1
4225000,3304,0,1,1
4225250,3300,0,1,1
4225500,3303,0,1,0
4225750,3298,0,1,0
4226000,3298,1,1,0
4226250,3297,1,1,0
4226500,3298,0,1,0
4226750,3297,0,1,0
4227000,3295,0,1,0
4227250,3293,0,1,0
4227500,3292,0,1,0
4227750,3297,0,1,0
4228000,3293,0,1,0
4228250,3295,0,1,0
4228500,3289,0,1,0
4228750,3293,0,1,0
4229000,3287,0,1,0
4229250,3288,0,1,0
4229500,3290,0,1,0
4229750,3287,0,1,0
4230000,3291,0,1,1
4230250,3286,0,1,1
4230500,3286,0,1,1
4230750,3286,0,1,1
4231000,3286,0,1,1
4231250,3285,0,1,1
4231500,3286,0,1,1
4231750,3290,0,1,1
4232000,3287,1,1,1
4232250,3291,1,1,1
4232500,3292,0,1,1
4232750,3291,0,1,1
4233000,3295,0,1,1
4233250,3293,0,1,1
4233500,3296,0,1,1
4233750,3293,0,1,1
4234000,3298,0,1,1
4234250,3294,0,1,1
4234500,3299,0,1,0
4234750,3301,0,1,0
4235000,3301,0,1,0
4235250,3300,0,1,0
4235500,3297,0,1,0
4235750,3303,0,1,0
4236000,3304,0,1,0
4236250,3299,0,1,0
4236500,3299,0,1,0
4236750,3305,0,1,0
4237000,3305,0,1,0
4237250,3303,0,1,0
4237500,3303,0,1,0
4237750,3300,0,1,0
4238000,3299,1,1,0
4238250,3300,1,1,0
4238500,3303,0,1,0
4238750,3301,0,1,0
4239000,3299,0,1,0
4239250,3301,0,1,0
4239500,3298,0,1,0
4239750,3302,0,1,0
4240000,3303,0,1,0
4240250,3298,0,1,0
4240500,3297,0,1,0
4240750,3299,0,1,0
4241000,3299,0,1,0
4241250,3297,0,1,0
4241500,3302,0,1,0
4241750,3298,0,1,0
4242000,3298,0,1,0
4242250,3302,0,1,0
4242500,3304,0,1,0
4242750,3301,0,1,0
4243000,3306,0,1,0
4243250,3302,0,1,0
4243500,3305,0,1,0
4243750,3308,0,1,0
4244000,3308,1,1,0
4244250,3310,1,1,0
4244500,3306,0,1,0
4244750,3312,0,1,0
4245000,3312,0,1,1
4245250,3308,0,1,1
4245500,3310,0,1,1
4245750,3310,0,1,1
4246000,3310,0,1,1
4246250,3284,0,1,1
4246500,3275,0,1,1
4246750,3281,0,1,1
4247000,3285,0,1,1
4247250,3313,0,1,1
4247500,3311,0,1,1
4247750,3308,0,1,1
4248000,3310,0,1,1
4248250,3309,0,1,1
4248500,3306,0,1,1
4248750,3311,0,1,1
4249000,3305,0,1,1
4249250,3305,0,1,1
4249500,3306,0,1,1
4249750,3304,0,1,1
4250000,3305,1,1,1
4250250,3299,1,1,1
4250500,3298,0,1,1
4250750,3301,0,1,1
4251000,3297,0,1,1
4251250,3301,0,1,1
4251500,3297,0,1,1
4251750,3298,0,1,1
4252000,3300,0,1,1
4252250,3299,0,1,1
4252500,3297,0,1,1
4252750,3295,0,1,1
4253000,3294,0,1,1
4253250,3296,0,1,1
4253500,3294,0,1,1
4253750,3292,0,1,1
4254000,3298,0,1,1
4254250,3299,0,1,1
4254500,3296,0,1,1
4254750,3297,0,1,1
4255000,3298,0,1,1
4255250,3296,0,1,1
4255500,3298,0,1,0
4255750,3294,0,1,0
4256000,3300,1,1,0
4256250,3300,1,1,0
4256500,3296,0,1,0
4256750,3300,0,1,0
4257000,3297,0,1,0
4257250,3297,0,1,0
4257500,3296,0,1,0
4257750,3302,0,1,0
4258000,3300,0,1,0
4258250,3299,0,1,0
4258500,3301,0,1,0
4258750,3299,0,1,0
4259000,3295,0,1,0
4259250,3296,0,1,0
4259500,3293,0,1,0
4259750,3293,0,1,0
4260000,3296,0,1,1
4260250,3291,0,1,1
4260500,3295,0,1,1
4260750,3296,0,1,1
4261000,3292,0,1,1
4261250,3291,0,1,1
4261500,3293,0,1,1
4261750,3288,0,1,1
4262000,3289,1,1,1
4262250,3289,1,1,1
4262500,3288,0,1,1
4262750,3289,0,1,1
4263000,3292,0,1,1
4263250,3289,0,1,1
4263500,3287,0,1,1
4263750,3291,0,1,1
4264000,3292,0,1,1
4264250,3291,0,1,1
4264500,3292,0,1,0
4264750,3293,0,1,0
4265000,3291,0,1,0
4265250,3291,0,1,0
4265500,3298,0,1,0
4265750,3299,0,1,0
4266000,3294,0,1,0
4266250,3295,0,1,0
4266500,3296,0,1,0
4266750,3298,0,1,0
4267000,3300,0,1,0
4267250,3300,0,1,0
4267500,3304,0,1,0
4267750,3301,0,1,0
4268000,3303,1,1,0
4268250,3302,1,1,0
4268500,3306,0,1,0
4268750,3309,0,1,0
4269000,3304,0,1,0
4269250,3309,0,1,0
4269500,3307,0,1,0
4269750,3309,0,1,0
4270000,3305,0,1,0
4270250,3307,0,1,0
4270500,3308,0,1,0
4270750,3307,0,1,0
4271000,3304,0,1,0
4271250,3303,0,1,0
4271500,3308,0,1,0
4271750,3307,0,1,0
4272000,3306,0,1,0
4272250,3304,0,1,0
4272500,3301,0,1,0
4272750,3302,0,1,0
4273000,3300,0,1,0
4273250,3301,0,1,0
4273500,3303,0,1,0
4273750,3301,0,1,0
4274000,3300,1,1,0
4274250,3303,1,1,0
4274500,3301,0,1,0
4274750,3304,0,1,0
4275000,3304,0,1,1
4275250,3304,0,1,1
4275500,3305,0,1,1
4275750,3301,0,1,1
4276000,3301,0,1,1
4276250,3306,0,1,1
4276500,3302,0,1,1
4276750,3306,0,1,1
4277000,3307,0,1,1
4277250,3307,0,1,1
4277500,3308,0,1,1
4277750,3307,0,1,1
4278000,3311,0,1,1
4278250,3306,0,1,1
4278500,3306,0,1,1
4278750,3306,0,1,1
4279000,3312,0,1,1
4279250,3308,0,1,1
4279500,3308,0,1,1
4279750,3306,0,1,1
4280000,3307,1,1,1
4280250,3310,1,1,1
4280500,3308,0,1,1
4280750,3309,0,1,1
4281000,3305,0,1,1
4281250,3303,0,1,1
4281500,3308,0,1,1
4281750,3305,0,1,1
4282000,3303,0,1,1
4282250,3305,0,1,1
4282500,3298,0,1,1
4282750,3298,0,1,1
4283000,3297,0,1,1
4283250,3301,0,1,1
4283500,3296,0,1,1
4283750,3296,0,1,1
4284000,3296,0,1,1
4284250,3296,0,1,1
4284500,3294,0,1,1
4284750,3290,0,1,1
4285000,3295,0,1,1
4285250,3295,0,1,1
4285500,3292,0,1,0
4285750,3294,0,1,0
4286000,3290,1,1,0
4286250,3289,1,1,0
4286500,3288,0,1,0
4286750,3289,0,1,0
4287000,3292,0,1,0
4287250,3294,0,1,0
4287500,3292,0,1,0
4287750,3292,0,1,0
4288000,3295,0,1,0
4288250,3293,0,1,0
4288500,3296,0,1,0
4288750,3292,0,1,0
4289000,3293,0,1,0
4289250,3292,0,1,0
4289500,3295,0,1,0
4289750,3295,0,1,0
4290000,3294,0,1,1
4290250,3297,0,1,1
4290500,3296,0,1,1
4290750,3299,0,1,1
4291000,3296,0,1,1
4291250,3301,0,1,1
4291500,3297,0,1,1
4291750,3298,0,1,1
4292000,3296,1,1,1
4292250,3295,1,1,1
4292500,3298,0,1,1
4292750,3298,0,1,1
4293000,3295,0,1,1
4293250,3297,0,1,1
4293500,3293,0,1,1
4293750,3296,0,1,1
4294000,3292,0,1,1
4294250,3292,0,1,1
4294500,3292,0,1,0
4294750,3292,0,1,0
4295000,3294,0,1,0
4295250,3296,0,1,0
4295500,3295,0,1,0
4295750,3290,0,1,0
4296000,3291,0,1,0
4296250,3295,0,1,0
4296500,3292,0,1,0
4296750,3291,0,1,0
4297000,3292,0,1,0
4297250,3294,0,1,0
4297500,3294,0,1,0
4297750,3294,0,1,0
4298000,3297,1,1,0
4298250,3301,1,1,0
4298500,3297,0,1,0
4298750,3301,0,1,0
4299000,3301,0,1,0
4299250,3300,0,1,0
4299500,3300,0,1,0
4299750,3307,0,1,0
4300000,3331,0,1,0
4300250,3327,0,1,0
4300500,3334,0,1,0
4300750,3310,0,1,0
4301000,3306,0,1,0
4301250,3308,0,1,0
4301500,3308,0,1,0
4301750,3312,0,1,0
4302000,3310,0,1,0
4302250,3311,0,1,0
4302500,3314,0,1,0
4302750,3312,0,1,0
4303000,3313,0,1,0
4303250,3310,0,1,0
4303500,3309,0,1,0
4303750,3308,0,1,0
4304000,3306,1,1,0
4304250,3308,1,1,0
4304500,3309,0,1,0
4304750,3308,0,1,0
4305000,3304,0,1,1
4305250,3307,0,1,1
4305500,3308,0,1,1
4305750,3308,0,1,1
4306000,3301,0,1,1
4306250,3307,0,1,1
4306500,3304,0,1,1
4306750,3300,0,1,1
4307000,3299,0,1,1
4307250,3299,0,1,1
4307500,3301,0,1,1
4307750,3304,0,1,1
4308000,3298,0,1,1
4308250,3302,0,1,1
4308500,3300,0,1,1
4308750,3299,0,1,1
4309000,3300,0,1,1
4309250,3303,0,1,1
4309500,3305,0,1,0
4309750,3306,0,1,0
4310000,3302,1,1,0
4310250,3304,1,1,0
4310500,3303,0,1,0
4310750,3306,0,1,0
4311000,3306,0,1,0
4311250,3301,0,1,0
4311500,3304,0,1,0
4311750,3308,0,1,0
4312000,3302,0,1,0
4312250,3334,0,1,0
4312500,3338,0,1,0
4312750,3335,0,1,0
4313000,3331,0,1,0
4313250,3305,0,1,0
4313500,3306,0,1,0
4313750,3305,0,1,0
4314000,3301,0,1,0
4314250,3303,0,1,0
4314500,3299,0,1,0
4314750,3299,0,1,0
4315000,3299,0,1,0
4315250,3297,0,1,0
4315500,3297,0,1,0
4315750,3293,0,1,0
4316000,3296,1,1,0
4316250,3297,1,1,0
4316500,3296,0,1,0
4316750,3295,0,1,0
4317000,3290,0,1,0
4317250,3290,0,1,0
4317500,3290,0,1,0
4317750,3286,0,1,0
4318000,3286,0,1,0
4318250,3257,0,1,0
4318500,3253,0,1,0
4318750,3239,0,1,0
4319000,3244,0,1,0
4319250,3263,0,1,0
4319500,3291,0,1,0
4319750,3292,0,1,0
4320000,3291,0,1,1
4320250,3292,0,1,1
4320500,3289,0,1,1
4320750,3293,0,1,1
4321000,3294,0,1,1
4321250,3293,0,1,1
4321500,3297,0,1,1
4321750,3292,0,1,1
4322000,3298,1,1,1
4322250,3299,1,1,1
4322500,3300,0,1,1
4322750,3298,0,1,1
4323000,3298,0,1,1
4323250,3300,0,1,1
4323500,3302,0,1,1
4323750,3299,0,1,1
4324000,3301,0,1,1
4324250,3297,0,1,1
4324500,3298,0,1,0
4324750,3301,0,1,0
4325000,3300,0,1,0
4325250,3300,0,1,0
4325500,3297,0,1,0
4325750,3302,0,1,0
4326000,3301,0,1,0
4326250,3300,0,1,0
4326500,3296,0,1,0
4326750,3302,0,1,0
4327000,3300,0,1,0
4327250,3297,0,1,0
4327500,3296,0,1,0
4327750,3301,0,1,0
4328000,3299,1,1,0
4328250,3295,1,1,0
4328500,3298,0,1,0
4328750,3297,0,1,0
4329000,3300,0,1,0
4329250,3296,0,1,0
4329500,3296,0,1,0
4329750,3298,0,1,0
4330000,3297,0,1,0
4330250,3273,0,1,0
4330500,3268,0,1,0
4330750,3272,0,1,0
4331000,3281,0,1,0
4331250,3302,0,1,0
4331500,3304,0,1,0
4331750,3305,0,1,0
4332000,3308,0,1,0
4332250,3308,0,1,0
4332500,3309,0,1,0
4332750,3309,0,1,0
4333000,3309,0,1,0
4333250,3313,0,1,0
4333500,3311,0,1,0
4333750,3308,0,1,0
4334000,3311,1,1,0
4334250,3310,1,1,0
4334500,3312,0,1,0
4334750,3314,0,1,0
4335000,3313,0,1,1
4335250,3313,0,1,1
4335500,3312,0,1,1
4335750,3313,0,1,1
4336000,3310,0,1,1
4336250,3308,0,1,1
4336500,3312,0,1,1
4336750,3311,0,1,1
4337000,3309,0,1,1
4337250,3305,0,1,1
4337500,3309,0,1,1
4337750,3306,0,1,1
4338000,3302,0,1,1
4338250,3304,0,1,1
4338500,3306,0,1,1
4338750,3305,0,1,1
4339000,3301,0,1,1
4339250,3304,0,1,1
4339500,3302,0,1,1
4339750,3298,0,1,1
4340000,3300,1,1,1
4340250,3297,1,1,1
4340500,3298,0,1,1
4340750,3300,0,1,1
4341000,3301,0,1,1
4341250,3300,0,1,1
4341500,3295,0,1,1
4341750,3299,0,1,1
4342000,3301,0,1,1
4342250,3271,0,1,1
4342500,3264,0,1,1
4342750,3272,0,1,1
4343000,3278,0,1,1
4343250,3302,0,1,1
4343500,3298,0,1,1
4343750,3302,0,1,1
4344000,3303,0,1,1
4344250,3297,0,1,1
4344500,3303,0,1,1
4344750,3302,0,1,1
4345000,3299,0,1,1
4345250,3299,0,1,1
4345500,3298,0,1,0
4345750,3299,0,1,0
4346000,3298,1,1,0
4346250,3298,1,1,0
4346500,3297,0,1,0
4346750,3299,0,1,0
4347000,3301,0,1,0
4347250,3301,0,1,0
4347500,3299,0,1,0
4347750,3297,0,1,0
4348000,3297,0,1,0
4348250,3324,0,1,0
4348500,3326,0,1,0
4348750,3324,0,1,0
4349000,3313,0,1,0
4349250,3291,0,1,0
4349500,3287,0,1,0
4349750,3287,0,1,0
4350000,3288,0,1,1
4350250,3288,0,1,1
4350500,3287,0,1,1
4350750,3287,0,1,1
4351000,3287,0,1,1
4351250,3289,0,1,1
4351500,3287,0,1,1
4351750,3286,0,1,1
4352000,3289,1,1,1
4352250,3291,1,1,1
4352500,3289,0,1,1
4352750,3292,0,1,1
4353000,3292,0,1,1
4353250,3289,0,1,1
4353500,3290,0,1,1
4353750,3294,0,1,1
4354000,3295,0,1,1
4354250,3297,0,1,1
4354500,3300,0,1,0
4354750,3298,0,1,0
4355000,3301,0,1,0
4355250,3297,0,1,0
4355500,3299,0,1,0
4355750,3304,0,1,0
4356000,3298,0,1,0
4356250,3303,0,1,0
4356500,3303,0,1,0
4356750,3302,0,1,0
4357000,3306,0,1,0
4357250,3302,0,1,0
4357500,3307,0,1,0
4357750,3308,0,1,0
4358000,3308,1,1,0
4358250,3308,1,1,0
4358500,3302,0,1,0
4358750,3302,0,1,0
4359000,3301,0,1,0
4359250,3306,0,1,0
4359500,3306,0,1,0
4359750,3302,0,1,0
4360000,3301,0,1,0
4360250,3303,0,1,0
4360500,3299,0,1,0
4360750,3299,0,1,0
4361000,3299,0,1,0
4361250,3302,0,1,0
4361500,3300,0,1,0
4361750,3300,0,1,0
4362000,3304,0,1,0
4362250,3304,0,1,0
4362500,3301,0,1,0
4362750,3301,0,1,0
4363000,3299,0,1,0
4363250,3303,0,1,0
4363500,3303,0,1,0
4363750,3306,0,1,0
4364000,3305,1,1,0
4364250,3303,1,1,0
4364500,3304,0,1,0
4364750,3309,0,1,0
4365000,3310,0,1,1
4365250,3306,0,1,1
4365500,3309,0,1,1
4365750,3312,0,1,1
4366000,3306,0,1,1
4366250,3308,0,1,1
4366500,3311,0,1,1
4366750,3308,0,1,1
4367000,3314,0,1,1
4367250,3309,0,1,1
4367500,3309,0,1,1
4367750,3311,0,1,1
4368000,3313,0,1,1
4368250,3312,0,1,1
4368500,3311,0,1,1
4368750,3312,0,1,1
4369000,3308,0,1,1
4369250,3306,0,1,1
4369500,3308,0,1,0
4369750,3309,0,1,0
4370000,3304,1,1,0
4370250,3301,1,1,0
4370500,3300,0,1,0
4370750,3303,0,1,0
4371000,3303,0,1,0
4371250,3302,0,1,0
4371500,3302,0,1,0
4371750,3300,0,1,0
4372000,3301,0,1,0
4372250,3324,0,1,0
4372500,3333,0,1,0
4372750,3323,0,1,0
4373000,3322,0,1,0
4373250,3295,0,1,0
4373500,3295,0,1,0
4373750,3293,0,1,0
4374000,3291,0,1,0
4374250,3292,0,1,0
4374500,3290,0,1,0
4374750,3294,0,1,0
4375000,3293,0,1,0
4375250,3296,0,1,0
4375500,3292,0,1,0
4375750,3292,0,1,0
4376000,3296,1,1,0
4376250,3297,1,1,0
4376500,3297,0,1,0
4376750,3298,0,1,0
4377000,3296,0,1,0
4377250,3295,0,1,0
4377500,3297,0,1,0
4377750,3300,0,1,0
4378000,3299,0,1,0
4378250,3299,0,1,0
4378500,3298,0,1,0
4378750,3300,0,1,0
4379000,3299,0,1,0
4379250,3299,0,1,0
4379500,3294,0,1,0
4379750,3300,0,1,0
4380000,3297,0,1,1
4380250,3298,0,1,1
4380500,3293,0,1,1
4380750,3292,0,1,1
4381000,3293,0,1,1
4381250,3294,0,1,1
4381500,3291,0,1,1
4381750,3294,0,1,1
4382000,3295,1,1,1
4382250,3293,1,1,1
4382500,3289,0,1,1
4382750,3290,0,1,1
4383000,3292,0,1,1
4383250,3289,0,1,1
4383500,3292,0,1,1
4383750,3291,0,1,1
4384000,3294,0,1,1
4384250,3291,0,1,1
4384500,3294,0,1,0
4384750,3291,0,1,0
4385000,3290,0,1,0
4385250,3291,0,1,0
4385500,3294,0,1,0
4385750,3291,0,1,0
4386000,3296,0,1,0
4386250,3295,0,1,0
4386500,3300,0,1,0
4386750,3295,0,1,0
4387000,3299,0,1,0
4387250,3302,0,1,0
4387500,3304,0,1,0
4387750,3302,0,1,0
4388000,3306,1,1,0
4388250,3306,1,1,0
4388500,3307,0,1,0
4388750,3303,0,1,0
4389000,3305,0,1,0
4389250,3304,0,1,0
4389500,3309,0,1,0
4389750,3308,0,1,0
4390000,3307,0,1,0
4390250,3281,0,1,0
4390500,3274,0,1,0
4390750,3278,0,1,0
4391000,3283,0,1,0
4391250,3310,0,1,0
4391500,3311,0,1,0
4391750,3307,0,1,0
4392000,3309,0,1,0
4392250,3310,0,1,0
4392500,3305,0,1,0
4392750,3308,0,1,0
4393000,3304,0,1,0
4393250,3307,0,1,0
4393500,3304,0,1,0
4393750,3305,0,1,0
4394000,3303,1,1,0
4394250,3304,1,1,0
4394500,3303,0,1,0
4394750,3304,0,1,0
4395000,3305,0,1,1
4395250,3302,0,1,1
4395500,3304,0,1,1
4395750,3302,0,1,1
4396000,3304,0,1,1
4396250,3273,0,1,1
4396500,3269,0,1,1
4396750,3276,0,1,1
4397000,3277,0,1,1
4397250,3305,0,1,1
4397500,3304,0,1,1
4397750,3305,0,1,1
4398000,3303,0,1,1
4398250,3308,0,1,1
4398500,3306,0,1,1
4398750,3309,0,1,1
4399000,3305,0,1,1
4399250,3307,0,1,1
4399500,3305,0,1,1
4399750,3307,0,1,1
4400000,3304,1,1,1
4400250,3307,1,1,1
4400500,3304,0,1,1
4400750,3304,0,1,1
4401000,3303,0,1,1
4401250,3304,0,1,1
4401500,3306,0,1,1
4401750,3308,0,1,1
4402000,3305,0,1,1
4402250,3304,0,1,1
4402500,3300,0,1,1
4402750,3303,0,1,1
4403000,3303,0,1,1
4403250,3297,0,1,1
4403500,3296,0,1,1
4403750,3296,0,1,1
4404000,3295,0,1,1
4404250,3297,0,1,1
4404500,3295,0,1,1
4404750,3294,0,1,1
4405000,3291,0,1,1
4405250,3295,0,1,1
4405500,3291,0,1,0
4405750,3288,0,1,0
4406000,3293,1,1,0
4406250,3289,1,1,0
4406500,3288,0,1,0
4406750,3292,0,1,0
4407000,3288,0,1,0
4407250,3291,0,1,0
4407500,3289,0,1,0
4407750,3289,0,1,0
4408000,3289,0,1,0
4408250,3317,0,1,0
4408500,3324,0,1,0
4408750,3321,0,1,0
4409000,3317,0,1,0
4409250,3295,0,1,0
4409500,3290,0,1,0
4409750,3294,0,1,0
4410000,3296,0,1,1
4410250,3293,0,1,1
4410500,3297,0,1,1
4410750,3300,0,1,1
4411000,3294,0,1,1
4411250,3295,0,1,1
4411500,3299,0,1,1
4411750,3296,0,1,1
4412000,3299,1,1,1
4412250,3300,1,1,1
4412500,3300,0,1,1
4412750,3301,0,1,1
4413000,3298,0,1,1
4413250,3299,0,1,1
4413500,3296,0,1,1
4413750,3296,0,1,1
4414000,3299,0,1,1
4414250,3300,0,1,1
4414500,3298,0,1,0
4414750,3296,0,1,0
4415000,3296,0,1,0
4415250,3296,0,1,0
4415500,3299,0,1,0
4415750,3294,0,1,0
4416000,3295,0,1,0
4416250,3295,0,1,0
4416500,3294,0,1,0
4416750,3292,0,1,0
4417000,3299,0,1,0
4417250,3293,0,1,0
4417500,3293,0,1,0
4417750,3295,0,1,0
4418000,3297,1,1,0
4418250,3301,1,1,0
4418500,3301,0,1,0
4418750,3297,0,1,0
4419000,3297,0,1,0
4419250,3302,0,1,0
4419500,3299,0,1,0
4419750,3301,0,1,0
4420000,3305,0,1,0
4420250,3335,0,1,0
4420500,3338,0,1,0
4420750,3336,0,1,0
4421000,3335,0,1,0
4421250,3311,0,1,0
4421500,3309,0,1,0
4421750,3307,0,1,0
4422000,3312,0,1,0
4422250,3310,0,1,0
4422500,3311,0,1,0
4422750,3310,0,1,0
4423000,3313,0,1,0
4423250,3311,0,1,0
4423500,3310,0,1,0
4423750,3315,0,1,0
4424000,3311,1,1,0
4424250,3312,1,1,0
4424500,3309,0,1,0
4424750,3307,0,1,0
4425000,3307,0,1,1
4425250,3309,0,1,1
4425500,3311,0,1,1
4425750,3308,0,1,1
4426000,3305,0,1,1
4426250,3308,0,1,1
4426500,3302,0,1,1
4426750,3303,0,1,1
4427000,3301,0,1,1
4427250,3301,0,1,1
4427500,3299,0,1,1
4427750,3301,0,1,1
4428000,3303,0,1,1
4428250,3297,0,1,1
4428500,3298,0,1,1
4428750,3298,0,1,1
4429000,3303,0,1,1
4429250,3297,0,1,1
4429500,3301,0,1,1
4429750,3303,0,1,1
4430000,3300,1,1,1
4430250,3297,1,1,1
4430500,3302,0,1,1
4430750,3300,0,1,1
4431000,3303,0,1,1
4431250,3303,0,1,1
4431500,3303,0,1,1
4431750,3299,0,1,1
4432000,3302,0,1,1
4432250,3305,0,1,1
4432500,3305,0,1,1
4432750,3303,0,1,1
4433000,3302,0,1,1
4433250,3303,0,1,1
4433500,3300,0,1,1
4433750,3303,0,1,1
4434000,3304,0,1,1
4434250,3301,0,1,1
4434500,3302,0,1,1
4434750,3303,0,1,1
4435000,3298,0,1,1
4435250,3296,0,1,1
4435500,3300,0,1,0
4435750,3294,0,1,0
4436000,3297,1,1,0
4436250,3297,1,1,0
4436500,3297,0,1,0
4436750,3297,0,1,0
4437000,3296,0,1,0
4437250,3295,0,1,0
4437500,3288,0,1,0
4437750,3288,0,1,0
4438000,3289,0,1,0
4438250,3288,0,1,0
4438500,3288,0,1,0
4438750,3286,0,1,0
4439000,3289,0,1,0
4439250,3288,0,1,0
4439500,3291,0,1,0
4439750,3286,0,1,0
4440000,3290,0,1,1
4440250,3289,0,1,1
4440500,3287,0,1,1
4440750,3292,0,1,1
4441000,3293,0,1,1
4441250,3288,0,1,1
4441500,3289,0,1,1
4441750,3295,0,1,1
4442000,3295,1,1,1
4442250,3296,1,1,1
4442500,3295,0,1,1
4442750,3298,0,1,1
4443000,3298,0,1,1
4443250,3295,0,1,1
4443500,3296,0,1,1
4443750,3296,0,1,1
4444000,3302,0,1,1
4444250,3269,0,1,1
4444500,3265,0,1,0
4444750,3272,0,1,0
4445000,3274,0,1,0
4445250,3303,0,1,0
4445500,3303,0,1,0
4445750,3301,0,1,0
4446000,3303,0,1,0
4446250,3303,0,1,0
4446500,3304,0,1,0
4446750,3302,0,1,0
4447000,3305,0,1,0
4447250,3299,0,1,0
4447500,3300,0,1,0
4447750,3301,0,1,0
4448000,3297,1,1,0
4448250,3300,1,1,0
4448500,3297,0,1,0
4448750,3301,0,1,0
4449000,3298,0,1,0
4449250,3303,0,1,0
4449500,3300,0,1,0
4449750,3299,0,1,0
4450000,3299,0,1,0
4450250,3299,0,1,0
4450500,3298,0,1,0
4450750,3299,0,1,0
4451000,3298,0,1,0
4451250,3301,0,1,0
4451500,3300,0,1,0
4451750,3304,0,1,0
4452000,3303,0,1,0
4452250,3307,0,1,0
4452500,3307,0,1,0
4452750,3306,0,1,0
4453000,3304,0,1,0
4453250,3304,0,1,0
4453500,3309,0,1,0
4453750,3310,0,1,0
4454000,3307,1,1,0
4454250,3307,1,1,0
4454500,3309,0,1,0
4454750,3313,0,1,0
4455000,3315,0,1,1
4455250,3309,0,1,1
4455500,3309,0,1,1
4455750,3310,0,1,1
4456000,3314,0,1,1
4456250,3311,0,1,1
4456500,3311,0,1,1
4456750,3312,0,1,1
4457000,3309,0,1,1
4457250,3312,0,1,1
4457500,3307,0,1,1
4457750,3308,0,1,1
4458000,3305,0,1,1
4458250,3304,0,1,1
4458500,3304,0,1,1
4458750,3306,0,1,1
4459000,3302,0,1,1
4459250,3299,0,1,1
4459500,3298,0,1,1
4459750,3300,0,1,1
4460000,3298,1,1,1
4460250,3300,1,1,1
4460500,3300,0,1,1
4460750,3298,0,1,1
4461000,3299,0,1,1
4461250,3295,0,1,1
4461500,3299,0,1,1
4461750,3299,0,1,1
4462000,3293,0,1,1
4462250,3264,0,1,1
4462500,3264,0,1,1
4462750,3268,0,1,1
4463000,3270,0,1,1
4463250,3293,0,1,1
4463500,3299,0,1,1
4463750,3298,0,1,1
4464000,3299,0,1,1
4464250,3299,0,1,1
4464500,3299,0,1,1
4464750,3294,0,1,1
4465000,3301,0,1,1
4465250,3300,0,1,1
4465500,3297,0,1,0
4465750,3297,0,1,0
4466000,3300,1,1,0
4466250,3297,1,1,0
4466500,3298,0,1,0
4466750,3299,0,1,0
4467000,3299,0,1,0
4467250,3295,0,1,0
4467500,3300,0,1,0
4467750,3300,0,1,0
4468000,3296,0,1,0
4468250,3328,0,1,0
4468500,3332,0,1,0
4468750,3324,0,1,0
4469000,3317,0,1,0
4469250,3296,0,1,0
4469500,3296,0,1,0
4469750,3294,0,1,0
4470000,3295,0,1,1
4470250,3288,0,1,1
4470500,3292,0,1,1
4470750,3287,0,1,1
4471000,3292,0,1,1
4471250,3289,0,1,1
4471500,3287,0,1,1
4471750,3288,0,1,1
4472000,3290,1,1,1
4472250,3286,1,1,1
4472500,3290,0,1,1
4472750,3292,0,1,1
4473000,3289,0,1,1
4473250,3289,0,1,1
4473500,3292,0,1,1
4473750,3294,0,1,1
4474000,3292,0,1,1
4474250,3294,0,1,1
4474500,3292,0,1,0
4474750,3299,0,1,0
4475000,3300,0,1,0
4475250,3295,0,1,0
4475500,3297,0,1,0
4475750,3301,0,1,0
4476000,3301,0,1,0
4476250,3303,0,1,0
4476500,3304,0,1,0
4476750,3302,0,1,0
4477000,3304,0,1,0
4477250,3306,0,1,0
4477500,3309,0,1,0
4477750,3308,0,1,0
4478000,3308,1,1,0
4478250,3307,1,1,0
4478500,3304,0,1,0
4478750,3307,0,1,0
4479000,3310,0,1,0
4479250,3306,0,1,0
4479500,3309,0,1,0
4479750,3309,0,1,0
4480000,3307,0,1,0
4480250,3307,0,1,0
4480500,3306,0,1,0
4480750,3303,0,1,0
4481000,3302,0,1,0
4481250,3302,0,1,0
4481500,3302,0,1,0
4481750,3304,0,1,0
4482000,3300,0,1,0
4482250,3306,0,1,0
4482500,3303,0,1,0
4482750,3306,0,1,0
4483000,3299,0,1,0
4483250,3299,0,1,0
4483500,3301,0,1,0
4483750,3303,0,1,0
4484000,3302,1,1,0
4484250,3302,1,1,0
4484500,3304,0,1,0
4484750,3307,0,1,0
4485000,3307,0,1,1
4485250,3304,0,1,1
4485500,3302,0,1,1
4485750,3303,0,1,1
4486000,3308,0,1,1
4486250,3306,0,1,1
4486500,3304,0,1,1
4486750,3307,0,1,1
4487000,3310,0,1,1
4487250,3308,0,1,1
4487500,3310,0,1,1
4487750,3306,0,1,1
4488000,3306,0,1,1
4488250,3307,0,1,1
4488500,3307,0,1,1
4488750,3312,0,1,1
4489000,3306,0,1,1
4489250,3311,0,1,1
4489500,3308,0,1,1
4489750,3308,0,1,1
4490000,3309,1,1,1
4490250,3306,1,1,1
4490500,3305,0,1,1
4490750,3305,0,1,1
4491000,3304,0,1,1
4491250,3302,0,1,1
4491500,3298,0,1,1
4491750,3299,0,1,1
4492000,3297,0,1,1
4492250,3328,0,1,1
4492500,3333,0,1,1
4492750,3328,0,1,1
4493000,3319,0,1,1
4493250,3293,0,1,1
4493500,3290,0,1,1
4493750,3294,0,1,1
4494000,3291,0,1,1
4494250,3289,0,1,1
4494500,3294,0,1,1
4494750,3290,0,1,1
4495000,3289,0,1,1
4495250,3290,0,1,1
4495500,3288,0,1,0
4495750,3289,0,1,0
4496000,3293,1,1,0
4496250,3290,1,1,0
4496500,3295,0,1,0
4496750,3294,0,1,0
4497000,3291,0,1,0
4497250,3292,0,1,0
4497500,3291,0,1,0
4497750,3293,0,1,0
4498000,3294,0,1,0
4498250,3297,0,1,0
4498500,3299,0,1,0
4498750,3294,0,1,0
4499000,3294,0,1,0
4499250,3299,0,1,0
4499500,3296,0,1,0
4499750,3295,0,1,0
4500000,3296,0,1,1
4500250,3299,0,1,1
4500500,3301,0,1,1
4500750,3299,0,1,1
4501000,3297,0,1,1
4501250,3299,0,1,1
4501500,3299,0,1,1
4501750,3297,0,1,1
4502000,3297,1,1,1
4502250,3298,1,1,1
4502500,3293,0,1,1
4502750,3298,0,1,1
4503000,3292,0,1,1
4503250,3292,0,1,1
4503500,3290,0,1,1
4503750,3292,0,1,1
4504000,3294,0,1,1
4504250,3293,0,1,1
4504500,3295,0,1,0
4504750,3295,0,1,0
4505000,3295,0,1,0
4505250,3292,0,1,0
4505500,3292,0,1,0
4505750,3296,0,1,0
4506000,3295,0,1,0
4506250,3297,0,1,0
4506500,3294,0,1,0
4506750,3298,0,1,0
4507000,3301,0,1,0
4507250,3302,0,1,0
4507500,3300,0,1,0
4507750,3301,0,1,0
4508000,3298,1,1,0
4508250,3305,1,1,0
4508500,3301,0,1,0
4508750,3304,0,1,0
4509000,3307,0,1,0
4509250,3306,0,1,0
4509500,3306,0,1,0
4509750,3310,0,1,0
4510000,3311,0,1,0
4510250,3312,0,1,0
4510500,3312,0,1,0
4510750,3308,0,1,0
4511000,3313,0,1,0
4511250,3312,0,1,0
4511500,3312,0,1,0
4511750,3308,0,1,0
4512000,3312,0,1,0
4512250,3314,0,1,0
4512500,3308,0,1,0
4512750,3313,0,1,0
4513000,3307,0,1,0
4513250,3307,0,1,0
4513500,3305,0,1,0
4513750,3306,0,1,0
4514000,3305,1,1,0
4514250,3303,1,1,0
4514500,3306,0,1,0
4514750,3307,0,1,0
4515000,3307,0,1,1
4515250,3304,0,1,1
4515500,3306,0,1,1
4515750,3300,0,1,1
4516000,3300,0,1,1
4516250,3334,0,1,1
4516500,3334,0,1,1
4516750,3331,0,1,1
4517000,3322,0,1,1
4517250,3298,0,1,1
4517500,3300,0,1,1
4517750,3302,0,1,1
4518000,3300,0,1,1
4518250,3305,0,1,1
4518500,3302,0,1,1
4518750,3303,0,1,1
4519000,3305,0,1,1
4519250,3305,0,1,1
4519500,3302,0,1,0
4519750,3305,0,1,0
4520000,3305,1,1,0
4520250,3308,1,1,0
4520500,3302,0,1,0
4520750,3304,0,1,0
4521000,3308,0,1,0
4521250,3303,0,1,0
4521500,3307,0,1,0
4521750,3307,0,1,0
4522000,3330,0,1,0
4522250,3330,0,1,0
4522500,3326,0,1,0
4522750,3302,0,1,0
4523000,3301,0,1,0
4523250,3300,0,1,0
4523500,3300,0,1,0
4523750,3302,0,1,0
4524000,3297,0,1,0
4524250,3295,0,1,0
4524500,3295,0,1,0
4524750,3295,0,1,0
4525000,3295,0,1,0
4525250,3296,0,1,0
4525500,3293,0,1,0
4525750,3294,0,1,0
4526000,3293,1,1,0
4526250,3288,1,1,0
4526500,3288,0,1,0
4526750,3291,0,1,0
4527000,3291,0,1,0
4527250,3286,0,1,0
4527500,3290,0,1,0
4527750,3287,0,1,0
4528000,3290,0,1,0
4528250,3287,0,1,0
4528500,3285,0,1,0
4528750,3287,0,1,0
4529000,3291,0,1,0
4529250,3293,0,1,0
4529500,3293,0,1,0
4529750,3288,0,1,0
4530000,3289,0,1,1
4530250,3295,0,1,1
4530500,3295,0,1,1
4530750,3294,0,1,1
4531000,3292,0,1,1
4531250,3297,0,1,1
4531500,3294,0,1,1
4531750,3301,0,1,1
4532000,3301,1,1,1
4532250,3302,1,1,1
4532500,3301,0,1,1
4532750,3297,0,1,1
4533000,3300,0,1,1
4533250,3300,0,1,1
4533500,3297,0,1,1
4533750,3300,0,1,1
4534000,3301,0,1,1
4534250,3303,0,1,1
4534500,3300,0,1,1
4534750,3302,0,1,1
4535000,3297,0,1,1
4535250,3303,0,1,1
4535500,3298,0,1,1
4535750,3301,0,1,1
4536000,3296,0,1,1
4536250,3301,0,1,1
4536500,3297,0,1,1
4536750,3300,0,1,1
4537000,3300,0,1,1
4537250,3301,0,1,1
4537500,3300,0,1,1
4537750,3300,0,1,1
4538000,3295,1,1,1
4538250,3300,1,1,1
4538500,3302,0,1,1
4538750,3301,0,1,1
4539000,3300,0,1,1
4539250,3301,0,1,1
4539500,3302,0,1,1
4539750,3304,0,1,1
4540000,3299,0,1,1
4540250,3305,0,1,1
4540500,3305,0,1,0
4540750,3307,0,1,0
4541000,3307,0,1,0
4541250,3306,0,1,0
4541500,3307,0,1,0
4541750,3311,0,1,0
4542000,3310,0,1,0
4542250,3310,0,1,0
4542500,3308,0,1,0
4542750,3309,0,1,0
4543000,3311,0,1,0
4543250,3310,0,1,0
4543500,3311,0,1,0
4543750,3310,0,1,0
4544000,3314,1,1,0
4544250,3311,1,1,0
4544500,3315,0,1,0
4544750,3311,0,1,0
4545000,3310,0,1,1
4545250,3310,0,1,1
4545500,3312,0,1,1
4545750,3308,0,1,1
4546000,3311,0,1,1
4546250,3338,0,1,1
4546500,3343,0,1,1
4546750,3336,0,1,1
4547000,3331,0,1,1
4547250,3306,0,1,1
4547500,3300,0,1,1
4547750,3301,0,1,1
4548000,3300,0,1,1
4548250,3297,0,1,1
4548500,3303,0,1,1
4548750,3297,0,1,1
4549000,3301,0,1,1
4549250,3302,0,1,1
4549500,3298,0,1,1
4549750,3299,0,1,1
4550000,3300,1,1,1
4550250,3296,1,1,1
4550500,3296,0,1,1
4550750,3295,0,1,1
4551000,3301,0,1,1
4551250,3295,0,1,1
4551500,3300,0,1,1
4551750,3299,0,1,1
4552000,3301,0,1,1
4552250,3325,0,1,1
4552500,3335,0,1,1
4552750,3326,0,1,1
4553000,3324,0,1,1
4553250,3297,0,1,1
4553500,3302,0,1,1
4553750,3303,0,1,1
4554000,3297,0,1,1
4554250,3301,0,1,1
4554500,3297,0,1,1
4554750,3297,0,1,1
4555000,3301,0,1,1
4555250,3301,0,1,1
4555500,3296,0,1,0
4555750,3297,0,1,0
4556000,3295,1,1,0
4556250,3300,1,1,0
4556500,3299,0,1,0
4556750,3295,0,1,0
4557000,3293,0,1,0
4557250,3294,0,1,0
4557500,3293,0,1,0
4557750,3292,0,1,0
4558000,3295,0,1,0
4558250,3323,0,1,0
4558500,3324,0,1,0
4558750,3321,0,1,0
4559000,3314,0,1,0
4559250,3291,0,1,0
4559500,3288,0,1,0
4559750,3289,0,1,0
4560000,3289,0,1,1
4560250,3290,0,1,1
4560500,3287,0,1,1
4560750,3285,0,1,1
4561000,3291,0,1,1
4561250,3289,0,1,1
4561500,3288,0,1,1
4561750,3289,0,1,1
4562000,3288,1,1,1
4562250,3291,1,1,1
4562500,3290,0,1,1
4562750,3293,0,1,1
4563000,3297,0,1,1
4563250,3298,0,1,1
4563500,3298,0,1,1
4563750,3296,0,1,1
4564000,3298,0,1,1
4564250,3268,0,1,1
4564500,3269,0,1,0
4564750,3270,0,1,0
4565000,3280,0,1,0
4565250,3303,0,1,0
4565500,3304,0,1,0
4565750,3301,0,1,0
4566000,3307,0,1,0
4566250,3306,0,1,0
4566500,3306,0,1,0
4566750,3305,0,1,0
4567000,3304,0,1,0
4567250,3308,0,1,0
4567500,3302,0,1,0
4567750,3305,0,1,0
4568000,3303,1,1,0
4568250,3306,1,1,0
4568500,3304,0,1,0
4568750,3300,0,1,0
4569000,3302,0,1,0
4569250,3302,0,1,0
4569500,3302,0,1,0
4569750,3305,0,1,0
4570000,3303,0,1,0
4570250,3298,0,1,0
4570500,3298,0,1,0
4570750,3301,0,1,0
4571000,3302,0,1,0
4571250,3302,0,1,0
4571500,3300,0,1,0
4571750,3304,0,1,0
4572000,3303,0,1,0
4572250,3305,0,1,0
4572500,3302,0,1,0
4572750,3307,0,1,0
4573000,3305,0,1,0
4573250,3305,0,1,0
4573500,3304,0,1,0
4573750,3305,0,1,0
4574000,3310,1,1,0
4574250,3310,1,1,0
4574500,3306,0,1,0
4574750,3309,0,1,0
4575000,3310,0,1,1
4575250,3309,0,1,1
4575500,3311,0,1,1
4575750,3313,0,1,1
4576000,3312,0,1,1
4576250,3311,0,1,1
4576500,3314,0,1,1
4576750,3313,0,1,1
4577000,3311,0,1,1
4577250,3312,0,1,1
4577500,3309,0,1,1
4577750,3312,0,1,1
4578000,3311,0,1,1
4578250,3306,0,1,1
4578500,3304,0,1,1
4578750,3306,0,1,1
4579000,3304,0,1,1
4579250,3306,0,1,1
4579500,3303,0,1,1
4579750,3299,0,1,1
4580000,3304,1,1,1
4580250,3299,1,1,1
4580500,3298,0,1,1
4580750,3298,0,1,1
4581000,3295,0,1,1
4581250,3295,0,1,1
4581500,3293,0,1,1
4581750,3298,0,1,1
4582000,3291,0,1,1
4582250,3295,0,1,1
4582500,3296,0,1,1
4582750,3290,0,1,1
4583000,3292,0,1,1
4583250,3295,0,1,1
4583500,3291,0,1,1
4583750,3292,0,1,1
4584000,3293,0,1,1
4584250,3292,0,1,1
4584500,3297,0,1,1
4584750,3291,0,1,1
4585000,3296,0,1,1
4585250,3294,0,1,1
4585500,3296,0,1,0
4585750,3298,0,1,0
4586000,3299,1,1,0
4586250,3295,1,1,0
4586500,3297,0,1,0
4586750,3297,0,1,0
4587000,3298,0,1,0
4587250,3300,0,1,0
4587500,3299,0,1,0
4587750,3296,0,1,0
4588000,3301,0,1,0
4588250,3270,0,1,0
4588500,3264,0,1,0
4588750,3270,0,1,0
4589000,3275,0,1,0
4589250,3294,0,1,0
4589500,3295,0,1,0
4589750,3294,0,1,0
4590000,3294,0,1,1
4590250,3295,0,1,1
4590500,3297,0,1,1
4590750,3295,0,1,1
4591000,3291,0,1,1
4591250,3292,0,1,1
4591500,3292,0,1,1
4591750,3288,0,1,1
4592000,3288,1,1,1
4592250,3290,1,1,1
4592500,3293,0,1,1
4592750,3293,0,1,1
4593000,3294,0,1,1
4593250,3289,0,1,1
4593500,3291,0,1,1
4593750,3291,0,1,1
4594000,3289,0,1,1
4594250,3325,0,1,1
4594500,3329,0,1,0
4594750,3323,0,1,0
4595000,3319,0,1,0
4595250,3299,0,1,0
4595500,3297,0,1,0
4595750,3299,0,1,0
4596000,3299,0,1,0
4596250,3297,0,1,0
4596500,3300,0,1,0
4596750,3304,0,1,0
4597000,3305,0,1,0
4597250,3302,0,1,0
4597500,3308,0,1,0
4597750,3303,0,1,0
4598000,3306,1,1,0
4598250,3310,1,1,0
4598500,3305,0,1,0
4598750,3311,0,1,0
4599000,3309,0,1,0
4599250,3312,0,1,0
4599500,3308,0,1,0
4599750,3306,0,1,0
4600000,3306,0,1,0
4600250,3341,0,1,0
4600500,3346,0,1,0
4600750,3341,0,1,0
4601000,3331,0,1,0
4601250,3308,0,1,0
4601500,3304,0,1,0
4601750,3310,0,1,0
4602000,3305,0,1,0
4602250,3307,0,1,0
4602500,3304,0,1,0
4602750,3303,0,1,0
4603000,3307,0,1,0
4603250,3302,0,1,0
4603500,3301,0,1,0
4603750,3303,0,1,0
4604000,3303,1,1,0
4604250,3305,1,1,0
4604500,3300,0,1,0
4604750,3300,0,1,0
4605000,3305,0,1,1
4605250,3301,0,1,1
4605500,3306,0,1,1
4605750,3304,0,1,1
4606000,3301,0,1,1
4606250,3272,0,1,1
4606500,3273,0,1,1
4606750,3273,0,1,1
4607000,3281,0,1,1
4607250,3307,0,1,1
4607500,3309,0,1,1
4607750,3303,0,1,1
4608000,3305,0,1,1
4608250,3307,0,1,1
4608500,3307,0,1,1
4608750,3309,0,1,1
4609000,3308,0,1,1
4609250,3310,0,1,1
4609500,3308,0,1,1
4609750,3309,0,1,1
4610000,3306,1,1,1
4610250,3305,1,1,1
4610500,3303,0,1,1
4610750,3303,0,1,1
4611000,3304,0,1,1
4611250,3305,0,1,1
4611500,3300,0,1,1
4611750,3304,0,1,1
4612000,3303,0,1,1
4612250,3297,0,1,1
4612500,3296,0,1,1
4612750,3297,0,1,1
4613000,3295,0,1,1
4613250,3293,0,1,1
4613500,3296,0,1,1
4613750,3290,0,1,1
4614000,3295,0,1,1
4614250,3291,0,1,1
4614500,3292,0,1,1
4614750,3289,0,1,1
4615000,3288,0,1,1
4615250,3288,0,1,1
4615500,3288,0,1,0
4615750,3292,0,1,0
4616000,3292,1,1,0
4616250,3286,1,1,0
4616500,3290,0,1,0
4616750,3287,0,1,0
4617000,3293,0,1,0
4617250,3292,0,1,0
4617500,3294,0,1,0
4617750,3293,0,1,0
4618000,3292,0,1,0
4618250,3292,0,1,0
4618500,3291,0,1,0
4618750,3294,0,1,0
4619000,3295,0,1,0
4619250,3293,0,1,0
4619500,3295,0,1,0
4619750,3297,0,1,0
4620000,3296,0,1,1
4620250,3296,0,1,1
4620500,3297,0,1,1
4620750,3299,0,1,1
4621000,3299,0,1,1
4621250,3298,0,1,1
4621500,3301,0,1,1
4621750,3296,0,1,1
4622000,3301,1,1,1
4622250,3298,1,1,1
4622500,3296,0,1,1
4622750,3295,0,1,1
4623000,3295,0,1,1
4623250,3296,0,1,1
4623500,3294,0,1,1
4623750,3295,0,1,1
4624000,3293,0,1,1
4624250,3299,0,1,1
4624500,3295,0,1,0
4624750,3298,0,1,0
4625000,3292,0,1,0
4625250,3297,0,1,0
4625500,3295,0,1,0
4625750,3296,0,1,0
4626000,3296,0,1,0
4626250,3293,0,1,0
4626500,3298,0,1,0
4626750,3299,0,1,0
4627000,3299,0,1,0
4627250,3299,0,1,0
4627500,3296,0,1,0
4627750,3303,0,1,0
4628000,3302,1,1,0
4628250,3299,1,1,0
4628500,3299,0,1,0
4628750,3304,0,1,0
4629000,3305,0,1,0
4629250,3302,0,1,0
4629500,3308,0,1,0
4629750,3306,0,1,0
4630000,3306,0,1,0
4630250,3337,0,1,0
4630500,3344,0,1,0
4630750,3340,0,1,0
4631000,3335,0,1,0
4631250,3310,0,1,0
4631500,3311,0,1,0
4631750,3309,0,1,0
4632000,3315,0,1,0
4632250,3315,0,1,0
4632500,3310,0,1,0
4632750,3314,0,1,0
4633000,3311,0,1,0
4633250,3313,0,1,0
4633500,3310,0,1,0
4633750,3313,0,1,0
4634000,3308,1,1,0
4634250,3310,1,1,0
4634500,3306,0,1,0
4634750,3308,0,1,0
4635000,3309,0,1,1
4635250,3304,0,1,1
4635500,3302,0,1,1
4635750,3304,0,1,1
4636000,3305,0,1,1
4636250,3276,0,1,1
4636500,3271,0,1,1
4636750,3251,0,1,1
4637000,3255,0,1,1
4637250,3275,0,1,1
4637500,3301,0,1,1
4637750,3297,0,1,1
4638000,3298,0,1,1
4638250,3299,0,1,1
4638500,3303,0,1,1
4638750,3299,0,1,1
4639000,3298,0,1,1
4639250,3299,0,1,1
4639500,3297,0,1,1
4639750,3299,0,1,1
4640000,3298,1,1,1
4640250,3300,1,1,1
4640500,3303,0,1,1
4640750,3303,0,1,1
4641000,3305,0,1,1
4641250,3301,0,1,1
4641500,3299,0,1,1
4641750,3299,0,1,1
4642000,3301,0,1,1
4642250,3305,0,1,1
4642500,3302,0,1,1
4642750,3304,0,1,1
4643000,3301,0,1,1
4643250,3303,0,1,1
4643500,3301,0,1,1
4643750,3302,0,1,1
4644000,3303,0,1,1
4644250,3300,0,1,1
4644500,3301,0,1,1
4644750,3297,0,1,1
4645000,3294,0,1,1
4645250,3295,0,1,1
4645500,3296,0,1,0
4645750,3290,0,1,0
4646000,3294,1,1,0
4646250,3291,1,1,0
4646500,3294,0,1,0
4646750,3291,0,1,0
4647000,3286,0,1,0
4647250,3291,0,1,0
4647500,3286,0,1,0
4647750,3290,0,1,0
4648000,3289,0,1,0
4648250,3287,0,1,0
4648500,3288,0,1,0
4648750,3291,0,1,0
4649000,3288,0,1,0
4649250,3290,0,1,0
4649500,3286,0,1,0
4649750,3289,0,1,0
4650000,3291,0,1,1
4650250,3290,0,1,1
4650500,3290,0,1,1
4650750,3292,0,1,1
4651000,3294,0,1,1
4651250,3297,0,1,1
4651500,3298,0,1,1
4651750,3293,0,1,1
4652000,3299,1,1,1
4652250,3297,1,1,1
4652500,3299,0,1,1
4652750,3300,0,1,1
4653000,3299,0,1,1
4653250,3302,0,1,1
4653500,3299,0,1,1
4653750,3299,0,1,1
4654000,3301,0,1,1
4654250,3333,0,1,1
4654500,3334,0,1,0
4654750,3334,0,1,0
4655000,3323,0,1,0
4655250,3299,0,1,0
4655500,3305,0,1,0
4655750,3304,0,1,0
4656000,3303,0,1,0
4656250,3303,0,1,0
4656500,3301,0,1,0
4656750,3302,0,1,0
4657000,3299,0,1,0
4657250,3300,0,1,0
4657500,3298,0,1,0
4657750,3297,0,1,0
4658000,3299,1,1,0
4658250,3299,1,1,0
4658500,3301,0,1,0
4658750,3300,0,1,0
4659000,3301,0,1,0
4659250,3303,0,1,0
4659500,3302,0,1,0
4659750,3300,0,1,0
4660000,3304,0,1,0
4660250,3331,0,1,0
4660500,3339,0,1,0
4660750,3334,0,1,0
4661000,3331,0,1,0
4661250,3304,0,1,0
4661500,3302,0,1,0
4661750,3308,0,1,0
4662000,3305,0,1,0
4662250,3305,0,1,0
4662500,3306,0,1,0
4662750,3311,0,1,0
4663000,3307,0,1,0
4663250,3308,0,1,0
4663500,3311,0,1,0
4663750,3308,0,1,0
4664000,3311,1,1,0
4664250,3314,1,1,0
4664500,3310,0,1,0
4664750,3309,0,1,0
4665000,3311,0,1,1
4665250,3310,0,1,1
4665500,3310,0,1,1
4665750,3311,0,1,1
4666000,3309,0,1,1
4666250,3307,0,1,1
4666500,3311,0,1,1
4666750,3305,0,1,1
4667000,3304,0,1,1
4667250,3304,0,1,1
4667500,3302,0,1,1
4667750,3306,0,1,1
4668000,3300,0,1,1
4668250,3299,0,1,1
4668500,3300,0,1,1
4668750,3300,0,1,1
4669000,3300,0,1,1
4669250,3302,0,1,1
4669500,3300,0,1,0
4669750,3298,0,1,0
4670000,3298,1,1,0
4670250,3295,1,1,0
4670500,3293,0,1,0
4670750,3297,0,1,0
4671000,3295,0,1,0
4671250,3297,0,1,0
4671500,3294,0,1,0
4671750,3297,0,1,0
4672000,3297,0,1,0
4672250,3298,0,1,0
4672500,3297,0,1,0
4672750,3293,0,1,0
4673000,3297,0,1,0
4673250,3297,0,1,0
4673500,3297,0,1,0
4673750,3297,0,1,0
4674000,3301,0,1,0
4674250,3301,0,1,0
4674500,3300,0,1,0
4674750,3302,0,1,0
4675000,3297,0,1,0
4675250,3302,0,1,0
4675500,3298,0,1,0
4675750,3301,0,1,0
4676000,3299,1,1,0
4676250,3296,1,1,0
4676500,3295,0,1,0
4676750,3300,0,1,0
4677000,3296,0,1,0
4677250,3297,0,1,0
4677500,3293,0,1,0
4677750,3294,0,1,0
4678000,3296,0,1,0
4678250,3263,0,1,0
4678500,3262,0,1,0
4678750,3261,0,1,0
4679000,3271,0,1,0
4679250,3291,0,1,0
4679500,3293,0,1,0
4679750,3288,0,1,0
4680000,3287,0,1,1
4680250,3289,0,1,1
4680500,3288,0,1,1
4680750,3288,0,1,1
4681000,3289,0,1,1
4681250,3290,0,1,1
4681500,3287,0,1,1
4681750,3292,0,1,1
4682000,3291,1,1,1
4682250,3290,1,1,1
4682500,3293,0,1,1
4682750,3295,0,1,1
4683000,3294,0,1,1
4683250,3296,0,1,1
4683500,3294,0,1,1
4683750,3293,0,1,1
4684000,3297,0,1,1
4684250,3298,0,1,1
4684500,3298,0,1,0
4684750,3303,0,1,0
4685000,3300,0,1,0
4685250,3302,0,1,0
4685500,3304,0,1,0
4685750,3306,0,1,0
4686000,3306,0,1,0
4686250,3302,0,1,0
4686500,3307,0,1,0
4686750,3308,0,1,0
4687000,3304,0,1,0
4687250,3304,0,1,0
4687500,3307,0,1,0
4687750,3305,0,1,0
4688000,3307,1,1,0
4688250,3310,1,1,0
4688500,3304,0,1,0
4688750,3308,0,1,0
4689000,3308,0,1,0
4689250,3309,0,1,0
4689500,3304,0,1,0
4689750,3307,0,1,0
4690000,3307,0,1,0
4690250,3274,0,1,0
4690500,3267,0,1,0
4690750,3277,0,1,0
4691000,3282,0,1,0
4691250,3304,0,1,0
4691500,3306,0,1,0
4691750,3302,0,1,0
4692000,3299,0,1,0
4692250,3305,0,1,0
4692500,3299,0,1,0
4692750,3301,0,1,0
4693000,3305,0,1,0
4693250,3300,0,1,0
4693500,3305,0,1,0
4693750,3301,0,1,0
4694000,3306,1,1,0
4694250,3302,1,1,0
4694500,3302,0,1,0
4694750,3303,0,1,0
4695000,3306,0,1,1
4695250,3309,0,1,1
4695500,3307,0,1,1
4695750,3310,0,1,1
4696000,3308,0,1,1
4696250,3309,0,1,1
4696500,3306,0,1,1
4696750,3312,0,1,1
4697000,3306,0,1,1
4697250,3307,0,1,1
4697500,3310,0,1,1
4697750,3309,0,1,1
4698000,3309,0,1,1
4698250,3306,0,1,1
4698500,3311,0,1,1
4698750,3305,0,1,1
4699000,3303,0,1,1
4699250,3307,0,1,1
4699500,3302,0,1,0
4699750,3302,0,1,0
4700000,3304,1,1,0
4700250,3304,1,1,0
4700500,3299,0,1,0
4700750,3297,0,1,0
4701000,3300,0,1,0
4701250,3299,0,1,0
4701500,3300,0,1,0
4701750,3294,0,1,0
4702000,3293,0,1,0
4702250,3294,0,1,0
4702500,3295,0,1,0
4702750,3294,0,1,0
4703000,3289,0,1,0
4703250,3289,0,1,0
4703500,3293,0,1,0
4703750,3290,0,1,0
4704000,3290,0,1,0
4704250,3290,0,1,0
4704500,3293,0,1,0
4704750,3293,0,1,0
4705000,3291,0,1,0
4705250,3295,0,1,0
4705500,3293,0,1,0
4705750,3291,0,1,0
4706000,3291,1,1,0
4706250,3290,1,1,0
4706500,3291,0,1,0
4706750,3293,0,1,0
4707000,3294,0,1,0
4707250,3294,0,1,0
4707500,3299,0,1,0
4707750,3294,0,1,0
4708000,3300,0,1,0
4708250,3271,0,1,0
4708500,3266,0,1,0
4708750,3270,0,1,0
4709000,3273,0,1,0
4709250,3299,0,1,0
4709500,3299,0,1,0
4709750,3298,0,1,0
4710000,3298,0,1,1
4710250,3296,0,1,1
4710500,3294,0,1,1
4710750,3297,0,1,1
4711000,3293,0,1,1
4711250,3298,0,1,1
4711500,3292,0,1,1
4711750,3293,0,1,1
4712000,3296,1,1,1
4712250,3296,1,1,1
4712500,3294,0,1,1
4712750,3295,0,1,1
4713000,3295,0,1,1
4713250,3294,0,1,1
4713500,3292,0,1,1
4713750,3290,0,1,1
4714000,3290,0,1,1
4714250,3296,0,1,1
4714500,3292,0,1,1
4714750,3294,0,1,1
4715000,3296,0,1,1
4715250,3294,0,1,1
4715500,3298,0,1,1
4715750,3295,0,1,1
4716000,3298,0,1,1
4716250,3297,0,1,1
4716500,3302,0,1,1
4716750,3303,0,1,1
4717000,3301,0,1,1
4717250,3304,0,1,1
4717500,3307,0,1,1
4717750,3302,0,1,1
4718000,3303,1,1,1
4718250,3305,1,1,1
4718500,3305,0,1,1
4718750,3308,0,1,1
4719000,3308,0,1,1
4719250,3307,0,1,1
4719500,3309,0,1,1
4719750,3314,0,1,1
4720000,3310,0,1,1
4720250,3311,0,1,1
4720500,3311,0,1,0
4720750,3309,0,1,0
4721000,3311,0,1,0
4721250,3313,0,1,0
4721500,3309,0,1,0
4721750,3312,0,1,0
4722000,3310,0,1,0
4722250,3307,0,1,0
4722500,3306,0,1,0
4722750,3308,0,1,0
4723000,3309,0,1,0
4723250,3309,0,1,0
4723500,3302,0,1,0
4723750,3307,0,1,0
4724000,3303,1,1,0
4724250,3305,1,1,0
4724500,3301,0,1,0
4724750,3304,0,1,0
4725000,3303,0,1,1
4725250,3300,0,1,1
4725500,3300,0,1,1
4725750,3299,0,1,1
4726000,3304,0,1,1
4726250,3275,0,1,1
4726500,3266,0,1,1
4726750,3274,0,1,1
4727000,3278,0,1,1
4727250,3301,0,1,1
4727500,3304,0,1,1
4727750,3302,0,1,1
4728000,3304,0,1,1
4728250,3305,0,1,1
4728500,3305,0,1,1
4728750,3307,0,1,1
4729000,3301,0,1,1
4729250,3307,0,1,1
4729500,3302,0,1,0
4729750,3305,0,1,0
4730000,3308,1,1,0
4730250,3305,1,1,0
4730500,3306,0,1,0
4730750,3301,0,1,0
4731000,3306,0,1,0
4731250,3302,0,1,0
4731500,3303,0,1,0
4731750,3304,0,1,0
4732000,3302,0,1,0
4732250,3301,0,1,0
4732500,3297,0,1,0
4732750,3297,0,1,0
4733000,3299,0,1,0
4733250,3294,0,1,0
4733500,3295,0,1,0
4733750,3295,0,1,0
4734000,3294,0,1,0
4734250,3296,0,1,0
4734500,3293,0,1,0
4734750,3291,0,1,0
4735000,3287,0,1,0
4735250,3287,0,1,0
4735500,3288,0,1,0
4735750,3290,0,1,0
4736000,3285,1,1,0
4736250,3288,1,1,0
4736500,3289,0,1,0
4736750,3290,0,1,0
4737000,3287,0,1,0
4737250,3286,0,1,0
4737500,3292,0,1,0
4737750,3286,0,1,0
4738000,3293,0,1,0
4738250,3288,0,1,0
4738500,3291,0,1,0
4738750,3289,0,1,0
4739000,3292,0,1,0
4739250,3296,0,1,0
4739500,3295,0,1,0
4739750,3294,0,1,0
4740000,3296,0,1,1
4740250,3297,0,1,1
4740500,3297,0,1,1
4740750,3300,0,1,1
4741000,3300,0,1,1
4741250,3296,0,1,1
4741500,3303,0,1,1
4741750,3298,0,1,1
4742000,3300,1,1,1
4742250,3301,1,1,1
4742500,3302,0,1,1
4742750,3301,0,1,1
4743000,3301,0,1,1
4743250,3300,0,1,1
4743500,3303,0,1,1
4743750,3299,0,1,1
4744000,3321,0,1,1
4744250,3325,0,1,1
4744500,3320,0,1,0
4744750,3300,0,1,0
4745000,3297,0,1,0
4745250,3301,0,1,0
4745500,3298,0,1,0
4745750,3298,0,1,0
4746000,3301,0,1,0
4746250,3298,0,1,0
4746500,3301,0,1,0
4746750,3296,0,1,0
4747000,3299,0,1,0
4747250,3298,0,1,0
4747500,3301,0,1,0
4747750,3301,0,1,0
4748000,3301,1,1,0
4748250,3303,1,1,0
4748500,3301,0,1,0
4748750,3302,0,1,0
4749000,3299,0,1,0
4749250,3304,0,1,0
4749500,3303,0,1,0
4749750,3303,0,1,0
4750000,3308,0,1,0
4750250,3277,0,1,0
4750500,3275,0,1,0
4750750,3277,0,1,0
4751000,3287,0,1,0
4751250,3311,0,1,0
4751500,3308,0,1,0
4751750,3313,0,1,0
4752000,3313,0,1,0
4752250,3315,0,1,0
4752500,3310,0,1,0
4752750,3311,0,1,0
4753000,3310,0,1,0
4753250,3311,0,1,0
4753500,3309,0,1,0
4753750,3310,0,1,0
4754000,3311,1,1,0
4754250,3314,1,1,0
4754500,3312,0,1,0
4754750,3310,0,1,0
4755000,3307,0,1,1
4755250,3309,0,1,1
4755500,3308,0,1,1
4755750,3303,0,1,1
4756000,3306,0,1,1
4756250,3306,0,1,1
4756500,3303,0,1,1
4756750,3300,0,1,1
4757000,3303,0,1,1
4757250,3302,0,1,1
4757500,3298,0,1,1
4757750,3299,0,1,1
4758000,3300,0,1,1
4758250,3297,0,1,1
4758500,3301,0,1,1
4758750,3298,0,1,1
4759000,3299,0,1,1
4759250,3296,0,1,1
4759500,3300,0,1,0
4759750,3295,0,1,0
4760000,3295,1,1,0
4760250,3298,1,1,0
4760500,3297,0,1,0
4760750,3296,0,1,0
4761000,3302,0,1,0
4761250,3302,0,1,0
4761500,3300,0,1,0
4761750,3300,0,1,0
4762000,3301,0,1,0
4762250,3328,0,1,0
4762500,3336,0,1,0
4762750,3330,0,1,0
4763000,3322,0,1,0
4763250,3302,0,1,0
4763500,3301,0,1,0
4763750,3300,0,1,0
4764000,3301,0,1,0
4764250,3298,0,1,0
4764500,3302,0,1,0
4764750,3299,0,1,0
4765000,3297,0,1,0
4765250,3300,0,1,0
4765500,3297,0,1,0
4765750,3294,0,1,0
4766000,3297,1,1,0
4766250,3291,1,1,0
4766500,3296,0,1,0
4766750,3294,0,1,0
4767000,3294,0,1,0
4767250,3292,0,1,0
4767500,3289,0,1,0
4767750,3288,0,1,0
4768000,3287,0,1,0
4768250,3286,0,1,0
4768500,3289,0,1,0
4768750,3288,0,1,0
4769000,3291,0,1,0
4769250,3288,0,1,0
4769500,3288,0,1,0
4769750,3287,0,1,0
4770000,3292,0,1,1
4770250,3286,0,1,1
4770500,3293,0,1,1
4770750,3288,0,1,1
4771000,3292,0,1,1
4771250,3289,0,1,1
4771500,3296,0,1,1
4771750,3291,0,1,1
4772000,3292,1,1,1
4772250,3298,1,1,1
4772500,3298,0,1,1
4772750,3297,0,1,1
4773000,3297,0,1,1
4773250,3298,0,1,1
4773500,3297,0,1,1
4773750,3302,0,1,1
4774000,3302,0,1,1
4774250,3302,0,1,1
4774500,3306,0,1,0
4774750,3306,0,1,0
4775000,3306,0,1,0
4775250,3305,0,1,0
4775500,3305,0,1,0
4775750,3303,0,1,0
4776000,3306,0,1,0
4776250,3302,0,1,0
4776500,3306,0,1,0
4776750,3302,0,1,0
4777000,3303,0,1,0
4777250,3304,0,1,0
4777500,3301,0,1,0
4777750,3306,0,1,0
4778000,3305,1,1,0
4778250,3300,1,1,0
4778500,3300,0,1,0
4778750,3300,0,1,0
4779000,3301,0,1,0
4779250,3302,0,1,0
4779500,3298,0,1,0
4779750,3302,0,1,0
4780000,3304,0,1,0
4780250,3300,0,1,0
4780500,3299,0,1,0
4780750,3305,0,1,0
4781000,3305,0,1,0
4781250,3304,0,1,0
4781500,3302,0,1,0
4781750,3304,0,1,0
4782000,3307,0,1,0
4782250,3306,0,1,0
4782500,3306,0,1,0
4782750,3306,0,1,0
4783000,3308,0,1,0
4783250,3308,0,1,0
4783500,3308,0,1,0
4783750,3308,0,1,0
4784000,3310,1,1,0
4784250,3307,1,1,0
4784500,3312,0,1,0
4784750,3308,0,1,0
4785000,3308,0,1,1
4785250,3314,0,1,1
4785500,3314,0,1,1
4785750,3308,0,1,1
4786000,3314,0,1,1
4786250,3342,0,1,1
4786500,3343,0,1,1
4786750,3336,0,1,1
4787000,3333,0,1,1
4787250,3309,0,1,1
4787500,3307,0,1,1
4787750,3308,0,1,1
4788000,3304,0,1,1
4788250,3306,0,1,1
4788500,3304,0,1,1
4788750,3303,0,1,1
4789000,3301,0,1,1
4789250,3300,0,1,1
4789500,3302,0,1,0
4789750,3301,0,1,0
4790000,3294,1,1,0
4790250,3298,1,1,0
4790500,3298,0,1,0
4790750,3296,0,1,0
4791000,3291,0,1,0
4791250,3294,0,1,0
4791500,3291,0,1,0
4791750,3295,0,1,0
4792000,3291,0,1,0
4792250,3321,0,1,0
4792500,3327,0,1,0
4792750,3321,0,1,0
4793000,3314,0,1,0
4793250,3293,0,1,0
4793500,3292,0,1,0
4793750,3297,0,1,0
4794000,3295,0,1,0
4794250,3293,0,1,0
4794500,3297,0,1,0
4794750,3299,0,1,0
4795000,3298,0,1,0
4795250,3298,0,1,0
4795500,3295,0,1,0
4795750,3300,0,1,0
4796000,3300,1,1,0
4796250,3299,1,1,0
4796500,3297,0,1,0
4796750,3298,0,1,0
4797000,3297,0,1,0
4797250,3299,0,1,0
4797500,3294,0,1,0
4797750,3299,0,1,0
4798000,3296,0,1,0
4798250,3296,0,1,0
4798500,3295,0,1,0
4798750,3292,0,1,0
4799000,3297,0,1,0
4799250,3294,0,1,0
4799500,3292,0,1,0
4799750,3292,0,1,0
4800000,3292,0,1,0
4800250,3295,0,1,0
4800500,3292,0,1,0
4800750,3293,0,1,0
4801000,3292,0,1,0
4801250,3288,0,1,0
4801500,3288,0,1,0
4801750,3293,0,1,0
4802000,3291,1,1,0
4802250,3292,1,1,0
4802500,3289,0,1,0
4802750,3295,0,1,0
4803000,3294,0,1,0
4803250,3296,0,1,0
4803500,3292,0,1,0
4803750,3294,0,1,0
4804000,3298,0,1,0
4804250,3329,0,1,0
4804500,3334,0,1,0
4804750,3325,0,1,0
4805000,3322,0,1,0
4805250,3300,0,1,0
4805500,3299,0,1,0
4805750,3305,0,1,0
4806000,3302,0,1,0
4806250,3306,0,1,0
4806500,3305,0,1,0
4806750,3307,0,1,0
4807000,3308,0,1,0
4807250,3306,0,1,0
4807500,3310,0,1,0
4807750,3311,0,1,0
4808000,3308,1,1,0
4808250,3311,1,1,0
4808500,3309,0,1,0
4808750,3306,0,1,0
4809000,3307,0,1,0
4809250,3312,0,1,0
4809500,3308,0,1,0
4809750,3310,0,1,0
4810000,3305,0,1,0
4810250,3308,0,1,0
4810500,3307,0,1,0
4810750,3308,0,1,0
4811000,3308,0,1,0
4811250,3303,0,1,0
4811500,3303,0,1,0
4811750,3307,0,1,0
4812000,3307,0,1,0
4812250,3306,0,1,0
4812500,3303,0,1,0
4812750,3301,0,1,0
4813000,3301,0,1,0
4813250,3304,0,1,0
4813500,3299,0,1,0
4813750,3305,0,1,0
4814000,3303,1,1,0
4814250,3300,1,1,0
4814500,3301,0,1,0
4814750,3303,0,1,0
4815000,3306,0,1,0
4815250,3303,0,1,0
4815500,3305,0,1,0
4815750,3302,0,1,0
4816000,3305,0,1,0
4816250,3303,0,1,0
4816500,3305,0,1,0
4816750,3303,0,1,0
4817000,3309,0,1,0
4817250,3304,0,1,0
4817500,3309,0,1,0
4817750,3305,0,1,0
4818000,3308,0,1,0
4818250,3307,0,1,0
4818500,3306,0,1,0
4818750,3310,0,1,0
4819000,3304,0,1,0
4819250,3304,0,1,0
4819500,3308,0,1,0
4819750,3301,0,1,0
4820000,3300,1,1,0
4820250,3304,1,1,0
4820500,3303,0,1,0
4820750,3299,0,1,0
4821000,3302,0,1,0
4821250,3296,0,1,0
4821500,3299,0,1,0
4821750,3300,0,1,0
4822000,3293,0,1,0
4822250,3267,0,1,0
4822500,3263,0,1,0
4822750,3267,0,1,0
4823000,3271,0,1,0
4823250,3292,0,1,0
4823500,3291,0,1,0
4823750,3291,0,1,0
4824000,3288,0,1,0
4824250,3290,0,1,0
4824500,3291,0,1,0
4824750,3288,0,1,0
4825000,3286,0,1,0
4825250,3289,0,1,0
4825500,3289,0,1,0
4825750,3293,0,1,0
4826000,3293,1,1,0
4826250,3288,1,1,0
4826500,3288,0,1,0
4826750,3295,0,1,0
4827000,3292,0,1,0
4827250,3290,0,1,0
4827500,3297,0,1,0
4827750,3291,0,1,0
4828000,3296,0,1,0
4828250,3298,0,1,0
4828500,3293,0,1,0
4828750,3296,0,1,0
4829000,3299,0,1,0
4829250,3298,0,1,0
4829500,3298,0,1,0
4829750,3300,0,1,0
4830000,3297,0,1,0
4830250,3302,0,1,0
4830500,3300,0,1,0
4830750,3296,0,1,0
4831000,3299,0,1,0
4831250,3296,0,1,0
4831500,3300,0,1,0
4831750,3296,0,1,0
4832000,3295,1,1,0
4832250,3296,1,1,0
4832500,3296,0,1,0
4832750,3299,0,1,0
4833000,3296,0,1,0
4833250,3298,0,1,0
4833500,3294,0,1,0
4833750,3295,0,1,0
4834000,3293,0,1,0
4834250,3296,0,1,0
4834500,3297,0,1,0
4834750,3292,0,1,0
4835000,3294,0,1,0
4835250,3294,0,1,0
4835500,3297,0,1,0
4835750,3300,0,1,0
4836000,3299,0,1,0
4836250,3297,0,1,0
4836500,3302,0,1,0
4836750,3300,0,1,0
4837000,3298,0,1,0
4837250,3303,0,1,0
4837500,3299,0,1,0
4837750,3300,0,1,0
4838000,3307,1,1,0
4838250,3308,1,1,0
4838500,3309,0,1,0
4838750,3309,0,1,0
4839000,3311,0,1,0
4839250,3312,0,1,0
4839500,3312,0,1,0
4839750,3310,0,1,0
4840000,3312,0,1,0
4840250,3337,0,1,0
4840500,3348,0,1,0
4840750,3338,0,1,0
4841000,3336,0,1,0
4841250,3313,0,1,0
4841500,3312,0,1,0
4841750,3315,0,1,0
4842000,3309,0,1,0
4842250,3312,0,1,0
4842500,3307,0,1,0
4842750,3309,0,1,0
4843000,3307,0,1,0
4843250,3309,0,1,0
4843500,3309,0,1,0
4843750,3308,0,1,0
4844000,3306,1,1,0
4844250,3306,1,1,0
4844500,3305,0,1,0
4844750,3306,0,1,0
4845000,3300,0,1,0
4845250,3305,0,1,0
4845500,3300,0,1,0
4845750,3300,0,1,0
4846000,3299,0,1,0
4846250,3297,0,1,0
4846500,3299,0,1,0
4846750,3302,0,1,0
4847000,3301,0,1,0
4847250,3301,0,1,0
4847500,3303,0,1,0
4847750,3300,0,1,0
4848000,3298,0,1,0
4848250,3303,0,1,0
4848500,3302,0,1,0
4848750,3300,0,1,0
4849000,3301,0,1,0
4849250,3300,0,1,0
4849500,3300,0,1,0
4849750,3304,0,1,0
4850000,3305,1,1,0
4850250,3305,1,1,0
4850500,3303,0,1,0
4850750,3305,0,1,0
4851000,3300,0,1,0
4851250,3299,0,1,0
4851500,3300,0,1,0
4851750,3302,0,1,0
4852000,3301,0,1,0
4852250,3303,0,1,0
4852500,3298,0,1,0
4852750,3302,0,1,0
4853000,3301,0,1,0
4853250,3298,0,1,0
4853500,3300,0,1,0
4853750,3298,0,1,0
4854000,3293,0,1,0
4854250,3298,0,1,0
4854500,3292,0,1,0
4854750,3294,0,1,0
4855000,3293,0,1,0
4855250,3294,0,1,0
4855500,3289,0,1,0
4855750,3291,0,1,0
4856000,3292,1,1,0
4856250,3292,1,1,0
4856500,3286,0,1,0
4856750,3285,0,1,0
4857000,3291,0,1,0
4857250,3286,0,1,0
4857500,3287,0,1,0
4857750,3289,0,1,0
4858000,3285,0,1,0
4858250,3320,0,1,0
4858500,3322,0,1,0
4858750,3319,0,1,0
4859000,3313,0,1,0
4859250,3289,0,1,0
4859500,3294,0,1,0
4859750,3291,0,1,0
4860000,3294,0,1,0
4860250,3296,0,1,0
4860500,3296,0,1,0
4860750,3294,0,1,0
4861000,3294,0,1,0
4861250,3301,0,1,0
4861500,3296,0,1,0
4861750,3303,0,1,0
4862000,3303,1,1,0
4862250,3297,1,1,0
4862500,3304,0,1,0
4862750,3298,0,1,0
4863000,3303,0,1,0
4863250,3305,0,1,0
4863500,3302,0,1,0
4863750,3301,0,1,0
4864000,3304,0,1,0
4864250,3305,0,1,0
4864500,3300,0,1,0
4864750,3300,0,1,0
4865000,3303,0,1,0
4865250,3300,0,1,0
4865500,3302,0,1,0
4865750,3299,0,1,0
4866000,3302,0,1,0
4866250,3301,0,1,0
4866500,3301,0,1,0
4866750,3301,0,1,0
4867000,3300,0,1,0
4867250,3299,0,1,0
4867500,3298,0,1,0
4867750,3300,0,1,0
4868000,3303,1,1,0
4868250,3298,1,1,0
4868500,3301,0,1,0
4868750,3298,0,1,0
4869000,3302,0,1,0
4869250,3304,0,1,0
4869500,3299,0,1,0
4869750,3306,0,1,0
4870000,3306,0,1,0
4870250,3333,0,1,0
4870500,3338,0,1,0
4870750,3333,0,1,0
4871000,3332,0,1,0
4871250,3305,0,1,0
4871500,3307,0,1,0
4871750,3312,0,1,0
4872000,3309,0,1,0
4872250,3313,0,1,0
4872500,3311,0,1,0
4872750,3312,0,1,0
4873000,3309,0,1,0
4873250,3314,0,1,0
4873500,3312,0,1,0
4873750,3311,0,1,0
4874000,3313,1,1,0
4874250,3309,1,1,0
4874500,3314,0,1,0
4874750,3308,0,1,0
4875000,3312,0,1,0
4875250,3309,0,1,0
4875500,3311,0,1,0
4875750,3307,0,1,0
4876000,3308,0,1,0
4876250,3303,0,1,0
4876500,3302,0,1,0
4876750,3302,0,1,0
4877000,3302,0,1,0
4877250,3303,0,1,0
4877500,3303,0,1,0
4877750,3297,0,1,0
4878000,3300,0,1,0
4878250,3296,0,1,0
4878500,3300,0,1,0
4878750,3298,0,1,0
4879000,3300,0,1,0
4879250,3293,0,1,0
4879500,3296,0,1,0
4879750,3298,0,1,0
4880000,3296,1,1,0
4880250,3298,1,1,0
4880500,3298,0,1,0
4880750,3295,0,1,0
4881000,3295,0,1,0
4881250,3294,0,1,0
4881500,3294,0,1,0
4881750,3296,0,1,0
4882000,3297,0,1,0
4882250,3294,0,1,0
4882500,3294,0,1,0
4882750,3300,0,1,0
4883000,3301,0,1,0
4883250,3298,0,1,0
4883500,3299,0,1,0
4883750,3296,0,1,0
4884000,3297,0,1,0
4884250,3300,0,1,0
4884500,3296,0,1,0
4884750,3301,0,1,0
4885000,3300,0,1,0
4885250,3301,0,1,0
4885500,3299,0,1,0
4885750,3296,0,1,0
4886000,3298,1,1,0
4886250,3297,1,1,0
4886500,3296,0,1,0
4886750,3297,0,1,0
4887000,3297,0,1,0
4887250,3296,0,1,0
4887500,3295,0,1,0
4887750,3291,0,1,0
4888000,3293,0,1,0
4888250,3288,0,1,0
4888500,3289,0,1,0
4888750,3291,0,1,0
4889000,3287,0,1,0
4889250,3291,0,1,0
4889500,3288,0,1,0
4889750,3292,0,1,0
4890000,3286,0,1,0
4890250,3290,0,1,0
4890500,3292,0,1,0
4890750,3287,0,1,0
4891000,3289,0,1,0
4891250,3289,0,1,0
4891500,3294,0,1,0
4891750,3292,0,1,0
4892000,3297,1,1,0
4892250,3297,1,1,0
4892500,3293,0,1,0
4892750,3294,0,1,0
4893000,3297,0,1,0
4893250,3296,0,1,0
4893500,3303,0,1,0
4893750,3300,0,1,0
4894000,3298,0,1,0
4894250,3301,0,1,0
4894500,3300,0,1,0
4894750,3301,0,1,0
4895000,3302,0,1,0
4895250,3305,0,1,0
4895500,3305,0,1,0
4895750,3307,0,1,0
4896000,3305,0,1,0
4896250,3309,0,1,0
4896500,3307,0,1,0
4896750,3305,0,1,0
4897000,3309,0,1,0
4897250,3305,0,1,0
4897500,3310,0,1,0
4897750,3308,0,1,0
4898000,3305,1,1,0
4898250,3306,1,1,0
4898500,3306,0,1,0
4898750,3304,0,1,0
4899000,3303,0,1,0
4899250,3306,0,1,0
4899500,3303,0,1,0
4899750,3306,0,1,0
4900000,3306,0,1,0
4900250,3300,0,1,0
4900500,3306,0,1,0
4900750,3303,0,1,0
4901000,3300,0,1,0
4901250,3299,0,1,0
4901500,3303,0,1,0
4901750,3306,0,1,0
4902000,3302,0,1,0
4902250,3303,0,1,0
4902500,3301,0,1,0
4902750,3301,0,1,0
4903000,3307,0,1,0
4903250,3305,0,1,0
4903500,3309,0,1,0
4903750,3308,0,1,0
4904000,3305,1,1,0
4904250,3304,1,1,0
4904500,3309,0,1,0
4904750,3310,0,1,0
4905000,3307,0,1,0
4905250,3308,0,1,0
4905500,3306,0,1,0
4905750,3311,0,1,0
4906000,3306,0,1,0
4906250,3281,0,1,0
4906500,3274,0,1,0
4906750,3281,0,1,0
4907000,3284,0,1,0
4907250,3310,0,1,0
4907500,3306,0,1,0
4907750,3309,0,1,0
4908000,3308,0,1,0
4908250,3307,0,1,0
4908500,3307,0,1,0
4908750,3304,0,1,0
4909000,3305,0,1,0
4909250,3303,0,1,0
4909500,3299,0,1,0
4909750,3302,0,1,0
4910000,3300,1,1,0
4910250,3298,1,1,0
4910500,3293,0,1,0
4910750,3298,0,1,0
4911000,3293,0,1,0
4911250,3293,0,1,0
4911500,3295,0,1,0
4911750,3289,0,1,0
4912000,3291,0,1,0
4912250,3289,0,1,0
4912500,3294,0,1,0
4912750,3290,0,1,0
4913000,3289,0,1,0
4913250,3288,0,1,0
4913500,3291,0,1,0
4913750,3292,0,1,0
4914000,3290,0,1,0
4914250,3292,0,1,0
4914500,3289,0,1,0
4914750,3296,0,1,0
4915000,3293,0,1,0
4915250,3297,0,1,0
4915500,3294,0,1,0
4915750,3294,0,1,0
4916000,3296,1,1,0
4916250,3297,1,1,0
4916500,3296,0,1,0
4916750,3297,0,1,0
4917000,3295,0,1,0
4917250,3299,0,1,0
4917500,3299,0,1,0
4917750,3298,0,1,0
4918000,3296,0,1,0
4918250,3270,0,1,0
4918500,3266,0,1,0
4918750,3267,0,1,0
4919000,3270,0,1,0
4919250,3296,0,1,0
4919500,3297,0,1,0
4919750,3299,0,1,0
4920000,3297,0,1,0
4920250,3294,0,1,0
4920500,3298,0,1,0
4920750,3296,0,1,0
4921000,3292,0,1,0
4921250,3293,0,1,0
4921500,3290,0,1,0
4921750,3293,0,1,0
4922000,3290,1,1,0
4922250,3295,1,1,0
4922500,3296,0,1,0
4922750,3293,0,1,0
4923000,3290,0,1,0
4923250,3292,0,1,0
4923500,3297,0,1,0
4923750,3296,0,1,0
4924000,3293,0,1,0
4924250,3294,0,1,0
4924500,3300,0,1,0
4924750,3297,0,1,0
4925000,3302,0,1,0
4925250,3299,0,1,0
4925500,3301,0,1,0
4925750,3302,0,1,0
4926000,3302,0,1,0
4926250,3301,0,1,0
4926500,3306,0,1,0
4926750,3302,0,1,0
4927000,3308,0,1,0
4927250,3306,0,1,0
4927500,3308,0,1,0
4927750,3311,0,1,0
4928000,3310,1,1,0
4928250,3312,1,1,0
4928500,3313,0,1,0
4928750,3308,0,1,0
4929000,3314,0,1,0
4929250,3309,0,1,0
4929500,3310,0,1,0
4929750,3312,0,1,0
4930000,3311,0,1,0
4930250,3313,0,1,0
4930500,3310,0,1,0
4930750,3306,0,1,0
4931000,3308,0,1,0
4931250,3311,0,1,0
4931500,3311,0,1,0
4931750,3307,0,1,0
4932000,3309,0,1,0
4932250,3305,0,1,0
4932500,3302,0,1,0
4932750,3306,0,1,0
4933000,3307,0,1,0
4933250,3303,0,1,0
4933500,3305,0,1,0
4933750,3299,0,1,0
4934000,3305,1,1,0
4934250,3304,1,1,0
4934500,3301,0,1,0
4934750,3304,0,1,0
4935000,3300,0,1,0
4935250,3303,0,1,0
4935500,3305,0,1,0
4935750,3304,0,1,0
4936000,3303,0,1,0
4936250,3300,0,1,0
4936500,3301,0,1,0
4936750,3303,0,1,0
4937000,3305,0,1,0
4937250,3306,0,1,0
4937500,3303,0,1,0
4937750,3302,0,1,0
4938000,3306,0,1,0
4938250,3305,0,1,0
4938500,3303,0,1,0
4938750,3302,0,1,0
4939000,3308,0,1,0
4939250,3306,0,1,0
4939500,3305,0,1,0
4939750,3303,0,1,0
4940000,3301,1,1,0
4940250,3301,1,1,0
4940500,3305,0,1,0
4940750,3303,0,1,0
4941000,3302,0,1,0
4941250,3299,0,1,0
4941500,3303,0,1,0
4941750,3296,0,1,0
4942000,3296,0,1,0
4942250,3300,0,1,0
4942500,3294,0,1,0
4942750,3294,0,1,0
4943000,3292,0,1,0
4943250,3295,0,1,0
4943500,3291,0,1,0
4943750,3291,0,1,0
4944000,3290,0,1,0
4944250,3287,0,1,0
4944500,3291,0,1,0
4944750,3288,0,1,0
4945000,3290,0,1,0
4945250,3285,0,1,0
4945500,3288,0,1,0
4945750,3286,0,1,0
4946000,3285,1,1,0
4946250,3290,1,1,0
4946500,3290,0,1,0
4946750,3289,0,1,0
4947000,3288,0,1,0
4947250,3290,0,1,0
4947500,3291,0,1,0
4947750,3290,0,1,0
4948000,3295,0,1,0
4948250,3291,0,1,0
4948500,3291,0,1,0
4948750,3293,0,1,0
4949000,3299,0,1,0
4949250,3296,0,1,0
4949500,3295,0,1,0
4949750,3300,0,1,0
4950000,3302,0,1,0
4950250,3297,0,1,0
4950500,3300,0,1,0
4950750,3300,0,1,0
4951000,3299,0,1,0
4951250,3302,0,1,0
4951500,3298,0,1,0
4951750,3297,0,1,0
4952000,3303,1,1,0
4952250,3297,1,1,0
4952500,3298,0,1,0
4952750,3302,0,1,0
4953000,3303,0,1,0
4953250,3301,0,1,0
4953500,3299,0,1,0
4953750,3298,0,1,0
4954000,3299,0,1,0
4954250,3296,0,1,0
4954500,3299,0,1,0
4954750,3279,0,1,0
4955000,3279,0,1,0
4955250,3277,0,1,0
4955500,3295,0,1,0
4955750,3301,0,1,0
4956000,3299,0,1,0
4956250,3301,0,1,0
4956500,3298,0,1,0
4956750,3298,0,1,0
4957000,3298,0,1,0
4957250,3303,0,1,0
4957500,3301,0,1,0
4957750,3301,0,1,0
4958000,3305,1,1,0
4958250,3301,1,1,0
4958500,3302,0,1,0
4958750,3307,0,1,0
4959000,3303,0,1,0
4959250,3305,0,1,0
4959500,3308,0,1,0
4959750,3308,0,1,0
4960000,3308,0,1,0
4960250,3312,0,1,0
4960500,3309,0,1,0
4960750,3312,0,1,0
4961000,3313,0,1,0
4961250,3315,0,1,0
4961500,3314,0,1,0
4961750,3314,0,1,0
4962000,3313,0,1,0
4962250,3311,0,1,0
4962500,3314,0,1,0
4962750,3310,0,1,0
4963000,3311,0,1,0
4963250,3307,0,1,0
4963500,3313,0,1,0
4963750,3310,0,1,0
4964000,3311,1,1,0
4964250,3308,1,1,0
4964500,3307,0,1,0
4964750,3306,0,1,0
4965000,3305,0,1,0
4965250,3300,0,1,0
4965500,3302,0,1,0
4965750,3299,0,1,0
4966000,3326,0,1,0
4966250,3293,0,1,0
4966500,3293,0,1,0
4966750,3269,0,1,0
4967000,3275,0,1,0
4967250,3298,0,1,0
4967500,3299,0,1,0
4967750,3296,0,1,0
4968000,3297,0,1,0
4968250,3300,0,1,0
4968500,3298,0,1,0
4968750,3295,0,1,0
4969000,3298,0,1,0
4969250,3298,0,1,0
4969500,3298,0,1,0
4969750,3299,0,1,0
4970000,3299,1,1,0
4970250,3296,1,1,0
4970500,3302,0,1,0
4970750,3302,0,1,0
4971000,3301,0,1,0
4971250,3301,0,1,0
4971500,3299,0,1,0
4971750,3300,0,1,0
4972000,3297,0,1,0
4972250,3298,0,1,0
4972500,3297,0,1,0
4972750,3302,0,1,0
4973000,3301,0,1,0
4973250,3300,0,1,0
4973500,3297,0,1,0
4973750,3297,0,1,0
4974000,3298,0,1,0
4974250,3300,0,1,0
4974500,3293,0,1,0
4974750,3296,0,1,0
4975000,3296,0,1,0
4975250,3297,0,1,0
4975500,3290,0,1,0
4975750,3292,0,1,0
4976000,3294,1,1,0
4976250,3289,1,1,0
4976500,3288,0,1,0
4976750,3287,0,1,0
4977000,3287,0,1,0
4977250,3286,0,1,0
4977500,3291,0,1,0
4977750,3286,0,1,0
4978000,3285,0,1,0
4978250,3258,0,1,0
4978500,3251,0,1,0
4978750,3259,0,1,0
4979000,3267,0,1,0
4979250,3292,0,1,0
4979500,3287,0,1,0
4979750,3288,0,1,0
4980000,3294,0,1,0
4980250,3293,0,1,0
4980500,3294,0,1,0
4980750,3292,0,1,0
4981000,3297,0,1,0
4981250,3298,0,1,0
4981500,3300,0,1,0
4981750,3297,0,1,0
4982000,3299,1,1,0
4982250,3299,1,1,0
4982500,3301,0,1,0
4982750,3302,0,1,0
4983000,3302,0,1,0
4983250,3305,0,1,0
4983500,3301,0,1,0
4983750,3307,0,1,0
4984000,3306,0,1,0
4984250,3301,0,1,0
4984500,3305,0,1,0
4984750,3302,0,1,0
4985000,3303,0,1,0
4985250,3302,0,1,0
4985500,3306,0,1,0
4985750,3305,0,1,0
4986000,3301,0,1,0
4986250,3303,0,1,0
4986500,3300,0,1,0
4986750,3300,0,1,0
4987000,3306,0,1,0
4987250,3302,0,1,0
4987500,3299,0,1,0
4987750,3304,0,1,0
4988000,3299,1,1,0
4988250,3301,1,1,0
4988500,3299,0,1,0
4988750,3299,0,1,0
4989000,3299,0,1,0
4989250,3305,0,1,0
4989500,3302,0,1,0
4989750,3302,0,1,0
4990000,3301,0,1,0
4990250,3272,0,1,0
4990500,3272,0,1,0
4990750,3272,0,1,0
4991000,3283,0,1,0
4991250,3304,0,1,0
4991500,3303,0,1,0
4991750,3305,0,1,0
4992000,3305,0,1,0
4992250,3305,0,1,0
4992500,3310,0,1,0
4992750,3307,0,1,0
4993000,3313,0,1,0
4993250,3311,0,1,0
4993500,3313,0,1,0
4993750,3308,0,1,0
4994000,3309,1,1,0
4994250,3313,1,1,0
4994500,3312,0,1,0
4994750,3308,0,1,0
4995000,3311,0,1,0
4995250,3311,0,1,0
4995500,3307,0,1,0
4995750,3308,0,1,0
4996000,3306,0,1,0
4996250,3304,0,1,0
4996500,3306,0,1,0
4996750,3303,0,1,0
4997000,3306,0,1,0
4997250,3305,0,1,0
4997500,3301,0,1,0
4997750,3300,0,1,0
4998000,3301,0,1,0
4998250,3298,0,1,0
4998500,3296,0,1,0
4998750,3295,0,1,0
4999000,3294,0,1,0
4999250,3297,0,1,0
4999500,3295,0,1,0
4999750,3296,0,1,0
5000000,3296,1,1,0
5000250,3294,1,1,0
5000500,3290,0,1,0
5000750,3294,0,1,0
5001000,3292,0,1,0
5001250,3294,0,1,0
5001500,3291,0,1,0
5001750,3294,0,1,0
5002000,3294,0,1,0
5002250,3325,0,1,0
5002500,3331,0,1,0
5002750,3324,0,1,0
5003000,3320,0,1,0
5003250,3292,0,1,0
5003500,3295,0,1,0
5003750,3296,0,1,0
5004000,3299,0,1,0
5004250,3296,0,1,0
5004500,3297,0,1,0
5004750,3295,0,1,0
5005000,3297,0,1,0
5005250,3298,0,1,0
5005500,3297,0,1,0
5005750,3297,0,1,0
5006000,3299,1,1,0
5006250,3300,1,1,0
5006500,3296,0,1,0
5006750,3297,0,1,0
5007000,3294,0,1,0
5007250,3295,0,1,0
5007500,3292,0,1,0
5007750,3294,0,1,0
5008000,3296,0,1,0
5008250,3325,0,1,0
5008500,3324,0,1,0
5008750,3322,0,1,0
5009000,3319,0,1,0
5009250,3291,0,1,0
5009500,3293,0,1,0
5009750,3289,0,1,0
5010000,3291,0,1,0
5010250,3293,0,1,0
5010500,3289,0,1,0
5010750,3293,0,1,0
5011000,3290,0,1,0
5011250,3294,0,1,0
5011500,3294,0,1,0
5011750,3290,0,1,0
5012000,3291,1,1,0
5012250,3293,1,1,0
5012500,3297,0,1,0
5012750,3292,0,1,0
5013000,3299,0,1,0
5013250,3294,0,1,0
5013500,3297,0,1,0
5013750,3300,0,1,0
5014000,3298,0,1,0
5014250,3300,0,1,0
5014500,3301,0,1,0
5014750,3303,0,1,0
5015000,3302,0,1,0
5015250,3308,0,1,0
5015500,3304,0,1,0
5015750,3309,0,1,0
5016000,3305,0,1,0
5016250,3308,0,1,0
5016500,3312,0,1,0
5016750,3306,0,1,0
5017000,3312,0,1,0
5017250,3306,0,1,0
5017500,3311,0,1,0
5017750,3307,0,1,0
5018000,3308,1,1,0
5018250,3309,1,1,0
5018500,3310,0,1,0
5018750,3305,0,1,0
5019000,3311,0,1,0
5019250,3308,0,1,0
5019500,3305,0,1,0
5019750,3305,0,1,0
5020000,3306,0,1,0
5020250,3274,0,1,0
5020500,3271,0,1,0
5020750,3275,0,1,0
5021000,3279,0,1,0
5021250,3306,0,1,0
5021500,3302,0,1,0
5021750,3300,0,1,0
5022000,3304,0,1,0
5022250,3305,0,1,0
5022500,3303,0,1,0
5022750,3301,0,1,0
5023000,3301,0,1,0
5023250,3303,0,1,0
5023500,3304,0,1,0
5023750,3302,0,1,0
5024000,3305,1,1,0
5024250,3301,1,1,0
5024500,3303,0,1,0
5024750,3304,0,1,0
5025000,3304,0,1,0
5025250,3303,0,1,0
5025500,3306,0,1,0
5025750,3307,0,1,0
5026000,3309,0,1,0
5026250,3307,0,1,0
5026500,3310,0,1,0
5026750,3307,0,1,0
5027000,3307,0,1,0
5027250,3308,0,1,0
5027500,3308,0,1,0
5027750,3308,0,1,0
5028000,3303,0,1,0
5028250,3303,0,1,0
5028500,3307,0,1,0
5028750,3301,0,1,0
5029000,3305,0,1,0
5029250,3304,0,1,0
5029500,3302,0,1,0
5029750,3299,0,1,0
5030000,3303,1,1,0
5030250,3296,1,1,0
5030500,3301,0,1,0
5030750,3294,0,1,0
5031000,3293,0,1,0
5031250,3294,0,1,0
5031500,3292,0,1,0
5031750,3296,0,1,0
5032000,3295,0,1,0
5032250,3259,0,1,0
5032500,3256,0,1,0
5032750,3258,0,1,0
5033000,3265,0,1,0
5033250,3291,0,1,0
5033500,3289,0,1,0
5033750,3286,0,1,0
5034000,3290,0,1,0
5034250,3286,0,1,0
5034500,3289,0,1,0
5034750,3291,0,1,0
5035000,3289,0,1,0
5035250,3291,0,1,0
5035500,3289,0,1,0
5035750,3290,0,1,0
5036000,3292,1,1,0
5036250,3290,1,1,0
5036500,3293,0,1,0
5036750,3294,0,1,0
5037000,3295,0,1,0
5037250,3296,0,1,0
5037500,3295,0,1,0
5037750,3300,0,1,0
5038000,3299,0,1,0
5038250,3329,0,1,0
5038500,3334,0,1,0
5038750,3324,0,1,0
5039000,3326,0,1,0
5039250,3297,0,1,0
5039500,3299,0,1,0
5039750,3299,0,1,0
5040000,3297,0,1,0
5040250,3296,0,1,0
5040500,3295,0,1,0
5040750,3299,0,1,0
5041000,3294,0,1,0
5041250,3300,0,1,0
5041500,3299,0,1,0
5041750,3294,0,1,0
5042000,3294,1,1,0
5042250,3298,1,1,0
5042500,3299,0,1,0
5042750,3295,0,1,0
5043000,3293,0,1,0
5043250,3293,0,1,0
5043500,3298,0,1,0
5043750,3293,0,1,0
5044000,3296,0,1,0
5044250,3293,0,1,0
5044500,3295,0,1,0
5044750,3294,0,1,0
5045000,3299,0,1,0
5045250,3298,0,1,0
5045500,3298,0,1,0
5045750,3299,0,1,0
5046000,3301,0,1,0
5046250,3304,0,1,0
5046500,3302,0,1,0
5046750,3303,0,1,0
5047000,3308,0,1,0
5047250,3304,0,1,0
5047500,3308,0,1,0
5047750,3307,0,1,0
5048000,3310,1,1,0
5048250,3311,1,1,0
5048500,3311,0,1,0
5048750,3311,0,1,0
5049000,3309,0,1,0
5049250,3313,0,1,0
5049500,3315,0,1,0
5049750,3314,0,1,0
5050000,3309,0,1,0
5050250,3309,0,1,0
5050500,3314,0,1,0
5050750,3312,0,1,0
5051000,3309,0,1,0
5051250,3313,0,1,0
5051500,3311,0,1,0
5051750,3312,0,1,0
5052000,3306,0,1,0
5052250,3307,0,1,0
5052500,3304,0,1,0
5052750,3304,0,1,0
5053000,3308,0,1,0
5053250,3302,0,1,0
5053500,3301,0,1,0
5053750,3300,0,1,0
5054000,3299,1,1,0
5054250,3302,1,1,0
5054500,3304,0,1,0
5054750,3301,0,1,0
5055000,3300,0,1,0
5055250,3301,0,1,0
5055500,3297,0,1,0
5055750,3302,0,1,0
5056000,3302,0,1,0
5056250,3301,0,1,0
5056500,3300,0,1,0
5056750,3300,0,1,0
5057000,3302,0,1,0
5057250,3302,0,1,0
5057500,3297,0,1,0
5057750,3304,0,1,0
5058000,3301,0,1,0
5058250,3299,0,1,0
5058500,3298,0,1,0
5058750,3304,0,1,0
5059000,3304,0,1,0
5059250,3303,0,1,0
5059500,3301,0,1,0
5059750,3301,0,1,0
5060000,3299,1,1,0
5060250,3303,1,1,0
5060500,3301,0,1,0
5060750,3299,0,1,0
5061000,3304,0,1,0
5061250,3299,0,1,0
5061500,3303,0,1,0
5061750,3299,0,1,0
5062000,3296,0,1,0
5062250,3297,0,1,0
5062500,3296,0,1,0
5062750,3297,0,1,0
5063000,3299,0,1,0
5063250,3298,0,1,0
5063500,3295,0,1,0
5063750,3290,0,1,0
5064000,3291,0,1,0
5064250,3290,0,1,0
5064500,3291,0,1,0
5064750,3293,0,1,0
5065000,3289,0,1,0
5065250,3289,0,1,0
5065500,3285,0,1,0
5065750,3286,0,1,0
5066000,3287,1,1,0
5066250,3286,1,1,0
5066500,3291,0,1,0
5066750,3289,0,1,0
5067000,3289,0,1,0
5067250,3286,0,1,0
5067500,3286,0,1,0
5067750,3291,0,1,0
5068000,3292,0,1,0
5068250,3319,0,1,0
5068500,3326,0,1,0
5068750,3322,0,1,0
5069000,3319,0,1,0
5069250,3292,0,1,0
5069500,3297,0,1,0
5069750,3300,0,1,0
5070000,3297,0,1,0
5070250,3300,0,1,0
5070500,3301,0,1,0
5070750,3303,0,1,0
5071000,3303,0,1,0
5071250,3298,0,1,0
5071500,3303,0,1,0
5071750,3299,0,1,0
5072000,3303,1,1,0
5072250,3302,1,1,0
5072500,3305,0,1,0
5072750,3299,0,1,0
5073000,3305,0,1,0
5073250,3299,0,1,0
5073500,3300,0,1,0
5073750,3303,0,1,0
5074000,3300,0,1,0
5074250,3298,0,1,0
5074500,3298,0,1,0
5074750,3297,0,1,0
5075000,3302,0,1,0
5075250,3299,0,1,0
5075500,3303,0,1,0
5075750,3299,0,1,0
5076000,3297,0,1,0
5076250,3302,0,1,0
5076500,3303,0,1,0
5076750,3297,0,1,0
5077000,3297,0,1,0
5077250,3297,0,1,0
5077500,3300,0,1,0
5077750,3302,0,1,0
5078000,3304,1,1,0
5078250,3303,1,1,0
5078500,3301,0,1,0
5078750,3302,0,1,0
5079000,3302,0,1,0
5079250,3303,0,1,0
5079500,3309,0,1,0
5079750,3304,0,1,0
5080000,3306,0,1,0
5080250,3305,0,1,0
5080500,3306,0,1,0
5080750,3311,0,1,0
5081000,3313,0,1,0
5081250,3313,0,1,0
5081500,3313,0,1,0
5081750,3313,0,1,0
5082000,3312,0,1,0
5082250,3312,0,1,0
5082500,3315,0,1,0
5082750,3315,0,1,0
5083000,3309,0,1,0
5083250,3310,0,1,0
5083500,3314,0,1,0
5083750,3309,0,1,0
5084000,3312,1,1,0
5084250,3307,1,1,0
5084500,3306,0,1,0
5084750,3308,0,1,0
5085000,3304,0,1,0
5085250,3304,0,1,0
5085500,3304,0,1,0
5085750,3301,0,1,0
5086000,3300,0,1,0
5086250,3302,0,1,0
5086500,3302,0,1,0
5086750,3298,0,1,0
5087000,3300,0,1,0
5087250,3299,0,1,0
5087500,3300,0,1,0
5087750,3297,0,1,0
5088000,3299,0,1,0
5088250,3294,0,1,0
5088500,3295,0,1,0
5088750,3295,0,1,0
5089000,3295,0,1,0
5089250,3294,0,1,0
5089500,3292,0,1,0
5089750,3297,0,1,0
5090000,3299,1,1,0
5090250,3298,1,1,0
5090500,3293,0,1,0
5090750,3294,0,1,0
5091000,3296,0,1,0
5091250,3296,0,1,0
5091500,3299,0,1,0
5091750,3301,0,1,0
5092000,3297,0,1,0
5092250,3301,0,1,0
5092500,3298,0,1,0
5092750,3301,0,1,0
5093000,3301,0,1,0
5093250,3298,0,1,0
5093500,3300,0,1,0
5093750,3299,0,1,0
5094000,3299,0,1,0
5094250,3295,0,1,0
5094500,3297,0,1,0
5094750,3295,0,1,0
5095000,3299,0,1,0
5095250,3293,0,1,0
5095500,3296,0,1,0
5095750,3295,0,1,0
5096000,3294,1,1,0
5096250,3294,1,1,0
5096500,3292,0,1,0
5096750,3293,0,1,0
5097000,3291,0,1,0
5097250,3293,0,1,0
5097500,3287,0,1,0
5097750,3290,0,1,0
5098000,3286,0,1,0
5098250,3257,0,1,0
5098500,3255,0,1,0
5098750,3261,0,1,0
5099000,3265,0,1,0
5099250,3291,0,1,0
5099500,3291,0,1,0
5099750,3290,0,1,0
5100000,3293,0,1,0
5100250,3288,0,1,0
5100500,3295,0,1,0
5100750,3292,0,1,0
5101000,3292,0,1,0
5101250,3294,0,1,0
5101500,3299,0,1,0
5101750,3295,0,1,0
5102000,3300,1,1,0
5102250,3301,1,1,0
5102500,3298,0,1,0
5102750,3298,0,1,0
5103000,3301,0,1,0
5103250,3300,0,1,0
5103500,3300,0,1,0
5103750,3302,0,1,0
5104000,3302,0,1,0
5104250,3336,0,1,0
5104500,3342,0,1,0
5104750,3333,0,1,0
5105000,3333,0,1,0
5105250,3308,0,1,0
5105500,3310,0,1,0
5105750,3310,0,1,0
5106000,3309,0,1,0
5106250,3310,0,1,0
5106500,3304,0,1,0
5106750,3306,0,1,0
5107000,3304,0,1,0
5107250,3305,0,1,0
5107500,3307,0,1,0
5107750,3305,0,1,0
5108000,3303,1,1,0
5108250,3302,1,1,0
5108500,3303,0,1,0
5108750,3306,0,1,0
5109000,3306,0,1,0
5109250,3300,0,1,0
5109500,3305,0,1,0
5109750,3302,0,1,0
5110000,3301,0,1,0
5110250,3334,0,1,0
5110500,3334,0,1,0
5110750,3333,0,1,0
5111000,3329,0,1,0
5111250,3300,0,1,0
5111500,3305,0,1,0
5111750,3305,0,1,0
5112000,3304,0,1,0
5112250,3304,0,1,0
5112500,3308,0,1,0
5112750,3308,0,1,0
5113000,3306,0,1,0
5113250,3309,0,1,0
5113500,3305,0,1,0
5113750,3305,0,1,0
5114000,3310,1,1,0
5114250,3307,1,1,0
5114500,3307,0,1,0
5114750,3308,0,1,0
5115000,3309,0,1,0
5115250,3310,0,1,0
5115500,3312,0,1,0
5115750,3311,0,1,0
5116000,3309,0,1,0
5116250,3306,0,1,0
5116500,3309,0,1,0
5116750,3306,0,1,0
5117000,3303,0,1,0
5117250,3304,0,1,0
5117500,3307,0,1,0
5117750,3302,0,1,0
5118000,3302,0,1,0
5118250,3302,0,1,0
5118500,3300,0,1,0
5118750,3298,0,1,0
5119000,3297,0,1,0
5119250,3294,0,1,0
5119500,3296,0,1,0
5119750,3294,0,1,0
5120000,3294,1,1,0
5120250,3293,1,1,0
5120500,3293,0,1,0
5120750,3295,0,1,0
5121000,3294,0,1,0
5121250,3289,0,1,0
5121500,3289,0,1,0
5121750,3289,0,1,0
5122000,3293,0,1,0
5122250,3293,0,1,0
5122500,3289,0,1,0
5122750,3291,0,1,0
5123000,3293,0,1,0
5123250,3295,0,1,0
5123500,3291,0,1,0
5123750,3292,0,1,0
5124000,3291,0,1,0
5124250,3295,0,1,0
5124500,3297,0,1,0
5124750,3297,0,1,0
5125000,3293,0,1,0
5125250,3293,0,1,0
5125500,3294,0,1,0
5125750,3295,0,1,0
5126000,3296,1,1,0
5126250,3295,1,1,0
5126500,3296,0,1,0
5126750,3299,0,1,0
5127000,3300,0,1,0
5127250,3295,0,1,0
5127500,3297,0,1,0
5127750,3297,0,1,0
5128000,3294,0,1,0
5128250,3326,0,1,0
5128500,3327,0,1,0
5128750,3327,0,1,0
5129000,3319,0,1,0
5129250,3296,0,1,0
5129500,3295,0,1,0
5129750,3293,0,1,0
5130000,3294,0,1,0
5130250,3290,0,1,0
5130500,3295,0,1,0
5130750,3291,0,1,0
5131000,3291,0,1,0
5131250,3293,0,1,0
5131500,3293,0,1,0
5131750,3293,0,1,0
5132000,3291,1,1,0
5132250,3294,1,1,0
5132500,3296,0,1,0
5132750,3297,0,1,0
5133000,3294,0,1,0
5133250,3296,0,1,0
5133500,3296,0,1,0
5133750,3300,0,1,0
5134000,3297,0,1,0
5134250,3329,0,1,0
5134500,3335,0,1,0
5134750,3331,0,1,0
5135000,3324,0,1,0
5135250,3306,0,1,0
5135500,3308,0,1,0
5135750,3303,0,1,0
5136000,3310,0,1,0
5136250,3307,0,1,0
5136500,3309,0,1,0
5136750,3310,0,1,0
5137000,3313,0,1,0
5137250,3309,0,1,0
5137500,3311,0,1,0
5137750,3314,0,1,0
5138000,3310,1,1,0
5138250,3311,1,1,0
5138500,3314,0,1,0
5138750,3308,0,1,0
5139000,3313,0,1,0
5139250,3313,0,1,0
5139500,3311,0,1,0
5139750,3306,0,1,0
5140000,3308,0,1,0
5140250,3305,0,1,0
5140500,3308,0,1,0
5140750,3309,0,1,0
5141000,3303,0,1,0
5141250,3306,0,1,0
5141500,3304,0,1,0
5141750,3303,0,1,0
5142000,3306,0,1,0
5142250,3302,0,1,0
5142500,3303,0,1,0
5142750,3305,0,1,0
5143000,3299,0,1,0
5143250,3300,0,1,0
5143500,3298,0,1,0
5143750,3299,0,1,0
5144000,3300,1,1,0
5144250,3298,1,1,0
5144500,3300,0,1,0
5144750,3300,0,1,0
5145000,3301,0,1,0
5145250,3300,0,1,0
5145500,3301,0,1,0
5145750,3302,0,1,0
5146000,3304,0,1,0
5146250,3305,0,1,0
5146500,3301,0,1,0
5146750,3301,0,1,0
5147000,3303,0,1,0
5147250,3306,0,1,0
5147500,3307,0,1,0
5147750,3305,0,1,0
5148000,3302,0,1,0
5148250,3304,0,1,0
5148500,3307,0,1,0
5148750,3306,0,1,0
5149000,3301,0,1,0
5149250,3303,0,1,0
5149500,3299,0,1,0
5149750,3299,0,1,0
5150000,3302,1,1,0
5150250,3303,1,1,0
5150500,3296,0,1,0
5150750,3295,0,1,0
5151000,3294,0,1,0
5151250,3295,0,1,0
5151500,3295,0,1,0
5151750,3295,0,1,0
5152000,3296,0,1,0
5152250,3294,0,1,0
5152500,3293,0,1,0
5152750,3294,0,1,0
5153000,3288,0,1,0
5153250,3292,0,1,0
5153500,3292,0,1,0
5153750,3291,0,1,0
5154000,3291,0,1,0
5154250,3286,0,1,0
5154500,3288,0,1,0
5154750,3288,0,1,0
5155000,3285,0,1,0
5155250,3289,0,1,0
5155500,3291,0,1,0
5155750,3289,0,1,0
5156000,3287,1,1,0
5156250,3294,1,1,0
5156500,3294,0,1,0
5156750,3294,0,1,0
5157000,3293,0,1,0
5157250,3293,0,1,0
5157500,3293,0,1,0
5157750,3292,0,1,0
5158000,3295,0,1,0
5158250,3296,0,1,0
5158500,3299,0,1,0
5158750,3297,0,1,0
5159000,3298,0,1,0
5159250,3301,0,1,0
5159500,3302,0,1,0
5159750,3297,0,1,0
5160000,3298,0,1,0
5160250,3301,0,1,0
5160500,3300,0,1,0
5160750,3298,0,1,0
5161000,3298,0,1,0
5161250,3299,0,1,0
5161500,3300,0,1,0
5161750,3302,0,1,0
5162000,3297,1,1,0
5162250,3300,1,1,0
5162500,3300,0,1,0
5162750,3302,0,1,0
5163000,3298,0,1,0
5163250,3301,0,1,0
5163500,3296,0,1,0
5163750,3298,0,1,0
5164000,3295,0,1,0
5164250,3324,0,1,0
5164500,3332,0,1,0
5164750,3330,0,1,0
5165000,3319,0,1,0
5165250,3297,0,1,0
5165500,3300,0,1,0
5165750,3303,0,1,0
5166000,3303,0,1,0
5166250,3299,0,1,0
5166500,3303,0,1,0
5166750,3303,0,1,0
5167000,3306,0,1,0
5167250,3307,0,1,0
5167500,3302,0,1,0
5167750,3304,0,1,0
5168000,3305,1,1,0
5168250,3305,1,1,0
5168500,3309,0,1,0
5168750,3309,0,1,0
5169000,3312,0,1,0
5169250,3313,0,1,0
5169500,3310,0,1,0
5169750,3314,0,1,0
5170000,3310,0,1,0
5170250,3341,0,1,0
5170500,3343,0,1,0
5170750,3342,0,1,0
5171000,3335,0,1,0
5171250,3313,0,1,0
5171500,3310,0,1,0
5171750,3312,0,1,0
5172000,3314,0,1,0
5172250,3310,0,1,0
5172500,3309,0,1,0
5172750,3309,0,1,0
5173000,3310,0,1,0
5173250,3305,0,1,0
5173500,3304,0,1,0
5173750,3306,0,1,0
5174000,3306,1,1,0
5174250,3304,1,1,0
5174500,3301,0,1,0
5174750,3299,0,1,0
5175000,3301,0,1,0
5175250,3300,0,1,0
5175500,3298,0,1,0
5175750,3299,0,1,0
5176000,3296,0,1,0
5176250,3301,0,1,0
5176500,3300,0,1,0
5176750,3298,0,1,0
5177000,3300,0,1,0
5177250,3298,0,1,0
5177500,3300,0,1,0
5177750,3297,0,1,0
5178000,3296,0,1,0
5178250,3295,0,1,0
5178500,3298,0,1,0
5178750,3299,0,1,0
5179000,3301,0,1,0
5179250,3302,0,1,0
5179500,3300,0,1,0
5179750,3302,0,1,0
5180000,3298,1,1,0
5180250,3297,1,1,0
5180500,3299,0,1,0
5180750,3300,0,1,0
5181000,3300,0,1,0
5181250,3297,0,1,0
5181500,3298,0,1,0
5181750,3298,0,1,0
5182000,3301,0,1,0
5182250,3301,0,1,0
5182500,3298,0,1,0
5182750,3298,0,1,0
5183000,3299,0,1,0
5183250,3298,0,1,0
5183500,3293,0,1,0
5183750,3298,0,1,0
5184000,3297,0,1,0
5184250,3291,0,1,0
5184500,3291,0,1,0
5184750,3295,0,1,0
5185000,3288,0,1,0
5185250,3293,0,1,0
5185500,3293,0,1,0
5185750,3289,0,1,0
5186000,3289,1,1,0
5186250,3285,1,1,0
5186500,3285,0,1,0
5186750,3291,0,1,0
5187000,3291,0,1,0
5187250,3290,0,1,0
5187500,3286,0,1,0
5187750,3288,0,1,0
5188000,3311,0,1,0
5188250,3317,0,1,0
5188500,3312,0,1,0
5188750,3290,0,1,0
5189000,3289,0,1,0
5189250,3293,0,1,0
5189500,3292,0,1,0
5189750,3296,0,1,0
5190000,3298,0,1,0
5190250,3299,0,1,0
5190500,3301,0,1,0
5190750,3296,0,1,0
5191000,3299,0,1,0
5191250,3299,0,1,0
5191500,3304,0,1,0
5191750,3301,0,1,0
5192000,3300,1,1,0
5192250,3304,1,1,0
5192500,3302,0,1,0
5192750,3306,0,1,0
5193000,3305,0,1,0
5193250,3303,0,1,0
5193500,3305,0,1,0
5193750,3308,0,1,0
5194000,3302,0,1,0
5194250,3306,0,1,0
5194500,3301,0,1,0
5194750,3305,0,1,0
5195000,3307,0,1,0
5195250,3305,0,1,0
5195500,3304,0,1,0
5195750,3304,0,1,0
5196000,3299,0,1,0
5196250,3303,0,1,0
5196500,3299,0,1,0
5196750,3300,0,1,0
5197000,3299,0,1,0
5197250,3303,0,1,0
5197500,3304,0,1,0
5197750,3300,0,1,0
5198000,3304,1,1,0
5198250,3305,1,1,0
5198500,3299,0,1,0
5198750,3300,0,1,0
5199000,3300,0,1,0
5199250,3301,0,1,0
5199500,3304,0,1,0
5199750,3302,0,1,0
5200000,3303,0,1,0
5200250,3306,0,1,0
5200500,3304,0,1,0
5200750,3304,0,1,0
5201000,3309,0,1,0
5201250,3308,0,1,0
5201500,3309,0,1,0
5201750,3312,0,1,0
5202000,3307,0,1,0
5202250,3309,0,1,0
5202500,3313,0,1,0
5202750,3310,0,1,0
5203000,3308,0,1,0
5203250,3312,0,1,0
5203500,3312,0,1,0
5203750,3310,0,1,0
5204000,3307,1,1,0
5204250,3307,1,1,0
5204500,3309,0,1,0
5204750,3309,0,1,0
5205000,3307,0,1,0
5205250,3308,0,1,0
5205500,3303,0,1,0
5205750,3306,0,1,0
5206000,3303,0,1,0
5206250,3305,0,1,0
5206500,3302,0,1,0
5206750,3299,0,1,0
5207000,3302,0,1,0
5207250,3296,0,1,0
5207500,3297,0,1,0
5207750,3297,0,1,0
5208000,3296,0,1,0
5208250,3293,0,1,0
5208500,3295,0,1,0
5208750,3296,0,1,0
5209000,3295,0,1,0
5209250,3291,0,1,0
5209500,3291,0,1,0
5209750,3295,0,1,0
5210000,3295,1,1,0
5210250,3293,1,1,0
5210500,3296,0,1,0
5210750,3296,0,1,0
5211000,3293,0,1,0
5211250,3296,0,1,0
5211500,3294,0,1,0
5211750,3291,0,1,0
5212000,3293,0,1,0
5212250,3294,0,1,0
5212500,3296,0,1,0
5212750,3296,0,1,0
5213000,3295,0,1,0
5213250,3297,0,1,0
5213500,3300,0,1,0
5213750,3294,0,1,0
5214000,3298,0,1,0
5214250,3296,0,1,0
5214500,3298,0,1,0
5214750,3300,0,1,0
5215000,3300,0,1,0
5215250,3295,0,1,0
5215500,3297,0,1,0
5215750,3295,0,1,0
5216000,3297,1,1,0
5216250,3293,1,1,0
5216500,3295,0,1,0
5216750,3292,0,1,0
5217000,3296,0,1,0
5217250,3291,0,1,0
5217500,3294,0,1,0
5217750,3293,0,1,0
5218000,3292,0,1,0
5218250,3293,0,1,0
5218500,3291,0,1,0
5218750,3289,0,1,0
5219000,3289,0,1,0
5219250,3294,0,1,0
5219500,3289,0,1,0
5219750,3292,0,1,0
5220000,3289,0,1,0
5220250,3294,0,1,0
5220500,3290,0,1,0
5220750,3293,0,1,0
5221000,3296,0,1,0
5221250,3296,0,1,0
5221500,3297,0,1,0
5221750,3298,0,1,0
5222000,3296,1,1,0
5222250,3298,1,1,0
5222500,3298,0,1,0
5222750,3297,0,1,0
5223000,3303,0,1,0
5223250,3302,0,1,0
5223500,3304,0,1,0
5223750,3305,0,1,0
5224000,3306,0,1,0
5224250,3304,0,1,0
5224500,3303,0,1,0
5224750,3306,0,1,0
5225000,3305,0,1,0
5225250,3305,0,1,0
5225500,3306,0,1,0
5225750,3310,0,1,0
5226000,3311,0,1,0
5226250,3308,0,1,0
5226500,3307,0,1,0
5226750,3312,0,1,0
5227000,3311,0,1,0
5227250,3306,0,1,0
5227500,3306,0,1,0
5227750,3306,0,1,0
5228000,3306,1,1,0
5228250,3309,1,1,0
5228500,3306,0,1,0
5228750,3308,0,1,0
5229000,3303,0,1,0
5229250,3306,0,1,0
5229500,3305,0,1,0
5229750,3304,0,1,0
5230000,3301,0,1,0
5230250,3274,0,1,0
5230500,3269,0,1,0
5230750,3277,0,1,0
5231000,3279,0,1,0
5231250,3303,0,1,0
5231500,3301,0,1,0
5231750,3305,0,1,0
5232000,3303,0,1,0
5232250,3304,0,1,0
5232500,3302,0,1,0
5232750,3300,0,1,0
5233000,3306,0,1,0
5233250,3301,0,1,0
5233500,3302,0,1,0
5233750,3305,0,1,0
5234000,3306,1,1,0
5234250,3309,1,1,0
5234500,3305,0,1,0
5234750,3309,0,1,0
5235000,3309,0,1,0
5235250,3305,0,1,0
5235500,3305,0,1,0
5235750,3310,0,1,0
5236000,3310,0,1,0
5236250,3306,0,1,0
5236500,3310,0,1,0
5236750,3303,0,1,0
5237000,3308,0,1,0
5237250,3303,0,1,0
5237500,3307,0,1,0
5237750,3303,0,1,0
5238000,3303,0,1,0
5238250,3303,0,1,0
5238500,3298,0,1,0
5238750,3302,0,1,0
5239000,3301,0,1,0
5239250,3302,0,1,0
5239500,3296,0,1,0
5239750,3299,0,1,0
5240000,3294,1,1,0
5240250,3297,1,1,0
5240500,3291,0,1,0
5240750,3291,0,1,0
5241000,3293,0,1,0
5241250,3294,0,1,0
5241500,3292,0,1,0
5241750,3291,0,1,0
5242000,3290,0,1,0
5242250,3287,0,1,0
5242500,3287,0,1,0
5242750,3286,0,1,0
5243000,3288,0,1,0
5243250,3286,0,1,0
5243500,3287,0,1,0
5243750,3288,0,1,0
5244000,3287,0,1,0
5244250,3293,0,1,0
5244500,3293,0,1,0
5244750,3291,0,1,0
5245000,3290,0,1,0
5245250,3293,0,1,0
5245500,3297,0,1,0
5245750,3295,0,1,0
5246000,3299,1,1,0
5246250,3299,1,1,0
5246500,3299,0,1,0
5246750,3297,0,1,0
5247000,3296,0,1,0
5247250,3300,0,1,0
5247500,3296,0,1,0
5247750,3296,0,1,0
5248000,3298,0,1,0
5248250,3299,0,1,0
5248500,3300,0,1,0
5248750,3298,0,1,0
5249000,3301,0,1,0
5249250,3298,0,1,0
5249500,3297,0,1,0
5249750,3299,0,1,0
5250000,3294,0,1,0
5250250,3299,0,1,0
5250500,3295,0,1,0
5250750,3298,0,1,0
5251000,3299,0,1,0
5251250,3297,0,1,0
5251500,3298,0,1,0
5251750,3298,0,1,0
5252000,3294,1,1,0
5252250,3292,1,1,0
5252500,3292,0,1,0
5252750,3293,0,1,0
5253000,3298,0,1,0
5253250,3299,0,1,0
5253500,3296,0,1,0
5253750,3296,0,1,0
5254000,3295,0,1,0
5254250,3299,0,1,0
5254500,3297,0,1,0
5254750,3301,0,1,0
5255000,3303,0,1,0
5255250,3304,0,1,0
5255500,3304,0,1,0
5255750,3304,0,1,0
5256000,3302,0,1,0
5256250,3306,0,1,0
5256500,3309,0,1,0
5256750,3311,0,1,0
5257000,3307,0,1,0
5257250,3308,0,1,0
5257500,3310,0,1,0
5257750,3313,0,1,0
5258000,3309,1,1,0
5258250,3312,1,1,0
5258500,3312,0,1,0
5258750,3314,0,1,0
5259000,3314,0,1,0
5259250,3312,0,1,0
5259500,3309,0,1,0
5259750,3314,0,1,0
5260000,3312,0,1,0
5260250,3308,0,1,0
5260500,3312,0,1,0
5260750,3306,0,1,0
5261000,3308,0,1,0
5261250,3306,0,1,0
5261500,3310,0,1,0
5261750,3307,0,1,0
5262000,3305,0,1,0
5262250,3307,0,1,0
5262500,3307,0,1,0
5262750,3301,0,1,0
5263000,3300,0,1,0
5263250,3299,0,1,0
5263500,3299,0,1,0
5263750,3301,0,1,0
5264000,3300,1,1,0
5264250,3299,1,1,0
5264500,3302,0,1,0
5264750,3301,0,1,0
5265000,3299,0,1,0
5265250,3297,0,1,0
5265500,3301,0,1,0
5265750,3300,0,1,0
5266000,3299,0,1,0
5266250,3301,0,1,0
5266500,3297,0,1,0
5266750,3301,0,1,0
5267000,3301,0,1,0
5267250,3302,0,1,0
5267500,3299,0,1,0
5267750,3302,0,1,0
5268000,3304,0,1,0
5268250,3305,0,1,0
5268500,3303,0,1,0
5268750,3299,0,1,0
5269000,3302,0,1,0
5269250,3305,0,1,0
5269500,3303,0,1,0
5269750,3299,0,1,0
5270000,3302,1,1,0
5270250,3302,1,1,0
5270500,3300,0,1,0
5270750,3303,0,1,0
5271000,3302,0,1,0
5271250,3298,0,1,0
5271500,3295,0,1,0
5271750,3296,0,1,0
5272000,3295,0,1,0
5272250,3267,0,1,0
5272500,3261,0,1,0
5272750,3244,0,1,0
5273000,3248,0,1,0
5273250,3270,0,1,0
5273500,3293,0,1,0
5273750,3292,0,1,0
5274000,3291,0,1,0
5274250,3290,0,1,0
5274500,3286,0,1,0
5274750,3289,0,1,0
5275000,3289,0,1,0
5275250,3286,0,1,0
5275500,3285,0,1,0
5275750,3286,0,1,0
5276000,3288,1,1,0
5276250,3289,1,1,0
5276500,3287,0,1,0
5276750,3288,0,1,0
5277000,3290,0,1,0
5277250,3290,0,1,0
5277500,3292,0,1,0
5277750,3294,0,1,0
5278000,3293,0,1,0
5278250,3326,0,1,0
5278500,3328,0,1,0
5278750,3327,0,1,0
5279000,3323,0,1,0
5279250,3296,0,1,0
5279500,3303,0,1,0
5279750,3302,0,1,0
5280000,3300,0,1,0
5280250,3299,0,1,0
5280500,3301,0,1,0
5280750,3299,0,1,0
5281000,3299,0,1,0
5281250,3302,0,1,0
5281500,3302,0,1,0
5281750,3299,0,1,0
5282000,3300,1,1,0
5282250,3300,1,1,0
5282500,3301,0,1,0
5282750,3304,0,1,0
5283000,3300,0,1,0
5283250,3304,0,1,0
5283500,3301,0,1,0
5283750,3302,0,1,0
5284000,3298,0,1,0
5284250,3300,0,1,0
5284500,3301,0,1,0
5284750,3301,0,1,0
5285000,3301,0,1,0
5285250,3297,0,1,0
5285500,3303,0,1,0
5285750,3303,0,1,0
5286000,3298,0,1,0
5286250,3297,0,1,0
5286500,3302,0,1,0
5286750,3304,0,1,0
5287000,3303,0,1,0
5287250,3303,0,1,0
5287500,3306,0,1,0
5287750,3302,0,1,0
5288000,3305,1,1,0
5288250,3305,1,1,0
5288500,3303,0,1,0
5288750,3308,0,1,0
5289000,3309,0,1,0
5289250,3310,0,1,0
5289500,3306,0,1,0
5289750,3313,0,1,0
5290000,3310,0,1,0
5290250,3312,0,1,0
5290500,3311,0,1,0
5290750,3311,0,1,0
5291000,3310,0,1,0
5291250,3315,0,1,0
5291500,3315,0,1,0
5291750,3309,0,1,0
5292000,3315,0,1,0
5292250,3314,0,1,0
5292500,3308,0,1,0
5292750,3313,0,1,0
5293000,3313,0,1,0
5293250,3308,0,1,0
5293500,3307,0,1,0
5293750,3304,0,1,0
5294000,3309,1,1,0
5294250,3308,1,1,0
5294500,3301,0,1,0
5294750,3301,0,1,0
5295000,3304,0,1,0
5295250,3298,0,1,0
5295500,3297,0,1,0
5295750,3303,0,1,0
5296000,3298,0,1,0
5296250,3301,0,1,0
5296500,3297,0,1,0
5296750,3297,0,1,0
5297000,3294,0,1,0
5297250,3297,0,1,0
5297500,3295,0,1,0
5297750,3293,0,1,0
5298000,3292,0,1,0
5298250,3292,0,1,0
5298500,3294,0,1,0
5298750,3297,0,1,0
5299000,3295,0,1,0
5299250,3295,0,1,0
5299500,3299,0,1,0
5299750,3298,0,1,0
5300000,3298,1,1,0
5300250,3296,1,1,0
5300500,3297,0,1,0
5300750,3298,0,1,0
5301000,3299,0,1,0
5301250,3298,0,1,0
5301500,3300,0,1,0
5301750,3299,0,1,0
5302000,3300,0,1,0
5302250,3270,0,1,0
5302500,3262,0,1,0
5302750,3266,0,1,0
5303000,3271,0,1,0
5303250,3298,0,1,0
5303500,3299,0,1,0
5303750,3294,0,1,0
5304000,3295,0,1,0
5304250,3299,0,1,0
5304500,3298,0,1,0
5304750,3294,0,1,0
5305000,3292,0,1,0
5305250,3295,0,1,0
5305500,3295,0,1,0
5305750,3294,0,1,0
5306000,3288,1,1,0
5306250,3291,1,1,0
5306500,3290,0,1,0
5306750,3290,0,1,0
5307000,3286,0,1,0
5307250,3286,0,1,0
5307500,3288,0,1,0
5307750,3288,0,1,0
5308000,3286,0,1,0
5308250,3289,0,1,0
5308500,3291,0,1,0
5308750,3293,0,1,0
5309000,3288,0,1,0
5309250,3294,0,1,0
5309500,3295,0,1,0
5309750,3296,0,1,0
5310000,3294,0,1,0
5310250,3292,0,1,0
5310500,3299,0,1,0
5310750,3296,0,1,0
5311000,3301,0,1,0
5311250,3301,0,1,0
5311500,3301,0,1,0
5311750,3304,0,1,0
5312000,3303,1,1,0
5312250,3302,1,1,0
5312500,3307,0,1,0
5312750,3301,0,1,0
5313000,3304,0,1,0
5313250,3309,0,1,0
5313500,3303,0,1,0
5313750,3310,0,1,0
5314000,3305,0,1,0
5314250,3309,0,1,0
5314500,3307,0,1,0
5314750,3308,0,1,0
5315000,3309,0,1,0
5315250,3309,0,1,0
5315500,3304,0,1,0
5315750,3307,0,1,0
5316000,3306,0,1,0
5316250,3306,0,1,0
5316500,3303,0,1,0
5316750,3303,0,1,0
5317000,3307,0,1,0
5317250,3303,0,1,0
5317500,3303,0,1,0
5317750,3305,0,1,0
5318000,3300,1,1,0
5318250,3301,1,1,0
5318500,3300,0,1,0
5318750,3302,0,1,0
5319000,3300,0,1,0
5319250,3303,0,1,0
5319500,3301,0,1,0
5319750,3300,0,1,0
5320000,3301,0,1,0
5320250,3335,0,1,0
5320500,3337,0,1,0
5320750,3335,0,1,0
5321000,3332,0,1,0
5321250,3303,0,1,0
5321500,3307,0,1,0
5321750,3305,0,1,0
5322000,3307,0,1,0
5322250,3305,0,1,0
5322500,3308,0,1,0
5322750,3306,0,1,0
5323000,3311,0,1,0
5323250,3306,0,1,0
5323500,3307,0,1,0
5323750,3306,0,1,0
5324000,3311,1,1,0
5324250,3307,1,1,0
5324500,3312,0,1,0
5324750,3310,0,1,0
5325000,3311,0,1,0
5325250,3306,0,1,0
5325500,3309,0,1,0
5325750,3309,0,1,0
5326000,3308,0,1,0
5326250,3306,0,1,0
5326500,3300,0,1,0
5326750,3300,0,1,0
5327000,3301,0,1,0
5327250,3302,0,1,0
5327500,3302,0,1,0
5327750,3298,0,1,0
5328000,3296,0,1,0
5328250,3299,0,1,0
5328500,3294,0,1,0
5328750,3293,0,1,0
5329000,3295,0,1,0
5329250,3294,0,1,0
5329500,3289,0,1,0
5329750,3289,0,1,0
5330000,3291,1,1,0
5330250,3290,1,1,0
5330500,3293,0,1,0
5330750,3293,0,1,0
5331000,3288,0,1,0
5331250,3288,0,1,0
5331500,3289,0,1,0
5331750,3291,0,1,0
5332000,3292,0,1,0
5332250,3294,0,1,0
5332500,3294,0,1,0
5332750,3296,0,1,0
5333000,3291,0,1,0
5333250,3296,0,1,0
5333500,3294,0,1,0
5333750,3292,0,1,0
5334000,3295,0,1,0
5334250,3294,0,1,0
5334500,3294,0,1,0
5334750,3299,0,1,0
5335000,3300,0,1,0
5335250,3298,0,1,0
5335500,3300,0,1,0
5335750,3299,0,1,0
5336000,3297,1,1,0
5336250,3298,1,1,0
5336500,3295,0,1,0
5336750,3300,0,1,0
5337000,3299,0,1,0
5337250,3297,0,1,0
5337500,3297,0,1,0
5337750,3295,0,1,0
5338000,3295,0,1,0
5338250,3296,0,1,0
5338500,3292,0,1,0
5338750,3297,0,1,0
5339000,3292,0,1,0
5339250,3290,0,1,0
5339500,3294,0,1,0
5339750,3295,0,1,0
5340000,3296,0,1,0
5340250,3294,0,1,0
5340500,3293,0,1,0
5340750,3296,0,1,0
5341000,3291,0,1,0
5341250,3297,0,1,0
5341500,3292,0,1,0
5341750,3292,0,1,0
5342000,3293,1,1,0
5342250,3295,1,1,0
5342500,3298,0,1,0
5342750,3295,0,1,0
5343000,3296,0,1,0
5343250,3300,0,1,0
5343500,3300,0,1,0
5343750,3299,0,1,0
5344000,3306,0,1,0
5344250,3301,0,1,0
5344500,3302,0,1,0
5344750,3306,0,1,0
5345000,3308,0,1,0
5345250,3305,0,1,0
5345500,3311,0,1,0
5345750,3310,0,1,0
5346000,3313,0,1,0
5346250,3311,0,1,0
5346500,3310,0,1,0
5346750,3314,0,1,0
5347000,3313,0,1,0
5347250,3314,0,1,0
5347500,3311,0,1,0
5347750,3313,0,1,0
5348000,3312,1,1,0
5348250,3307,1,1,0
5348500,3309,0,1,0
5348750,3309,0,1,0
5349000,3309,0,1,0
5349250,3309,0,1,0
5349500,3309,0,1,0
5349750,3304,0,1,0
5350000,3308,0,1,0
5350250,3308,0,1,0
5350500,3302,0,1,0
5350750,3303,0,1,0
5351000,3303,0,1,0
5351250,3300,0,1,0
5351500,3300,0,1,0
5351750,3299,0,1,0
5352000,3304,0,1,0
5352250,3303,0,1,0
5352500,3298,0,1,0
5352750,3301,0,1,0
5353000,3302,0,1,0
5353250,3300,0,1,0
5353500,3304,0,1,0
5353750,3299,0,1,0
5354000,3301,1,1,0
5354250,3299,1,1,0
5354500,3300,0,1,0
5354750,3302,0,1,0
5355000,3304,0,1,0
5355250,3304,0,1,0
5355500,3303,0,1,0
5355750,3301,0,1,0
5356000,3308,0,1,0
5356250,3306,0,1,0
5356500,3308,0,1,0
5356750,3306,0,1,0
5357000,3308,0,1,0
5357250,3302,0,1,0
5357500,3306,0,1,0
5357750,3302,0,1,0
5358000,3300,0,1,0
5358250,3303,0,1,0
5358500,3301,0,1,0
5358750,3303,0,1,0
5359000,3301,0,1,0
5359250,3300,0,1,0
5359500,3299,0,1,0
5359750,3295,0,1,0
5360000,3298,1,1,0
5360250,3299,1,1,0
5360500,3293,0,1,0
5360750,3293,0,1,0
5361000,3295,0,1,0
5361250,3294,0,1,0
5361500,3290,0,1,0
5361750,3290,0,1,0
5362000,3289,0,1,0
5362250,3286,0,1,0
5362500,3291,0,1,0
5362750,3289,0,1,0
5363000,3288,0,1,0
5363250,3285,0,1,0
5363500,3290,0,1,0
5363750,3286,0,1,0
5364000,3288,0,1,0
5364250,3288,0,1,0
5364500,3287,0,1,0
5364750,3289,0,1,0
5365000,3289,0,1,0
5365250,3288,0,1,0
5365500,3292,0,1,0
5365750,3291,0,1,0
5366000,3290,1,1,0
5366250,3294,1,1,0
5366500,3293,0,1,0
5366750,3299,0,1,0
5367000,3298,0,1,0
5367250,3296,0,1,0
5367500,3299,0,1,0
5367750,3300,0,1,0
5368000,3301,0,1,0
5368250,3301,0,1,0
5368500,3301,0,1,0
5368750,3303,0,1,0
5369000,3300,0,1,0
5369250,3302,0,1,0
5369500,3301,0,1,0
5369750,3299,0,1,0
5370000,3299,0,1,0
5370250,3302,0,1,0
5370500,3298,0,1,0
5370750,3298,0,1,0
5371000,3299,0,1,0
5371250,3298,0,1,0
5371500,3302,0,1,0
5371750,3302,0,1,0
5372000,3300,1,1,0
5372250,3301,1,1,0
5372500,3300,0,1,0
5372750,3299,0,1,0
5373000,3301,0,1,0
5373250,3297,0,1,0
5373500,3295,0,1,0
5373750,3301,0,1,0
5374000,3298,0,1,0
5374250,3296,0,1,0
5374500,3302,0,1,0
5374750,3299,0,1,0
5375000,3299,0,1,0
5375250,3300,0,1,0
5375500,3298,0,1,0
5375750,3300,0,1,0
5376000,3302,0,1,0
5376250,3307,0,1,0
5376500,3307,0,1,0
5376750,3305,0,1,0
5377000,3307,0,1,0
5377250,3307,0,1,0
5377500,3307,0,1,0
5377750,3307,0,1,0
5378000,3309,1,1,0
5378250,3313,1,1,0
5378500,3312,0,1,0
5378750,3310,0,1,0
5379000,3312,0,1,0
5379250,3309,0,1,0
5379500,3311,0,1,0
5379750,3315,0,1,0
5380000,3309,0,1,0
5380250,3311,0,1,0
5380500,3310,0,1,0
5380750,3314,0,1,0
5381000,3313,0,1,0
5381250,3308,0,1,0
5381500,3307,0,1,0
5381750,3309,0,1,0
5382000,3310,0,1,0
5382250,3307,0,1,0
5382500,3305,0,1,0
5382750,3302,0,1,0
5383000,3304,0,1,0
5383250,3302,0,1,0
5383500,3304,0,1,0
5383750,3301,0,1,0
5384000,3301,1,1,0
5384250,3299,1,1,0
5384500,3302,0,1,0
5384750,3302,0,1,0
5385000,3301,0,1,0
5385250,3295,0,1,0
5385500,3300,0,1,0
5385750,3300,0,1,0
5386000,3299,0,1,0
5386250,3298,0,1,0
5386500,3296,0,1,0
5386750,3301,0,1,0
5387000,3297,0,1,0
5387250,3296,0,1,0
5387500,3296,0,1,0
5387750,3300,0,1,0
5388000,3297,0,1,0
5388250,3302,0,1,0
5388500,3300,0,1,0
5388750,3301,0,1,0
5389000,3303,0,1,0
5389250,3300,0,1,0
5389500,3298,0,1,0
5389750,3303,0,1,0
5390000,3302,1,1,0
5390250,3303,1,1,0
5390500,3301,0,1,0
5390750,3303,0,1,0
5391000,3299,0,1,0
5391250,3301,0,1,0
5391500,3295,0,1,0
5391750,3297,0,1,0
5392000,3296,0,1,0
5392250,3295,0,1,0
5392500,3298,0,1,0
5392750,3298,0,1,0
5393000,3293,0,1,0
5393250,3294,0,1,0
5393500,3290,0,1,0
5393750,3288,0,1,0
5394000,3290,0,1,0
5394250,3289,0,1,0
5394500,3286,0,1,0
5394750,3288,0,1,0
5395000,3286,0,1,0
5395250,3287,0,1,0
5395500,3288,0,1,0
5395750,3291,0,1,0
5396000,3288,1,1,0
5396250,3287,1,1,0
5396500,3288,0,1,0
5396750,3291,0,1,0
5397000,3286,0,1,0
5397250,3290,0,1,0
5397500,3292,0,1,0
5397750,3293,0,1,0
5398000,3295,0,1,0
5398250,3266,0,1,0
5398500,3258,0,1,0
5398750,3263,0,1,0
5399000,3269,0,1,0
5399250,3296,0,1,0
5399500,3297,0,1,0
5399750,3299,0,1,0
5400000,3300,0,1,0
5400250,3301,0,1,0
5400500,3299,0,1,0
5400750,3305,0,1,0
5401000,3302,0,1,0
5401250,3303,0,1,0
5401500,3301,0,1,0
5401750,3307,0,1,0
5402000,3306,1,1,0
5402250,3305,1,1,0
5402500,3305,0,1,0
5402750,3306,0,1,0
5403000,3308,0,1,0
5403250,3306,0,1,0
5403500,3304,0,1,0
5403750,3306,0,1,0
5404000,3302,0,1,0
5404250,3304,0,1,0
5404500,3304,0,1,0
5404750,3304,0,1,0
5405000,3301,0,1,0
5405250,3301,0,1,0
5405500,3299,0,1,0
5405750,3303,0,1,0
5406000,3301,0,1,0
5406250,3300,0,1,0
5406500,3300,0,1,0
5406750,3299,0,1,0
5407000,3304,0,1,0
5407250,3305,0,1,0
5407500,3301,0,1,0
5407750,3304,0,1,0
5408000,3306,1,1,0
5408250,3305,1,1,0
5408500,3306,0,1,0
5408750,3304,0,1,0
5409000,3302,0,1,0
5409250,3306,0,1,0
5409500,3307,0,1,0
5409750,3308,0,1,0
5410000,3332,0,1,0
5410250,3305,0,1,0
5410500,3302,0,1,0
5410750,3279,0,1,0
5411000,3286,0,1,0
5411250,3312,0,1,0
5411500,3312,0,1,0
5411750,3309,0,1,0
5412000,3311,0,1,0
5412250,3312,0,1,0
5412500,3313,0,1,0
5412750,3308,0,1,0
5413000,3310,0,1,0
5413250,3311,0,1,0
5413500,3311,0,1,0
5413750,3309,0,1,0
5414000,3308,1,1,0
5414250,3306,1,1,0
5414500,3305,0,1,0
5414750,3305,0,1,0
5415000,3306,0,1,0
5415250,3299,0,1,0
5415500,3304,0,1,0
5415750,3303,0,1,0
5416000,3299,0,1,0
5416250,3271,0,1,0
5416500,3264,0,1,0
5416750,3265,0,1,0
5417000,3270,0,1,0
5417250,3293,0,1,0
5417500,3298,0,1,0
5417750,3292,0,1,0
5418000,3294,0,1,0
5418250,3296,0,1,0
5418500,3296,0,1,0
5418750,3295,0,1,0
5419000,3294,0,1,0
5419250,3291,0,1,0
5419500,3292,0,1,0
5419750,3292,0,1,0
5420000,3294,1,1,0
5420250,3295,1,1,0
5420500,3295,0,1,0
5420750,3293,0,1,0
5421000,3298,0,1,0
5421250,3296,0,1,0
5421500,3295,0,1,0
5421750,3296,0,1,0
5422000,3295,0,1,0
5422250,3299,0,1,0
5422500,3294,0,1,0
5422750,3299,0,1,0
5423000,3298,0,1,0
5423250,3300,0,1,0
5423500,3301,0,1,0
5423750,3295,0,1,0
5424000,3297,0,1,0
5424250,3300,0,1,0
5424500,3300,0,1,0
5424750,3293,0,1,0
5425000,3297,0,1,0
5425250,3293,0,1,0
5425500,3296,0,1,0
5425750,3297,0,1,0
5426000,3297,1,1,0
5426250,3296,1,1,0
5426500,3295,0,1,0
5426750,3295,0,1,0
5427000,3293,0,1,0
5427250,3289,0,1,0
5427500,3290,0,1,0
5427750,3288,0,1,0
5428000,3293,0,1,0
5428250,3291,0,1,0
5428500,3291,0,1,0
5428750,3291,0,1,0
5429000,3294,0,1,0
5429250,3292,0,1,0
5429500,3294,0,1,0
5429750,3294,0,1,0
5430000,3290,0,1,0
5430250,3293,0,1,0
5430500,3297,0,1,0
5430750,3299,0,1,0
5431000,3296,0,1,0
5431250,3296,0,1,0
5431500,3300,0,1,0
5431750,3301,0,1,0
5432000,3300,1,1,0
5432250,3301,1,1,0
5432500,3300,0,1,0
5432750,3303,0,1,0
5433000,3302,0,1,0
5433250,3305,0,1,0
5433500,3304,0,1,0
5433750,3310,0,1,0
5434000,3310,0,1,0
5434250,3335,0,1,0
5434500,3345,0,1,0
5434750,3337,0,1,0
5435000,3330,0,1,0
5435250,3310,0,1,0
5435500,3310,0,1,0
5435750,3310,0,1,0
5436000,3309,0,1,0
5436250,3312,0,1,0
5436500,3305,0,1,0
5436750,3306,0,1,0
5437000,3306,0,1,0
5437250,3305,0,1,0
5437500,3307,0,1,0
5437750,3309,0,1,0
5438000,3304,1,1,0
5438250,3307,1,1,0
5438500,3303,0,1,0
5438750,3301,0,1,0
5439000,3304,0,1,0
5439250,3303,0,1,0
5439500,3305,0,1,0
5439750,3304,0,1,0
5440000,3302,0,1,0
5440250,3301,0,1,0
5440500,3299,0,1,0
5440750,3300,0,1,0
5441000,3301,0,1,0
5441250,3301,0,1,0
5441500,3303,0,1,0
5441750,3306,0,1,0
5442000,3302,0,1,0
5442250,3307,0,1,0
5442500,3302,0,1,0
5442750,3302,0,1,0
5443000,3308,0,1,0
5443250,3305,0,1,0
5443500,3303,0,1,0
5443750,3310,0,1,0
5444000,3310,1,1,0
5444250,3308,1,1,0
5444500,3305,0,1,0
5444750,3307,0,1,0
5445000,3309,0,1,0
5445250,3304,0,1,0
5445500,3304,0,1,0
5445750,3304,0,1,0
5446000,3307,0,1,0
5446250,3304,0,1,0
5446500,3307,0,1,0
5446750,3303,0,1,0
5447000,3302,0,1,0
5447250,3300,0,1,0
5447500,3300,0,1,0
5447750,3303,0,1,0
5448000,3300,0,1,0
5448250,3296,0,1,0
5448500,3298,0,1,0
5448750,3299,0,1,0
5449000,3296,0,1,0
5449250,3295,0,1,0
5449500,3296,0,1,0
5449750,3294,0,1,0
5450000,3292,1,1,0
5450250,3293,1,1,0
5450500,3289,0,1,0
5450750,3293,0,1,0
5451000,3291,0,1,0
5451250,3288,0,1,0
5451500,3287,0,1,0
5451750,3292,0,1,0
5452000,3290,0,1,0
5452250,3292,0,1,0
5452500,3290,0,1,0
5452750,3287,0,1,0
5453000,3291,0,1,0
5453250,3291,0,1,0
5453500,3294,0,1,0
5453750,3295,0,1,0
5454000,3293,0,1,0
5454250,3292,0,1,0
5454500,3296,0,1,0
5454750,3295,0,1,0
5455000,3295,0,1,0
5455250,3293,0,1,0
5455500,3299,0,1,0
5455750,3296,0,1,0
5456000,3297,1,1,0
5456250,3300,1,1,0
5456500,3295,0,1,0
5456750,3300,0,1,0
5457000,3298,0,1,0
5457250,3302,0,1,0
5457500,3300,0,1,0
5457750,3296,0,1,0
5458000,3296,0,1,0
5458250,3297,0,1,0
5458500,3298,0,1,0
5458750,3296,0,1,0
5459000,3294,0,1,0
5459250,3300,0,1,0
5459500,3298,0,1,0
5459750,3293,0,1,0
5460000,3296,0,1,0
5460250,3295,0,1,0
5460500,3298,0,1,0
5460750,3297,0,1,0
5461000,3295,0,1,0
5461250,3293,0,1,0
5461500,3294,0,1,0
5461750,3295,0,1,0
5462000,3293,1,1,0
5462250,3297,1,1,0
5462500,3296,0,1,0
5462750,3298,0,1,0
5463000,3299,0,1,0
5463250,3299,0,1,0
5463500,3303,0,1,0
5463750,3303,0,1,0
5464000,3304,0,1,0
5464250,3299,0,1,0
5464500,3305,0,1,0
5464750,3302,0,1,0
5465000,3304,0,1,0
5465250,3304,0,1,0
5465500,3307,0,1,0
5465750,3309,0,1,0
5466000,3306,0,1,0
5466250,3309,0,1,0
5466500,3308,0,1,0
5466750,3311,0,1,0
5467000,3312,0,1,0
5467250,3314,0,1,0
5467500,3310,0,1,0
5467750,3310,0,1,0
5468000,3315,1,1,0
5468250,3311,1,1,0
5468500,3310,0,1,0
5468750,3311,0,1,0
5469000,3312,0,1,0
5469250,3309,0,1,0
5469500,3311,0,1,0
5469750,3308,0,1,0
5470000,3307,0,1,0
5470250,3304,0,1,0
5470500,3309,0,1,0
5470750,3306,0,1,0
5471000,3308,0,1,0
5471250,3304,0,1,0
5471500,3306,0,1,0
5471750,3303,0,1,0
5472000,3304,0,1,0
5472250,3301,0,1,0
5472500,3301,0,1,0
5472750,3298,0,1,0
5473000,3299,0,1,0
5473250,3297,0,1,0
5473500,3299,0,1,0
5473750,3301,0,1,0
5474000,3300,1,1,0
5474250,3299,1,1,0
5474500,3297,0,1,0
5474750,3298,0,1,0
5475000,3301,0,1,0
5475250,3299,0,1,0
5475500,3297,0,1,0
5475750,3302,0,1,0
5476000,3304,0,1,0
5476250,3302,0,1,0
5476500,3305,0,1,0
5476750,3301,0,1,0
5477000,3301,0,1,0
5477250,3302,0,1,0
5477500,3304,0,1,0
5477750,3300,0,1,0
5478000,3304,0,1,0
5478250,3302,0,1,0
5478500,3300,0,1,0
5478750,3303,0,1,0
5479000,3301,0,1,0
5479250,3302,0,1,0
5479500,3301,0,1,0
5479750,3298,0,1,0
5480000,3297,1,1,0
5480250,3298,1,1,0
5480500,3298,0,1,0
5480750,3293,0,1,0
5481000,3297,0,1,0
5481250,3292,0,1,0
5481500,3292,0,1,0
5481750,3295,0,1,0
5482000,3290,0,1,0
5482250,3259,0,1,0
5482500,3256,0,1,0
5482750,3257,0,1,0
5483000,3264,0,1,0
5483250,3290,0,1,0
5483500,3287,0,1,0
5483750,3285,0,1,0
5484000,3291,0,1,0
5484250,3289,0,1,0
5484500,3291,0,1,0
5484750,3288,0,1,0
5485000,3288,0,1,0
5485250,3291,0,1,0
5485500,3292,0,1,0
5485750,3293,0,1,0
5486000,3290,1,1,0
5486250,3292,1,1,0
5486500,3295,0,1,0
5486750,3293,0,1,0
5487000,3294,0,1,0
5487250,3297,0,1,0
5487500,3293,0,1,0
5487750,3299,0,1,0
5488000,3295,0,1,0
5488250,3301,0,1,0
5488500,3299,0,1,0
5488750,3301,0,1,0
5489000,3302,0,1,0
5489250,3302,0,1,0
5489500,3301,0,1,0
5489750,3303,0,1,0
5490000,3303,0,1,0
5490250,3299,0,1,0
5490500,3301,0,1,0
5490750,3304,0,1,0
5491000,3303,0,1,0
5491250,3304,0,1,0
5491500,3303,0,1,0
5491750,3298,0,1,0
5492000,3299,1,1,0
5492250,3298,1,1,0
5492500,3298,0,1,0
5492750,3297,0,1,0
5493000,3302,0,1,0
5493250,3299,0,1,0
5493500,3298,0,1,0
5493750,3299,0,1,0
5494000,3303,0,1,0
5494250,3300,0,1,0
5494500,3303,0,1,0
5494750,3301,0,1,0
5495000,3300,0,1,0
5495250,3299,0,1,0
5495500,3300,0,1,0
5495750,3300,0,1,0
5496000,3302,0,1,0
5496250,3303,0,1,0
5496500,3303,0,1,0
5496750,3306,0,1,0
5497000,3308,0,1,0
5497250,3302,0,1,0
5497500,3306,0,1,0
5497750,3309,0,1,0
5498000,3307,1,1,0
5498250,3310,1,1,0
5498500,3311,0,1,0
5498750,3312,0,1,0
5499000,3310,0,1,0
5499250,3312,0,1,0
5499500,3309,0,1,0
5499750,3311,0,1,0
5500000,3315,0,1,0
5500250,3342,0,1,0
5500500,3348,0,1,0
5500750,3344,0,1,0
5501000,3335,0,1,0
5501250,3311,0,1,0
5501500,3314,0,1,0
5501750,3308,0,1,0
5502000,3307,0,1,0
5502250,3307,0,1,0
5502500,3306,0,1,0
5502750,3304,0,1,0
5503000,3306,0,1,0
5503250,3305,0,1,0
5503500,3306,0,1,0
5503750,3304,0,1,0
5504000,3300,1,1,0
5504250,3302,1,1,0
5504500,3300,0,1,0
5504750,3302,0,1,0
5505000,3297,0,1,0
5505250,3298,0,1,0
5505500,3300,0,1,0
5505750,3299,0,1,0
5506000,3294,0,1,0
5506250,3322,0,1,0
5506500,3333,0,1,0
5506750,3323,0,1,0
5507000,3318,0,1,0
5507250,3293,0,1,0
5507500,3294,0,1,0
5507750,3297,0,1,0
5508000,3298,0,1,0
5508250,3296,0,1,0
5508500,3297,0,1,0
5508750,3296,0,1,0
5509000,3294,0,1,0
5509250,3297,0,1,0
5509500,3296,0,1,0
5509750,3299,0,1,0
5510000,3301,1,1,0
5510250,3298,1,1,0
5510500,3302,0,1,0
5510750,3300,0,1,0
5511000,3301,0,1,0
5511250,3299,0,1,0
5511500,3300,0,1,0
5511750,3301,0,1,0
5512000,3299,0,1,0
5512250,3299,0,1,0
5512500,3297,0,1,0
5512750,3298,0,1,0
5513000,3298,0,1,0
5513250,3292,0,1,0
5513500,3293,0,1,0
5513750,3292,0,1,0
5514000,3294,0,1,0
5514250,3293,0,1,0
5514500,3294,0,1,0
5514750,3290,0,1,0
5515000,3294,0,1,0
5515250,3288,0,1,0
5515500,3292,0,1,0
5515750,3292,0,1,0
5516000,3288,1,1,0
5516250,3289,1,1,0
5516500,3292,0,1,0
5516750,3289,0,1,0
5517000,3288,0,1,0
5517250,3291,0,1,0
5517500,3287,0,1,0
5517750,3287,0,1,0
5518000,3294,0,1,0
5518250,3321,0,1,0
5518500,3328,0,1,0
5518750,3320,0,1,0
5519000,3322,0,1,0
5519250,3294,0,1,0
5519500,3299,0,1,0
5519750,3299,0,1,0
5520000,3301,0,1,0
5520250,3301,0,1,0
5520500,3302,0,1,0
5520750,3299,0,1,0
5521000,3301,0,1,0
5521250,3305,0,1,0
5521500,3304,0,1,0
5521750,3306,0,1,0
5522000,3305,1,1,0
5522250,3305,1,1,0
5522500,3303,0,1,0
5522750,3309,0,1,0
5523000,3305,0,1,0
5523250,3306,0,1,0
5523500,3308,0,1,0
5523750,3308,0,1,0
5524000,3309,0,1,0
5524250,3309,0,1,0
5524500,3306,0,1,0
5524750,3303,0,1,0
5525000,3304,0,1,0
5525250,3308,0,1,0
5525500,3307,0,1,0
5525750,3308,0,1,0
5526000,3306,0,1,0
5526250,3302,0,1,0
5526500,3301,0,1,0
5526750,3306,0,1,0
5527000,3306,0,1,0
5527250,3301,0,1,0
5527500,3299,0,1,0
5527750,3299,0,1,0
5528000,3303,1,1,0
5528250,3303,1,1,0
5528500,3301,0,1,0
5528750,3305,0,1,0
5529000,3303,0,1,0
5529250,3302,0,1,0
5529500,3302,0,1,0
5529750,3308,0,1,0
5530000,3302,0,1,0
5530250,3277,0,1,0
5530500,3271,0,1,0
5530750,3278,0,1,0
5531000,3284,0,1,0
5531250,3307,0,1,0
5531500,3305,0,1,0
5531750,3312,0,1,0
5532000,3308,0,1,0
5532250,3308,0,1,0
5532500,3306,0,1,0
5532750,3307,0,1,0
5533000,3306,0,1,0
5533250,3307,0,1,0
5533500,3309,0,1,0
5533750,3310,0,1,0
5534000,3311,1,1,0
5534250,3308,1,1,0
5534500,3307,0,1,0
5534750,3309,0,1,0
5535000,3305,0,1,0
5535250,3301,0,1,0
5535500,3301,0,1,0
5535750,3302,0,1,0
5536000,3304,0,1,0
5536250,3300,0,1,0
5536500,3297,0,1,0
5536750,3296,0,1,0
5537000,3294,0,1,0
5537250,3295,0,1,0
5537500,3295,0,1,0
5537750,3291,0,1,0
5538000,3290,0,1,0
5538250,3292,0,1,0
5538500,3292,0,1,0
5538750,3291,0,1,0
5539000,3294,0,1,0
5539250,3288,0,1,0
5539500,3292,0,1,0
5539750,3289,0,1,0
5540000,3294,1,1,0
5540250,3292,1,1,0
5540500,3289,0,1,0
5540750,3292,0,1,0
5541000,3293,0,1,0
5541250,3292,0,1,0
5541500,3292,0,1,0
5541750,3292,0,1,0
5542000,3293,0,1,0
5542250,3294,0,1,0
5542500,3292,0,1,0
5542750,3298,0,1,0
5543000,3297,0,1,0
5543250,3296,0,1,0
5543500,3295,0,1,0
5543750,3296,0,1,0
5544000,3300,0,1,0
5544250,3297,0,1,0
5544500,3295,0,1,0
5544750,3299,0,1,0
5545000,3296,0,1,0
5545250,3299,0,1,0
5545500,3297,0,1,0
5545750,3294,0,1,0
5546000,3295,1,1,0
5546250,3297,1,1,0
5546500,3297,0,1,0
5546750,3296,0,1,0
5547000,3292,0,1,0
5547250,3297,0,1,0
5547500,3291,0,1,0
5547750,3295,0,1,0
5548000,3295,0,1,0
5548250,3322,0,1,0
5548500,3329,0,1,0
5548750,3319,0,1,0
5549000,3319,0,1,0
5549250,3290,0,1,0
5549500,3296,0,1,0
5549750,3295,0,1,0
5550000,3291,0,1,0
5550250,3297,0,1,0
5550500,3298,0,1,0
5550750,3292,0,1,0
5551000,3294,0,1,0
5551250,3297,0,1,0
5551500,3296,0,1,0
5551750,3300,0,1,0
5552000,3299,1,1,0
5552250,3303,1,1,0
5552500,3302,0,1,0
5552750,3304,0,1,0
5553000,3301,0,1,0
5553250,3304,0,1,0
5553500,3303,0,1,0
5553750,3304,0,1,0
5554000,3310,0,1,0
5554250,3307,0,1,0
5554500,3312,0,1,0
5554750,3307,0,1,0
5555000,3308,0,1,0
5555250,3308,0,1,0
5555500,3312,0,1,0
5555750,3314,0,1,0
5556000,3308,0,1,0
5556250,3313,0,1,0
5556500,3312,0,1,0
5556750,3309,0,1,0
5557000,3308,0,1,0
5557250,3311,0,1,0
5557500,3306,0,1,0
5557750,3306,0,1,0
5558000,3309,1,1,0
5558250,3311,1,1,0
5558500,3304,0,1,0
5558750,3304,0,1,0
5559000,3303,0,1,0
5559250,3305,0,1,0
5559500,3305,0,1,0
5559750,3305,0,1,0
5560000,3303,0,1,0
5560250,3301,0,1,0
5560500,3303,0,1,0
5560750,3301,0,1,0
5561000,3304,0,1,0
5561250,3303,0,1,0
5561500,3298,0,1,0
5561750,3300,0,1,0
5562000,3300,0,1,0
5562250,3304,0,1,0
5562500,3302,0,1,0
5562750,3299,0,1,0
5563000,3299,0,1,0
5563250,3304,0,1,0
5563500,3306,0,1,0
5563750,3306,0,1,0
5564000,3306,1,1,0
5564250,3306,1,1,0
5564500,3306,0,1,0
5564750,3301,0,1,0
5565000,3303,0,1,0
5565250,3304,0,1,0
5565500,3303,0,1,0
5565750,3305,0,1,0
5566000,3302,0,1,0
5566250,3331,0,1,0
5566500,3341,0,1,0
5566750,3330,0,1,0
5567000,3324,0,1,0
5567250,3299,0,1,0
5567500,3299,0,1,0
5567750,3300,0,1,0
5568000,3301,0,1,0
5568250,3298,0,1,0
5568500,3298,0,1,0
5568750,3301,0,1,0
5569000,3299,0,1,0
5569250,3294,0,1,0
5569500,3294,0,1,0
5569750,3291,0,1,0
5570000,3292,1,1,0
5570250,3294,1,1,0
5570500,3292,0,1,0
5570750,3290,0,1,0
5571000,3287,0,1,0
5571250,3288,0,1,0
5571500,3290,0,1,0
5571750,3287,0,1,0
5572000,3286,0,1,0
5572250,3287,0,1,0
5572500,3288,0,1,0
5572750,3291,0,1,0
5573000,3286,0,1,0
5573250,3291,0,1,0
5573500,3288,0,1,0
5573750,3288,0,1,0
5574000,3290,0,1,0
5574250,3288,0,1,0
5574500,3294,0,1,0
5574750,3291,0,1,0
5575000,3295,0,1,0
5575250,3293,0,1,0
5575500,3297,0,1,0
5575750,3294,0,1,0
5576000,3300,1,1,0
5576250,3300,1,1,0
5576500,3296,0,1,0
5576750,3302,0,1,0
5577000,3298,0,1,0
5577250,3299,0,1,0
5577500,3303,0,1,0
5577750,3298,0,1,0
5578000,3303,0,1,0
5578250,3303,0,1,0
5578500,3302,0,1,0
5578750,3297,0,1,0
5579000,3297,0,1,0
5579250,3302,0,1,0
5579500,3303,0,1,0
5579750,3300,0,1,0
5580000,3300,0,1,0
5580250,3297,0,1,0
5580500,3301,0,1,0
5580750,3298,0,1,0
5581000,3296,0,1,0
5581250,3295,0,1,0
5581500,3301,0,1,0
5581750,3295,0,1,0
5582000,3298,1,1,0
5582250,3301,1,1,0
5582500,3299,0,1,0
5582750,3295,0,1,0
5583000,3302,0,1,0
5583250,3296,0,1,0
5583500,3302,0,1,0
5583750,3298,0,1,0
5584000,3303,0,1,0
5584250,3301,0,1,0
5584500,3299,0,1,0
5584750,3299,0,1,0
5585000,3304,0,1,0
5585250,3303,0,1,0
5585500,3306,0,1,0
5585750,3309,0,1,0
5586000,3309,0,1,0
5586250,3310,0,1,0
5586500,3308,0,1,0
5586750,3311,0,1,0
5587000,3311,0,1,0
5587250,3314,0,1,0
5587500,3310,0,1,0
5587750,3310,0,1,0
5588000,3313,1,1,0
5588250,3314,1,1,0
5588500,3312,0,1,0
5588750,3313,0,1,0
5589000,3311,0,1,0
5589250,3310,0,1,0
5589500,3312,0,1,0
5589750,3312,0,1,0
5590000,3309,0,1,0
5590250,3338,0,1,0
5590500,3344,0,1,0
5590750,3317,0,1,0
5591000,3311,0,1,0
5591250,3282,0,1,0
5591500,3307,0,1,0
5591750,3304,0,1,0
5592000,3305,0,1,0
5592250,3301,0,1,0
5592500,3305,0,1,0
5592750,3302,0,1,0
5593000,3300,0,1,0
5593250,3297,0,1,0
5593500,3300,0,1,0
5593750,3300,0,1,0
5594000,3299,1,1,0
5594250,3297,1,1,0
5594500,3301,0,1,0
5594750,3300,0,1,0
5595000,3301,0,1,0
5595250,3297,0,1,0
5595500,3301,0,1,0
5595750,3301,0,1,0
5596000,3297,0,1,0
5596250,3267,0,1,0
5596500,3264,0,1,0
5596750,3269,0,1,0
5597000,3274,0,1,0
5597250,3303,0,1,0
5597500,3297,0,1,0
5597750,3303,0,1,0
5598000,3298,0,1,0
5598250,3299,0,1,0
5598500,3299,0,1,0
5598750,3303,0,1,0
5599000,3300,0,1,0
5599250,3301,0,1,0
5599500,3297,0,1,0
5599750,3298,0,1,0
5600000,3301,1,1,0
5600250,3296,1,1,0
5600500,3295,0,1,0
5600750,3298,0,1,0
5601000,3295,0,1,0
5601250,3295,0,1,0
5601500,3296,0,1,0
5601750,3292,0,1,0
5602000,3295,0,1,0
5602250,3319,0,1,0
5602500,3327,0,1,0
5602750,3322,0,1,0
5603000,3312,0,1,0
5603250,3293,0,1,0
5603500,3287,0,1,0
5603750,3287,0,1,0
5604000,3288,0,1,0
5604250,3291,0,1,0
5604500,3285,0,1,0
5604750,3286,0,1,0
5605000,3287,0,1,0
5605250,3287,0,1,0
5605500,3286,0,1,0
5605750,3286,0,1,0
5606000,3288,1,1,0
5606250,3291,1,1,0
5606500,3291,0,1,0
5606750,3294,0,1,0
5607000,3292,0,1,0
5607250,3293,0,1,0
5607500,3298,0,1,0
5607750,3298,0,1,0
5608000,3294,0,1,0
5608250,3266,0,1,0
5608500,3268,0,1,0
5608750,3270,0,1,0
5609000,3278,0,1,0
5609250,3299,0,1,0
5609500,3302,0,1,0
5609750,3302,0,1,0
5610000,3300,0,1,0
5610250,3301,0,1,0
5610500,3301,0,1,0
5610750,3304,0,1,0
5611000,3305,0,1,0
5611250,3307,0,1,0
5611500,3303,0,1,0
5611750,3303,0,1,0
5612000,3306,1,1,0
5612250,3303,1,1,0
5612500,3302,0,1,0
5612750,3306,0,1,0
5613000,3302,0,1,0
5613250,3306,0,1,0
5613500,3305,0,1,0
5613750,3305,0,1,0
5614000,3304,0,1,0
5614250,3333,0,1,0
5614500,3334,0,1,0
5614750,3332,0,1,0
5615000,3322,0,1,0
5615250,3303,0,1,0
5615500,3298,0,1,0
5615750,3299,0,1,0
5616000,3302,0,1,0
5616250,3305,0,1,0
5616500,3300,0,1,0
5616750,3301,0,1,0
5617000,3301,0,1,0
5617250,3302,0,1,0
5617500,3304,0,1,0
5617750,3303,0,1,0
5618000,3306,1,1,0
5618250,3308,1,1,0
5618500,3304,0,1,0
5618750,3310,0,1,0
5619000,3305,0,1,0
5619250,3307,0,1,0
5619500,3309,0,1,0
5619750,3312,0,1,0
5620000,3312,0,1,0
5620250,3309,0,1,0
5620500,3312,0,1,0
5620750,3308,0,1,0
5621000,3312,0,1,0
5621250,3308,0,1,0
5621500,3312,0,1,0
5621750,3312,0,1,0
5622000,3312,0,1,0
5622250,3312,0,1,0
5622500,3312,0,1,0
5622750,3307,0,1,0
5623000,3307,0,1,0
5623250,3309,0,1,0
5623500,3307,0,1,0
5623750,3303,0,1,0
5624000,3306,1,1,0
5624250,3301,1,1,0
5624500,3303,0,1,0
5624750,3298,0,1,0
5625000,3300,0,1,0
5625250,3298,0,1,0
5625500,3297,0,1,0
5625750,3299,0,1,0
5626000,3299,0,1,0
5626250,3293,0,1,0
5626500,3293,0,1,0
5626750,3295,0,1,0
5627000,3296,0,1,0
5627250,3291,0,1,0
5627500,3294,0,1,0
5627750,3296,0,1,0
5628000,3292,0,1,0
5628250,3294,0,1,0
5628500,3291,0,1,0
5628750,3293,0,1,0
5629000,3296,0,1,0
5629250,3293,0,1,0
5629500,3291,0,1,0
5629750,3296,0,1,0
5630000,3297,1,1,0
5630250,3299,1,1,0
5630500,3297,0,1,0
5630750,3293,0,1,0
5631000,3299,0,1,0
5631250,3300,0,1,0
5631500,3297,0,1,0
5631750,3298,0,1,0
5632000,3319,0,1,0
5632250,3320,0,1,0
5632500,3320,0,1,0
5632750,3300,0,1,0
5633000,3294,0,1,0
5633250,3299,0,1,0
5633500,3294,0,1,0
5633750,3298,0,1,0
5634000,3294,0,1,0
5634250,3297,0,1,0
5634500,3295,0,1,0
5634750,3292,0,1,0
5635000,3293,0,1,0
5635250,3294,0,1,0
5635500,3292,0,1,0
5635750,3293,0,1,0
5636000,3292,1,1,0
5636250,3290,1,1,0
5636500,3290,0,1,0
5636750,3291,0,1,0
5637000,3288,0,1,0
5637250,3289,0,1,0
5637500,3288,0,1,0
5637750,3291,0,1,0
5638000,3288,0,1,0
5638250,3266,0,1,0
5638500,3257,0,1,0
5638750,3262,0,1,0
5639000,3268,0,1,0
5639250,3295,0,1,0
5639500,3296,0,1,0
5639750,3298,0,1,0
5640000,3298,0,1,0
5640250,3297,0,1,0
5640500,3302,0,1,0
5640750,3299,0,1,0
5641000,3300,0,1,0
5641250,3305,0,1,0
5641500,3306,0,1,0
5641750,3301,0,1,0
5642000,3304,1,1,0
5642250,3309,1,1,0
5642500,3307,0,1,0
5642750,3310,0,1,0
5643000,3310,0,1,0
5643250,3310,0,1,0
5643500,3311,0,1,0
5643750,3309,0,1,0
5644000,3312,0,1,0
5644250,3309,0,1,0
5644500,3306,0,1,0
5644750,3307,0,1,0
5645000,3309,0,1,0
5645250,3312,0,1,0
5645500,3309,0,1,0
5645750,3311,0,1,0
5646000,3308,0,1,0
5646250,3305,0,1,0
5646500,3304,0,1,0
5646750,3306,0,1,0
5647000,3305,0,1,0
5647250,3308,0,1,0
5647500,3303,0,1,0
5647750,3306,0,1,0
5648000,3302,1,1,0
5648250,3304,1,1,0
5648500,3305,0,1,0
5648750,3304,0,1,0
5649000,3300,0,1,0
5649250,3300,0,1,0
5649500,3304,0,1,0
5649750,3303,0,1,0
5650000,3302,0,1,0
5650250,3305,0,1,0
5650500,3302,0,1,0
5650750,3306,0,1,0
5651000,3306,0,1,0
5651250,3307,0,1,0
5651500,3308,0,1,0
5651750,3302,0,1,0
5652000,3303,0,1,0
5652250,3307,0,1,0
5652500,3309,0,1,0
5652750,3309,0,1,0
5653000,3307,0,1,0
5653250,3310,0,1,0
5653500,3304,0,1,0
5653750,3309,0,1,0
5654000,3304,1,1,0
5654250,3310,1,1,0
5654500,3307,0,1,0
5654750,3309,0,1,0
5655000,3308,0,1,0
5655250,3307,0,1,0
5655500,3302,0,1,0
5655750,3302,0,1,0
5656000,3299,0,1,0
5656250,3301,0,1,0
5656500,3303,0,1,0
5656750,3301,0,1,0
5657000,3302,0,1,0
5657250,3296,0,1,0
5657500,3300,0,1,0
5657750,3297,0,1,0
5658000,3297,0,1,0
5658250,3294,0,1,0
5658500,3290,0,1,0
5658750,3295,0,1,0
5659000,3289,0,1,0
5659250,3291,0,1,0
5659500,3287,0,1,0
5659750,3288,0,1,0
5660000,3291,1,1,0
5660250,3290,1,1,0
5660500,3292,0,1,0
5660750,3291,0,1,0
5661000,3291,0,1,0
5661250,3288,0,1,0
5661500,3291,0,1,0
5661750,3290,0,1,0
5662000,3291,0,1,0
5662250,3289,0,1,0
5662500,3290,0,1,0
5662750,3296,0,1,0
5663000,3293,0,1,0
5663250,3294,0,1,0
5663500,3298,0,1,0
5663750,3293,0,1,0
5664000,3296,0,1,0
5664250,3298,0,1,0
5664500,3294,0,1,0
5664750,3301,0,1,0
5665000,3299,0,1,0
5665250,3299,0,1,0
5665500,3299,0,1,0
5665750,3299,0,1,0
5666000,3296,1,1,0
5666250,3302,1,1,0
5666500,3298,0,1,0
5666750,3296,0,1,0
5667000,3298,0,1,0
5667250,3301,0,1,0
5667500,3298,0,1,0
5667750,3299,0,1,0
5668000,3294,0,1,0
5668250,3296,0,1,0
5668500,3297,0,1,0
5668750,3297,0,1,0
5669000,3293,0,1,0
5669250,3293,0,1,0
5669500,3293,0,1,0
5669750,3296,0,1,0
5670000,3298,0,1,0
5670250,3294,0,1,0
5670500,3297,0,1,0
5670750,3299,0,1,0
5671000,3295,0,1,0
5671250,3299,0,1,0
5671500,3296,0,1,0
5671750,3299,0,1,0
5672000,3300,1,1,0
5672250,3301,1,1,0
5672500,3302,0,1,0
5672750,3298,0,1,0
5673000,3298,0,1,0
5673250,3299,0,1,0
5673500,3302,0,1,0
5673750,3305,0,1,0
5674000,3304,0,1,0
5674250,3308,0,1,0
5674500,3311,0,1,0
5674750,3305,0,1,0
5675000,3312,0,1,0
5675250,3313,0,1,0
5675500,3309,0,1,0
5675750,3311,0,1,0
5676000,3313,0,1,0
5676250,3315,0,1,0
5676500,3314,0,1,0
5676750,3315,0,1,0
5677000,3315,0,1,0
5677250,3309,0,1,0
5677500,3313,0,1,0
5677750,3314,0,1,0
5678000,3311,1,1,0
5678250,3313,1,1,0
5678500,3310,0,1,0
5678750,3311,0,1,0
5679000,3311,0,1,0
5679250,3310,0,1,0
5679500,3307,0,1,0
5679750,3303,0,1,0
5680000,3308,0,1,0
5680250,3302,0,1,0
5680500,3305,0,1,0
5680750,3302,0,1,0
5681000,3300,0,1,0
5681250,3303,0,1,0
5681500,3303,0,1,0
5681750,3300,0,1,0
5682000,3302,0,1,0
5682250,3299,0,1,0
5682500,3299,0,1,0
5682750,3300,0,1,0
5683000,3303,0,1,0
5683250,3303,0,1,0
5683500,3298,0,1,0
5683750,3298,0,1,0
5684000,3303,1,1,0
5684250,3298,1,1,0
5684500,3298,0,1,0
5684750,3302,0,1,0
5685000,3302,0,1,0
5685250,3302,0,1,0
5685500,3300,0,1,0
5685750,3305,0,1,0
5686000,3304,0,1,0
5686250,3276,0,1,0
5686500,3271,0,1,0
5686750,3271,0,1,0
5687000,3278,0,1,0
5687250,3304,0,1,0
5687500,3301,0,1,0
5687750,3298,0,1,0
5688000,3301,0,1,0
5688250,3303,0,1,0
5688500,3298,0,1,0
5688750,3296,0,1,0
5689000,3301,0,1,0
5689250,3294,0,1,0
5689500,3296,0,1,0
5689750,3294,0,1,0
5690000,3293,1,1,0
5690250,3291,1,1,0
5690500,3294,0,1,0
5690750,3293,0,1,0
5691000,3293,0,1,0
5691250,3289,0,1,0
5691500,3287,0,1,0
5691750,3289,0,1,0
5692000,3286,0,1,0
5692250,3285,0,1,0
5692500,3285,0,1,0
5692750,3290,0,1,0
5693000,3290,0,1,0
5693250,3287,0,1,0
5693500,3289,0,1,0
5693750,3291,0,1,0
5694000,3292,0,1,0
5694250,3291,0,1,0
5694500,3287,0,1,0
5694750,3291,0,1,0
5695000,3292,0,1,0
5695250,3291,0,1,0
5695500,3291,0,1,0
5695750,3295,0,1,0
5696000,3293,1,1,0
5696250,3298,1,1,0
5696500,3296,0,1,0
5696750,3296,0,1,0
5697000,3301,0,1,0
5697250,3300,0,1,0
5697500,3297,0,1,0
5697750,3301,0,1,0
5698000,3301,0,1,0
5698250,3304,0,1,0
5698500,3300,0,1,0
5698750,3305,0,1,0
5699000,3301,0,1,0
5699250,3305,0,1,0
5699500,3302,0,1,0
5699750,3300,0,1,0
5700000,3302,0,1,0
5700250,3305,0,1,0
5700500,3300,0,1,0
5700750,3303,0,1,0
5701000,3301,0,1,0
5701250,3301,0,1,0
5701500,3301,0,1,0
5701750,3302,0,1,0
5702000,3303,1,1,0
5702250,3301,1,1,0
5702500,3303,0,1,0
5702750,3303,0,1,0
5703000,3301,0,1,0
5703250,3302,0,1,0
5703500,3302,0,1,0
5703750,3297,0,1,0
5704000,3300,0,1,0
5704250,3300,0,1,0
5704500,3304,0,1,0
5704750,3302,0,1,0
5705000,3301,0,1,0
5705250,3302,0,1,0
5705500,3304,0,1,0
5705750,3301,0,1,0
5706000,3306,0,1,0
5706250,3309,0,1,0
5706500,3310,0,1,0
5706750,3309,0,1,0
5707000,3308,0,1,0
5707250,3308,0,1,0
5707500,3310,0,1,0
5707750,3307,0,1,0
5708000,3312,1,1,0
5708250,3311,1,1,0
5708500,3309,0,1,0
5708750,3313,0,1,0
5709000,3310,0,1,0
5709250,3309,0,1,0
5709500,3313,0,1,0
5709750,3311,0,1,0
5710000,3309,0,1,0
5710250,3342,0,1,0
5710500,3342,0,1,0
5710750,3337,0,1,0
5711000,3330,0,1,0
5711250,3305,0,1,0
5711500,3308,0,1,0
5711750,3309,0,1,0
5712000,3304,0,1,0
5712250,3307,0,1,0
5712500,3301,0,1,0
5712750,3300,0,1,0
5713000,3303,0,1,0
5713250,3297,0,1,0
5713500,3302,0,1,0
5713750,3298,0,1,0
5714000,3298,1,1,0
5714250,3300,1,1,0
5714500,3300,0,1,0
5714750,3296,0,1,0
5715000,3295,0,1,0
5715250,3299,0,1,0
5715500,3294,0,1,0
5715750,3297,0,1,0
5716000,3292,0,1,0
5716250,3295,0,1,0
5716500,3292,0,1,0
5716750,3296,0,1,0
5717000,3295,0,1,0
5717250,3298,0,1,0
5717500,3299,0,1,0
5717750,3295,0,1,0
5718000,3296,0,1,0
5718250,3298,0,1,0
5718500,3300,0,1,0
5718750,3295,0,1,0
5719000,3296,0,1,0
5719250,3299,0,1,0
5719500,3297,0,1,0
5719750,3299,0,1,0
5720000,3296,1,1,0
5720250,3298,1,1,0
5720500,3300,0,1,0
5720750,3295,0,1,0
5721000,3300,0,1,0
5721250,3294,0,1,0
5721500,3296,0,1,0
5721750,3296,0,1,0
5722000,3296,0,1,0
5722250,3295,0,1,0
5722500,3293,0,1,0
5722750,3294,0,1,0
5723000,3292,0,1,0
5723250,3292,0,1,0
5723500,3290,0,1,0
5723750,3292,0,1,0
5724000,3290,0,1,0
5724250,3288,0,1,0
5724500,3290,0,1,0
5724750,3287,0,1,0
5725000,3287,0,1,0
5725250,3292,0,1,0
5725500,3288,0,1,0
5725750,3291,0,1,0
5726000,3291,1,1,0
5726250,3288,1,1,0
5726500,3288,0,1,0
5726750,3291,0,1,0
5727000,3290,0,1,0
5727250,3295,0,1,0
5727500,3291,0,1,0
5727750,3294,0,1,0
5728000,3295,0,1,0
5728250,3326,0,1,0
5728500,3333,0,1,0
5728750,3325,0,1,0
5729000,3320,0,1,0
5729250,3300,0,1,0
5729500,3298,0,1,0
5729750,3298,0,1,0
5730000,3304,0,1,0
5730250,3304,0,1,0
5730500,3307,0,1,0
5730750,3306,0,1,0
5731000,3305,0,1,0
5731250,3306,0,1,0
5731500,3308,0,1,0
5731750,3310,0,1,0
5732000,3307,1,1,0
5732250,3308,1,1,0
5732500,3306,0,1,0
5732750,3307,0,1,0
5733000,3304,0,1,0
5733250,3306,0,1,0
5733500,3305,0,1,0
5733750,3304,0,1,0
5734000,3307,0,1,0
5734250,3335,0,1,0
5734500,3337,0,1,0
5734750,3336,0,1,0
5735000,3331,0,1,0
5735250,3304,0,1,0
5735500,3302,0,1,0
5735750,3306,0,1,0
5736000,3304,0,1,0
5736250,3301,0,1,0
5736500,3300,0,1,0
5736750,3302,0,1,0
5737000,3303,0,1,0
5737250,3301,0,1,0
5737500,3302,0,1,0
5737750,3304,0,1,0
5738000,3306,1,1,0
5738250,3303,1,1,0
5738500,3303,0,1,0
5738750,3303,0,1,0
5739000,3303,0,1,0
5739250,3304,0,1,0
5739500,3307,0,1,0
5739750,3304,0,1,0
5740000,3307,0,1,0
5740250,3336,0,1,0
5740500,3342,0,1,0
5740750,3335,0,1,0
5741000,3330,0,1,0
5741250,3311,0,1,0
5741500,3309,0,1,0
5741750,3308,0,1,0
5742000,3311,0,1,0
5742250,3312,0,1,0
5742500,3310,0,1,0
5742750,3308,0,1,0
5743000,3306,0,1,0
5743250,3305,0,1,0
5743500,3303,0,1,0
5743750,3305,0,1,0
5744000,3304,1,1,0
5744250,3307,1,1,0
5744500,3305,0,1,0
5744750,3299,0,1,0
5745000,3298,0,1,0
5745250,3300,0,1,0
5745500,3299,0,1,0
5745750,3301,0,1,0
5746000,3299,0,1,0
5746250,3323,0,1,0
5746500,3332,0,1,0
5746750,3322,0,1,0
5747000,3320,0,1,0
5747250,3292,0,1,0
5747500,3295,0,1,0
5747750,3293,0,1,0
5748000,3292,0,1,0
5748250,3288,0,1,0
5748500,3290,0,1,0
5748750,3289,0,1,0
5749000,3293,0,1,0
5749250,3294,0,1,0
5749500,3293,0,1,0
5749750,3294,0,1,0
5750000,3295,1,1,0
5750250,3294,1,1,0
5750500,3290,0,1,0
5750750,3295,0,1,0
5751000,3294,0,1,0
5751250,3295,0,1,0
5751500,3294,0,1,0
5751750,3298,0,1,0
5752000,3295,0,1,0
5752250,3299,0,1,0
5752500,3296,0,1,0
5752750,3295,0,1,0
5753000,3296,0,1,0
5753250,3296,0,1,0
5753500,3295,0,1,0
5753750,3295,0,1,0
5754000,3295,0,1,0
5754250,3300,0,1,0
5754500,3298,0,1,0
5754750,3298,0,1,0
5755000,3296,0,1,0
5755250,3297,0,1,0
5755500,3293,0,1,0
5755750,3292,0,1,0
5756000,3297,1,1,0
5756250,3294,1,1,0
5756500,3293,0,1,0
5756750,3297,0,1,0
5757000,3291,0,1,0
5757250,3294,0,1,0
5757500,3290,0,1,0
5757750,3292,0,1,0
5758000,3296,0,1,0
5758250,3266,0,1,0
5758500,3260,0,1,0
5758750,3263,0,1,0
5759000,3273,0,1,0
5759250,3296,0,1,0
5759500,3297,0,1,0
5759750,3293,0,1,0
5760000,3298,0,1,0
5760250,3299,0,1,0
5760500,3295,0,1,0
5760750,3298,0,1,0
5761000,3298,0,1,0
5761250,3303,0,1,0
5761500,3302,0,1,0
5761750,3302,0,1,0
5762000,3304,1,1,0
5762250,3302,1,1,0
5762500,3303,0,1,0
5762750,3304,0,1,0
5763000,3308,0,1,0
5763250,3310,0,1,0
5763500,3307,0,1,0
5763750,3307,0,1,0
5764000,3311,0,1,0
5764250,3313,0,1,0
5764500,3309,0,1,0
5764750,3313,0,1,0
5765000,3310,0,1,0
5765250,3311,0,1,0
5765500,3311,0,1,0
5765750,3310,0,1,0
5766000,3312,0,1,0
5766250,3311,0,1,0
5766500,3308,0,1,0
5766750,3310,0,1,0
5767000,3306,0,1,0
5767250,3307,0,1,0
5767500,3306,0,1,0
5767750,3308,0,1,0
5768000,3305,1,1,0
5768250,3304,1,1,0
5768500,3304,0,1,0
5768750,3305,0,1,0
5769000,3306,0,1,0
5769250,3299,0,1,0
5769500,3299,0,1,0
5769750,3305,0,1,0
5770000,3302,0,1,0
5770250,3274,0,1,0
5770500,3265,0,1,0
5770750,3273,0,1,0
5771000,3279,0,1,0
5771250,3301,0,1,0
5771500,3304,0,1,0
5771750,3303,0,1,0
5772000,3305,0,1,0
5772250,3303,0,1,0
5772500,3306,0,1,0
5772750,3300,0,1,0
5773000,3303,0,1,0
5773250,3307,0,1,0
5773500,3304,0,1,0
5773750,3306,0,1,0
5774000,3304,1,1,0
5774250,3304,1,1,0
5774500,3307,0,1,0
5774750,3308,0,1,0
5775000,3303,0,1,0
5775250,3304,0,1,0
5775500,3304,0,1,0
5775750,3303,0,1,0
5776000,3305,0,1,0
5776250,3303,0,1,0
5776500,3300,0,1,0
5776750,3303,0,1,0
5777000,3299,0,1,0
5777250,3301,0,1,0
5777500,3299,0,1,0
5777750,3298,0,1,0
5778000,3293,0,1,0
5778250,3293,0,1,0
5778500,3294,0,1,0
5778750,3290,0,1,0
5779000,3293,0,1,0
5779250,3292,0,1,0
5779500,3292,0,1,0
5779750,3287,0,1,0
5780000,3289,1,1,0
5780250,3289,1,1,0
5780500,3290,0,1,0
5780750,3291,0,1,0
5781000,3288,0,1,0
5781250,3286,0,1,0
5781500,3288,0,1,0
5781750,3287,0,1,0
5782000,3290,0,1,0
5782250,3262,0,1,0
5782500,3256,0,1,0
5782750,3263,0,1,0
5783000,3267,0,1,0
5783250,3288,0,1,0
5783500,3294,0,1,0
5783750,3292,0,1,0
5784000,3297,0,1,0
5784250,3297,0,1,0
5784500,3296,0,1,0
5784750,3293,0,1,0
5785000,3299,0,1,0
5785250,3296,0,1,0
5785500,3295,0,1,0
5785750,3301,0,1,0
5786000,3300,1,1,0
5786250,3301,1,1,0
5786500,3297,0,1,0
5786750,3300,0,1,0
5787000,3299,0,1,0
5787250,3297,0,1,0
5787500,3302,0,1,0
5787750,3297,0,1,0
5788000,3303,0,1,0
5788250,3302,0,1,0
5788500,3301,0,1,0
5788750,3298,0,1,0
5789000,3301,0,1,0
5789250,3298,0,1,0
5789500,3300,0,1,0
5789750,3300,0,1,0
5790000,3300,0,1,0
5790250,3299,0,1,0
5790500,3299,0,1,0
5790750,3298,0,1,0
5791000,3297,0,1,0
5791250,3296,0,1,0
5791500,3297,0,1,0
5791750,3298,0,1,0
5792000,3299,1,1,0
5792250,3299,1,1,0
5792500,3301,0,1,0
5792750,3303,0,1,0
5793000,3300,0,1,0
5793250,3299,0,1,0
5793500,3302,0,1,0
5793750,3303,0,1,0
5794000,3301,0,1,0
5794250,3306,0,1,0
5794500,3304,0,1,0
5794750,3308,0,1,0
5795000,3305,0,1,0
5795250,3310,0,1,0
5795500,3307,0,1,0
5795750,3310,0,1,0
5796000,3310,0,1,0
5796250,3312,0,1,0
5796500,3313,0,1,0
5796750,3315,0,1,0
5797000,3311,0,1,0
5797250,3311,0,1,0
5797500,3314,0,1,0
5797750,3311,0,1,0
5798000,3312,1,1,0
5798250,3309,1,1,0
5798500,3314,0,1,0
5798750,3308,0,1,0
5799000,3309,0,1,0
5799250,3308,0,1,0
5799500,3310,0,1,0
5799750,3309,0,1,0
5800000,3307,0,1,0
5800250,3305,0,1,0
5800500,3308,0,1,0
5800750,3304,0,1,0
5801000,3306,0,1,0
5801250,3299,0,1,0
5801500,3303,0,1,0
5801750,3297,0,1,0
5802000,3301,0,1,0
5802250,3301,0,1,0
5802500,3297,0,1,0
5802750,3300,0,1,0
5803000,3296,0,1,0
5803250,3297,0,1,0
5803500,3296,0,1,0
5803750,3300,0,1,0
5804000,3295,1,1,0
5804250,3297,1,1,0
5804500,3298,0,1,0
5804750,3298,0,1,0
5805000,3300,0,1,0
5805250,3302,0,1,0
5805500,3296,0,1,0
5805750,3301,0,1,0
5806000,3300,0,1,0
5806250,3269,0,1,0
5806500,3264,0,1,0
5806750,3274,0,1,0
5807000,3274,0,1,0
5807250,3303,0,1,0
5807500,3299,0,1,0
5807750,3303,0,1,0
5808000,3303,0,1,0
5808250,3303,0,1,0
5808500,3303,0,1,0
5808750,3300,0,1,0
5809000,3300,0,1,0
5809250,3301,0,1,0
5809500,3300,0,1,0
5809750,3295,0,1,0
5810000,3296,1,1,0
5810250,3296,1,1,0
5810500,3294,0,1,0
5810750,3292,0,1,0
5811000,3293,0,1,0
5811250,3290,0,1,0
5811500,3291,0,1,0
5811750,3291,0,1,0
5812000,3288,0,1,0
5812250,3291,0,1,0
5812500,3288,0,1,0
5812750,3287,0,1,0
5813000,3287,0,1,0
5813250,3287,0,1,0
5813500,3285,0,1,0
5813750,3290,0,1,0
5814000,3288,0,1,0
5814250,3285,0,1,0
5814500,3292,0,1,0
5814750,3286,0,1,0
5815000,3293,0,1,0
5815250,3289,0,1,0
5815500,3289,0,1,0
5815750,3291,0,1,0
5816000,3296,1,1,0
5816250,3293,1,1,0
5816500,3294,0,1,0
5816750,3293,0,1,0
5817000,3300,0,1,0
5817250,3295,0,1,0
5817500,3300,0,1,0
5817750,3300,0,1,0
5818000,3301,0,1,0
5818250,3299,0,1,0
5818500,3304,0,1,0
5818750,3303,0,1,0
5819000,3305,0,1,0
5819250,3303,0,1,0
5819500,3303,0,1,0
5819750,3307,0,1,0
5820000,3307,0,1,0
5820250,3305,0,1,0
5820500,3304,0,1,0
5820750,3305,0,1,0
5821000,3307,0,1,0
5821250,3306,0,1,0
5821500,3302,0,1,0
5821750,3304,0,1,0
5822000,3301,1,1,0
5822250,3306,1,1,0
5822500,3305,0,1,0
5822750,3302,0,1,0
5823000,3301,0,1,0
5823250,3299,0,1,0
5823500,3302,0,1,0
5823750,3303,0,1,0
5824000,3298,0,1,0
5824250,3330,0,1,0
5824500,3336,0,1,0
5824750,3329,0,1,0
5825000,3323,0,1,0
5825250,3302,0,1,0
5825500,3299,0,1,0
5825750,3306,0,1,0
5826000,3303,0,1,0
5826250,3302,0,1,0
5826500,3301,0,1,0
5826750,3306,0,1,0
5827000,3305,0,1,0
5827250,3303,0,1,0
5827500,3307,0,1,0
5827750,3311,0,1,0
5828000,3306,1,1,0
5828250,3311,1,1,0
5828500,3310,0,1,0
5828750,3309,0,1,0
5829000,3310,0,1,0
5829250,3312,0,1,0
5829500,3313,0,1,0
5829750,3310,0,1,0
5830000,3308,0,1,0
5830250,3309,0,1,0
5830500,3314,0,1,0
5830750,3311,0,1,0
5831000,3309,0,1,0
5831250,3310,0,1,0
5831500,3312,0,1,0
5831750,3305,0,1,0
5832000,3309,0,1,0
5832250,3304,0,1,0
5832500,3308,0,1,0
5832750,3304,0,1,0
5833000,3302,0,1,0
5833250,3300,0,1,0
5833500,3301,0,1,0
5833750,3301,0,1,0
5834000,3298,1,1,0
5834250,3297,1,1,0
5834500,3297,0,1,0
5834750,3293,0,1,0
5835000,3294,0,1,0
5835250,3294,0,1,0
5835500,3295,0,1,0
5835750,3291,0,1,0
5836000,3290,0,1,0
5836250,3320,0,1,0
5836500,3330,0,1,0
5836750,3323,0,1,0
5837000,3320,0,1,0
5837250,3292,0,1,0
5837500,3294,0,1,0
5837750,3296,0,1,0
5838000,3292,0,1,0
5838250,3297,0,1,0
5838500,3295,0,1,0
5838750,3295,0,1,0
5839000,3292,0,1,0
5839250,3294,0,1,0
5839500,3296,0,1,0
5839750,3297,0,1,0
5840000,3299,1,1,0
5840250,3298,1,1,0
5840500,3297,0,1,0
5840750,3301,0,1,0
5841000,3296,0,1,0
5841250,3296,0,1,0
5841500,3299,0,1,0
5841750,3294,0,1,0
5842000,3294,0,1,0
5842250,3300,0,1,0
5842500,3295,0,1,0
5842750,3297,0,1,0
5843000,3299,0,1,0
5843250,3294,0,1,0
5843500,3294,0,1,0
5843750,3297,0,1,0
5844000,3291,0,1,0
5844250,3296,0,1,0
5844500,3289,0,1,0
5844750,3289,0,1,0
5845000,3295,0,1,0
5845250,3292,0,1,0
5845500,3288,0,1,0
5845750,3290,0,1,0
5846000,3292,1,1,0
5846250,3290,1,1,0
5846500,3288,0,1,0
5846750,3289,0,1,0
5847000,3291,0,1,0
5847250,3290,0,1,0
5847500,3293,0,1,0
5847750,3296,0,1,0
5848000,3293,0,1,0
5848250,3296,0,1,0
5848500,3299,0,1,0
5848750,3299,0,1,0
5849000,3300,0,1,0
5849250,3298,0,1,0
5849500,3297,0,1,0
5849750,3297,0,1,0
5850000,3299,0,1,0
5850250,3303,0,1,0
5850500,3302,0,1,0
5850750,3306,0,1,0
5851000,3307,0,1,0
5851250,3303,0,1,0
5851500,3305,0,1,0
5851750,3310,0,1,0
5852000,3306,1,1,0
5852250,3307,1,1,0
5852500,3309,0,1,0
5852750,3312,0,1,0
5853000,3312,0,1,0
5853250,3309,0,1,0
5853500,3306,0,1,0
5853750,3309,0,1,0
5854000,3332,0,1,0
5854250,3365,0,1,0
5854500,3363,0,1,0
5854750,3337,0,1,0
5855000,3334,0,1,0
5855250,3306,0,1,0
5855500,3307,0,1,0
5855750,3302,0,1,0
5856000,3303,0,1,0
5856250,3307,0,1,0
5856500,3303,0,1,0
5856750,3304,0,1,0
5857000,3300,0,1,0
5857250,3306,0,1,0
5857500,3306,0,1,0
5857750,3305,0,1,0
5858000,3301,1,1,0
5858250,3299,1,1,0
5858500,3305,0,1,0
5858750,3300,0,1,0
5859000,3305,0,1,0
5859250,3306,0,1,0
5859500,3301,0,1,0
5859750,3305,0,1,0
5860000,3301,0,1,0
5860250,3273,0,1,0
5860500,3268,0,1,0
5860750,3277,0,1,0
5861000,3281,0,1,0
5861250,3309,0,1,0
5861500,3307,0,1,0
5861750,3307,0,1,0
5862000,3308,0,1,0
5862250,3309,0,1,0
5862500,3310,0,1,0
5862750,3308,0,1,0
5863000,3305,0,1,0
5863250,3307,0,1,0
5863500,3308,0,1,0
5863750,3304,0,1,0
5864000,3304,1,1,0
5864250,3305,1,1,0
5864500,3306,0,1,0
5864750,3304,0,1,0
5865000,3305,0,1,0
5865250,3301,0,1,0
5865500,3302,0,1,0
5865750,3299,0,1,0
5866000,3302,0,1,0
5866250,3271,0,1,0
5866500,3262,0,1,0
5866750,3263,0,1,0
5867000,3268,0,1,0
5867250,3296,0,1,0
5867500,3289,0,1,0
5867750,3292,0,1,0
5868000,3290,0,1,0
5868250,3292,0,1,0
5868500,3293,0,1,0
5868750,3291,0,1,0
5869000,3292,0,1,0
5869250,3286,0,1,0
5869500,3288,0,1,0
5869750,3288,0,1,0
5870000,3292,1,1,0
5870250,3286,1,1,0
5870500,3292,0,1,0
5870750,3293,0,1,0
5871000,3292,0,1,0
5871250,3295,0,1,0
5871500,3291,0,1,0
5871750,3293,0,1,0
5872000,3296,0,1,0
5872250,3295,0,1,0
5872500,3295,0,1,0
5872750,3297,0,1,0
5873000,3296,0,1,0
5873250,3295,0,1,0
5873500,3299,0,1,0
5873750,3296,0,1,0
5874000,3296,0,1,0
5874250,3299,0,1,0
5874500,3302,0,1,0
5874750,3300,0,1,0
5875000,3297,0,1,0
5875250,3300,0,1,0
5875500,3302,0,1,0
5875750,3298,0,1,0
5876000,3298,1,1,0
5876250,3299,1,1,0
5876500,3298,0,1,0
5876750,3300,0,1,0
5877000,3297,0,1,0
5877250,3294,0,1,0
5877500,3295,0,1,0
5877750,3297,0,1,0
5878000,3293,0,1,0
5878250,3292,0,1,0
5878500,3292,0,1,0
5878750,3297,0,1,0
5879000,3293,0,1,0
5879250,3293,0,1,0
5879500,3296,0,1,0
5879750,3299,0,1,0
5880000,3299,0,1,0
5880250,3297,0,1,0
5880500,3296,0,1,0
5880750,3300,0,1,0
5881000,3297,0,1,0
5881250,3302,0,1,0
5881500,3302,0,1,0
5881750,3300,0,1,0
5882000,3301,1,1,0
5882250,3304,1,1,0
5882500,3306,0,1,0
5882750,3307,0,1,0
5883000,3309,0,1,0
5883250,3305,0,1,0
5883500,3308,0,1,0
5883750,3312,0,1,0
5884000,3308,0,1,0
5884250,3283,0,1,0
5884500,3274,0,1,0
5884750,3285,0,1,0
5885000,3291,0,1,0
5885250,3310,0,1,0
5885500,3310,0,1,0
5885750,3314,0,1,0
5886000,3313,0,1,0
5886250,3315,0,1,0
5886500,3310,0,1,0
5886750,3308,0,1,0
5887000,3310,0,1,0
5887250,3307,0,1,0
5887500,3306,0,1,0
5887750,3305,0,1,0
5888000,3305,1,1,0
5888250,3310,1,1,0
5888500,3307,0,1,0
5888750,3308,0,1,0
5889000,3303,0,1,0
5889250,3303,0,1,0
5889500,3306,0,1,0
5889750,3305,0,1,0
5890000,3302,0,1,0
5890250,3330,0,1,0
5890500,3335,0,1,0
5890750,3331,0,1,0
5891000,3327,0,1,0
5891250,3297,0,1,0
5891500,3301,0,1,0
5891750,3300,0,1,0
5892000,3299,0,1,0
5892250,3300,0,1,0
5892500,3300,0,1,0
5892750,3301,0,1,0
5893000,3299,0,1,0
5893250,3298,0,1,0
5893500,3304,0,1,0
5893750,3298,0,1,0
5894000,3300,1,1,0
5894250,3301,1,1,0
5894500,3303,0,1,0
5894750,3304,0,1,0
5895000,3302,0,1,0
5895250,3304,0,1,0
5895500,3301,0,1,0
5895750,3304,0,1,0
5896000,3302,0,1,0
5896250,3301,0,1,0
5896500,3299,0,1,0
5896750,3304,0,1,0
5897000,3302,0,1,0
5897250,3301,0,1,0
5897500,3303,0,1,0
5897750,3299,0,1,0
5898000,3301,0,1,0
5898250,3300,0,1,0
5898500,3298,0,1,0
5898750,3297,0,1,0
5899000,3297,0,1,0
5899250,3291,0,1,0
5899500,3292,0,1,0
5899750,3291,0,1,0
5900000,3292,1,1,0
5900250,3290,1,1,0
5900500,3289,0,1,0
5900750,3286,0,1,0
5901000,3289,0,1,0
5901250,3287,0,1,0
5901500,3288,0,1,0
5901750,3285,0,1,0
5902000,3287,0,1,0
5902250,3256,0,1,0
5902500,3253,0,1,0
5902750,3259,0,1,0
5903000,3264,0,1,0
5903250,3287,0,1,0
5903500,3291,0,1,0
5903750,3289,0,1,0
5904000,3289,0,1,0
5904250,3295,0,1,0
5904500,3296,0,1,0
5904750,3293,0,1,0
5905000,3298,0,1,0
5905250,3293,0,1,0
5905500,3297,0,1,0
5905750,3296,0,1,0
5906000,3302,1,1,0
5906250,3298,1,1,0
5906500,3299,0,1,0
5906750,3300,0,1,0
5907000,3304,0,1,0
5907250,3303,0,1,0
5907500,3301,0,1,0
5907750,3303,0,1,0
5908000,3305,0,1,0
5908250,3332,0,1,0
5908500,3336,0,1,0
5908750,3309,0,1,0
5909000,3301,0,1,0
5909250,3277,0,1,0
5909500,3302,0,1,0
5909750,3304,0,1,0
5910000,3301,0,1,0
5910250,3303,0,1,0
5910500,3302,0,1,0
5910750,3302,0,1,0
5911000,3298,0,1,0
5911250,3300,0,1,0
5911500,3302,0,1,0
5911750,3297,0,1,0
5912000,3301,1,1,0
5912250,3297,1,1,0
5912500,3301,0,1,0
5912750,3301,0,1,0
5913000,3303,0,1,0
5913250,3301,0,1,0
5913500,3303,0,1,0
5913750,3302,0,1,0
5914000,3300,0,1,0
5914250,3305,0,1,0
5914500,3305,0,1,0
5914750,3305,0,1,0
5915000,3304,0,1,0
5915250,3307,0,1,0
5915500,3306,0,1,0
5915750,3305,0,1,0
5916000,3309,0,1,0
5916250,3310,0,1,0
5916500,3313,0,1,0
5916750,3311,0,1,0
5917000,3310,0,1,0
5917250,3314,0,1,0
5917500,3309,0,1,0
5917750,3310,0,1,0
5918000,3309,1,1,0
5918250,3314,1,1,0
5918500,3310,0,1,0
5918750,3315,0,1,0
5919000,3310,0,1,0
5919250,3308,0,1,0
5919500,3311,0,1,0
5919750,3307,0,1,0
5920000,3309,0,1,0
5920250,3305,0,1,0
5920500,3309,0,1,0
5920750,3306,0,1,0
5921000,3305,0,1,0
5921250,3302,0,1,0
5921500,3302,0,1,0
5921750,3303,0,1,0
5922000,3299,0,1,0
5922250,3299,0,1,0
5922500,3303,0,1,0
5922750,3299,0,1,0
5923000,3299,0,1,0
5923250,3296,0,1,0
5923500,3298,0,1,0
5923750,3298,0,1,0
5924000,3294,1,1,0
5924250,3295,1,1,0
5924500,3292,0,1,0
5924750,3292,0,1,0
5925000,3296,0,1,0
5925250,3293,0,1,0
5925500,3298,0,1,0
5925750,3295,0,1,0
5926000,3293,0,1,0
5926250,3293,0,1,0
5926500,3299,0,1,0
5926750,3296,0,1,0
5927000,3297,0,1,0
5927250,3299,0,1,0
5927500,3298,0,1,0
5927750,3300,0,1,0
5928000,3297,0,1,0
5928250,3298,0,1,0
5928500,3301,0,1,0
5928750,3301,0,1,0
5929000,3300,0,1,0
5929250,3301,0,1,0
5929500,3296,0,1,0
5929750,3299,0,1,0
5930000,3300,1,1,0
5930250,3295,1,1,0
5930500,3296,0,1,0
5930750,3297,0,1,0
5931000,3293,0,1,0
5931250,3297,0,1,0
5931500,3296,0,1,0
5931750,3291,0,1,0
5932000,3296,0,1,0
5932250,3290,0,1,0
5932500,3292,0,1,0
5932750,3292,0,1,0
5933000,3289,0,1,0
5933250,3290,0,1,0
5933500,3292,0,1,0
5933750,3292,0,1,0
5934000,3289,0,1,0
5934250,3286,0,1,0
5934500,3292,0,1,0
5934750,3292,0,1,0
5935000,3286,0,1,0
5935250,3292,0,1,0
5935500,3291,0,1,0
5935750,3288,0,1,0
5936000,3291,1,1,0
5936250,3295,1,1,0
5936500,3292,0,1,0
5936750,3297,0,1,0
5937000,3298,0,1,0
5937250,3295,0,1,0
5937500,3296,0,1,0
5937750,3301,0,1,0
5938000,3300,0,1,0
5938250,3297,0,1,0
5938500,3298,0,1,0
5938750,3305,0,1,0
5939000,3306,0,1,0
5939250,3302,0,1,0
5939500,3305,0,1,0
5939750,3303,0,1,0
5940000,3307,0,1,0
5940250,3303,0,1,0
5940500,3309,0,1,0
5940750,3304,0,1,0
5941000,3308,0,1,0
5941250,3304,0,1,0
5941500,3310,0,1,0
5941750,3304,0,1,0
5942000,3306,1,1,0
5942250,3309,1,1,0
5942500,3306,0,1,0
5942750,3306,0,1,0
5943000,3308,0,1,0
5943250,3308,0,1,0
5943500,3304,0,1,0
5943750,3304,0,1,0
5944000,3306,0,1,0
5944250,3300,0,1,0
5944500,3301,0,1,0
5944750,3302,0,1,0
5945000,3305,0,1,0
5945250,3300,0,1,0
5945500,3299,0,1,0
5945750,3305,0,1,0
5946000,3304,0,1,0
5946250,3300,0,1,0
5946500,3306,0,1,0
5946750,3303,0,1,0
5947000,3303,0,1,0
5947250,3305,0,1,0
5947500,3307,0,1,0
5947750,3304,0,1,0
5948000,3304,1,1,0
5948250,3305,1,1,0
5948500,3306,0,1,0
5948750,3304,0,1,0
5949000,3308,0,1,0
5949250,3307,0,1,0
5949500,3307,0,1,0
5949750,3312,0,1,0
5950000,3306,0,1,0
5950250,3307,0,1,0
5950500,3312,0,1,0
5950750,3311,0,1,0
5951000,3307,0,1,0
5951250,3309,0,1,0
5951500,3306,0,1,0
5951750,3305,0,1,0
5952000,3305,0,1,0
5952250,3305,0,1,0
5952500,3304,0,1,0
5952750,3302,0,1,0
5953000,3301,0,1,0
5953250,3300,0,1,0
5953500,3302,0,1,0
5953750,3298,0,1,0
5954000,3303,1,1,0
5954250,3301,1,1,0
5954500,3297,0,1,0
5954750,3298,0,1,0
5955000,3295,0,1,0
5955250,3296,0,1,0
5955500,3298,0,1,0
5955750,3293,0,1,0
5956000,3296,0,1,0
5956250,3265,0,1,0
5956500,3258,0,1,0
5956750,3262,0,1,0
5957000,3264,0,1,0
5957250,3288,0,1,0
5957500,3291,0,1,0
5957750,3291,0,1,0
5958000,3293,0,1,0
5958250,3289,0,1,0
5958500,3291,0,1,0
5958750,3292,0,1,0
5959000,3294,0,1,0
5959250,3294,0,1,0
5959500,3296,0,1,0
5959750,3293,0,1,0
5960000,3293,1,1,0
5960250,3293,1,1,0
5960500,3297,0,1,0
5960750,3299,0,1,0
5961000,3294,0,1,0
5961250,3296,0,1,0
5961500,3300,0,1,0
5961750,3300,0,1,0
5962000,3297,0,1,0
5962250,3326,0,1,0
5962500,3331,0,1,0
5962750,3330,0,1,0
5963000,3321,0,1,0
5963250,3299,0,1,0
5963500,3294,0,1,0
5963750,3296,0,1,0
5964000,3299,0,1,0
5964250,3298,0,1,0
5964500,3299,0,1,0
5964750,3297,0,1,0
5965000,3295,0,1,0
5965250,3297,0,1,0
5965500,3292,0,1,0
5965750,3295,0,1,0
5966000,3292,1,1,0
5966250,3295,1,1,0
5966500,3294,0,1,0
5966750,3293,0,1,0
5967000,3291,0,1,0
5967250,3292,0,1,0
5967500,3294,0,1,0
5967750,3291,0,1,0
5968000,3292,0,1,0
5968250,3291,0,1,0
5968500,3295,0,1,0
5968750,3293,0,1,0
5969000,3298,0,1,0
5969250,3298,0,1,0
5969500,3298,0,1,0
5969750,3301,0,1,0
5970000,3300,0,1,0
5970250,3301,0,1,0
5970500,3301,0,1,0
5970750,3302,0,1,0
5971000,3302,0,1,0
5971250,3305,0,1,0
5971500,3306,0,1,0
5971750,3307,0,1,0
5972000,3309,1,1,0
5972250,3310,1,1,0
5972500,3311,0,1,0
5972750,3310,0,1,0
5973000,3308,0,1,0
5973250,3314,0,1,0
5973500,3313,0,1,0
5973750,3309,0,1,0
5974000,3308,0,1,0
5974250,3309,0,1,0
5974500,3310,0,1,0
5974750,3310,0,1,0
5975000,3313,0,1,0
5975250,3308,0,1,0
5975500,3306,0,1,0
5975750,3306,0,1,0
5976000,3309,0,1,0
5976250,3307,0,1,0
5976500,3307,0,1,0
5976750,3307,0,1,0
5977000,3307,0,1,0
5977250,3301,0,1,0
5977500,3304,0,1,0
5977750,3304,0,1,0
5978000,3301,1,1,0
5978250,3300,1,1,0
5978500,3302,0,1,0
5978750,3303,0,1,0
5979000,3299,0,1,0
5979250,3298,0,1,0
5979500,3304,0,1,0
5979750,3304,0,1,0
5980000,3304,0,1,0
5980250,3304,0,1,0
5980500,3301,0,1,0
5980750,3303,0,1,0
5981000,3304,0,1,0
5981250,3304,0,1,0
5981500,3304,0,1,0
5981750,3301,0,1,0
5982000,3305,0,1,0
5982250,3305,0,1,0
5982500,3307,0,1,0
5982750,3306,0,1,0
5983000,3305,0,1,0
5983250,3306,0,1,0
5983500,3304,0,1,0
5983750,3302,0,1,0
5984000,3302,1,1,0
5984250,3301,1,1,0
5984500,3304,0,1,0
5984750,3303,0,1,0
5985000,3300,0,1,0
5985250,3304,0,1,0
5985500,3299,0,1,0
5985750,3302,0,1,0
5986000,3299,0,1,0
5986250,3301,0,1,0
5986500,3296,0,1,0
5986750,3298,0,1,0
5987000,3299,0,1,0
5987250,3296,0,1,0
5987500,3291,0,1,0
5987750,3293,0,1,0
5988000,3290,0,1,0
5988250,3292,0,1,0
5988500,3292,0,1,0
5988750,3287,0,1,0
5989000,3292,0,1,0
5989250,3289,0,1,0
5989500,3289,0,1,0
5989750,3286,0,1,0
5990000,3290,1,1,0
5990250,3287,1,1,0
5990500,3289,0,1,0
5990750,3287,0,1,0
5991000,3291,0,1,0
5991250,3289,0,1,0
5991500,3291,0,1,0
5991750,3293,0,1,0
5992000,3293,0,1,0
5992250,3291,0,1,0
5992500,3292,0,1,0
5992750,3296,0,1,0
5993000,3294,0,1,0
5993250,3297,0,1,0
5993500,3295,0,1,0
5993750,3300,0,1,0
5994000,3297,0,1,0
5994250,3301,0,1,0
5994500,3299,0,1,0
5994750,3300,0,1,0
5995000,3300,0,1,0
5995250,3300,0,1,0
5995500,3300,0,1,0
5995750,3302,0,1,0
5996000,3299,1,1,0
5996250,3302,1,1,0
5996500,3302,0,1,0
5996750,3301,0,1,0
5997000,3298,0,1,0
5997250,3299,0,1,0
5997500,3297,0,1,0
5997750,3297,0,1,0
5998000,3296,0,1,0
5998250,3297,0,1,0
5998500,3301,0,1,0
5998750,3295,0,1,0
5999000,3297,0,1,0
5999250,3295,0,1,0
5999500,3298,0,1,0
5999750,3300,0,1,0
6000000,3297,0,1,0
6000250,3299,0,1,0
6000500,3299,0,1,0
6000750,3297,0,1,0
6001000,3300,0,1,0
6001250,3300,0,1,0
6001500,3300,0,1,0
6001750,3299,0,1,0
6002000,3303,1,1,0
6002250,3301,1,1,0
6002500,3303,0,1,0
6002750,3301,0,1,0
6003000,3303,0,1,0
6003250,3306,0,1,0
6003500,3306,0,1,0
6003750,3310,0,1,0
6004000,3309,0,1,0
6004250,3308,0,1,0
6004500,3311,0,1,0
6004750,3309,0,1,0
6005000,3310,0,1,0
6005250,3313,0,1,0
6005500,3314,0,1,0
6005750,3313,0,1,0
6006000,3310,0,1,0
6006250,3315,0,1,0
6006500,3313,0,1,0
6006750,3315,0,1,0
6007000,3310,0,1,0
6007250,3310,0,1,0
6007500,3309,0,1,0
6007750,3314,0,1,0
6008000,3311,1,1,0
6008250,3311,1,1,0
6008500,3307,0,1,0
6008750,3304,0,1,0
6009000,3306,0,1,0
6009250,3304,0,1,0
6009500,3302,0,1,0
6009750,3301,0,1,0
6010000,3303,0,1,0
6010250,3303,0,1,0
6010500,3302,0,1,0
6010750,3303,0,1,0
6011000,3302,0,1,0
6011250,3299,0,1,0
6011500,3297,0,1,0
6011750,3297,0,1,0
6012000,3296,0,1,0
6012250,3297,0,1,0
6012500,3296,0,1,0
6012750,3300,0,1,0
6013000,3295,0,1,0
6013250,3297,0,1,0
6013500,3295,0,1,0
6013750,3295,0,1,0
6014000,3298,1,1,0
6014250,3300,1,1,0
6014500,3300,0,1,0
6014750,3301,0,1,0
6015000,3298,0,1,0
6015250,3297,0,1,0
6015500,3298,0,1,0
6015750,3298,0,1,0
6016000,3301,0,1,0
6016250,3302,0,1,0
6016500,3298,0,1,0
6016750,3298,0,1,0
6017000,3299,0,1,0
6017250,3302,0,1,0
6017500,3303,0,1,0
6017750,3302,0,1,0
6018000,3299,0,1,0
6018250,3295,0,1,0
6018500,3301,0,1,0
6018750,3294,0,1,0
6019000,3293,0,1,0
6019250,3298,0,1,0
6019500,3295,0,1,0
6019750,3295,0,1,0
6020000,3294,1,1,0
6020250,3293,1,1,0
6020500,3291,0,1,0
6020750,3293,0,1,0
6021000,3289,0,1,0
6021250,3291,0,1,0
6021500,3289,0,1,0
6021750,3291,0,1,0
6022000,3286,0,1,0
6022250,3285,0,1,0
6022500,3290,0,1,0
6022750,3285,0,1,0
6023000,3287,0,1,0
6023250,3286,0,1,0
6023500,3292,0,1,0
6023750,3288,0,1,0
6024000,3291,0,1,0
6024250,3288,0,1,0
6024500,3293,0,1,0
6024750,3295,0,1,0
6025000,3293,0,1,0
6025250,3296,0,1,0
6025500,3297,0,1,0
6025750,3298,0,1,0
6026000,3294,1,1,0
6026250,3297,1,1,0
6026500,3300,0,1,0
6026750,3298,0,1,0
6027000,3298,0,1,0
6027250,3299,0,1,0
6027500,3304,0,1,0
6027750,3304,0,1,0
6028000,3300,0,1,0
6028250,3302,0,1,0
6028500,3307,0,1,0
6028750,3307,0,1,0
6029000,3303,0,1,0
6029250,3306,0,1,0
6029500,3306,0,1,0
6029750,3303,0,1,0
6030000,3305,0,1,0
6030250,3303,0,1,0
6030500,3306,0,1,0
6030750,3304,0,1,0
6031000,3306,0,1,0
6031250,3306,0,1,0
6031500,3304,0,1,0
6031750,3299,0,1,0
6032000,3300,1,1,0
6032250,3305,1,1,0
6032500,3301,0,1,0
6032750,3299,0,1,0
6033000,3301,0,1,0
6033250,3303,0,1,0
6033500,3301,0,1,0
6033750,3301,0,1,0
6034000,3299,0,1,0
6034250,3303,0,1,0
6034500,3301,0,1,0
6034750,3305,0,1,0
6035000,3304,0,1,0
6035250,3306,0,1,0
6035500,3305,0,1,0
6035750,3308,0,1,0
6036000,3303,0,1,0
6036250,3309,0,1,0
6036500,3304,0,1,0
6036750,3306,0,1,0
6037000,3309,0,1,0
6037250,3312,0,1,0
6037500,3313,0,1,0
6037750,3307,0,1,0
6038000,3311,1,1,0
6038250,3310,1,1,0
6038500,3311,0,1,0
6038750,3309,0,1,0
6039000,3310,0,1,0
6039250,3312,0,1,0
6039500,3309,0,1,0
6039750,3310,0,1,0
6040000,3312,0,1,0
6040250,3308,0,1,0
6040500,3311,0,1,0
6040750,3309,0,1,0
6041000,3309,0,1,0
6041250,3309,0,1,0
6041500,3305,0,1,0
6041750,3307,0,1,0
6042000,3301,0,1,0
6042250,3300,0,1,0
6042500,3302,0,1,0
6042750,3300,0,1,0
6043000,3296,0,1,0
6043250,3299,0,1,0
6043500,3298,0,1,0
6043750,3293,0,1,0
6044000,3298,1,1,0
6044250,3293,1,1,0
6044500,3296,0,1,0
6044750,3293,0,1,0
6045000,3295,0,1,0
6045250,3291,0,1,0
6045500,3295,0,1,0
6045750,3292,0,1,0
6046000,3291,0,1,0
6046250,3296,0,1,0
6046500,3293,0,1,0
6046750,3295,0,1,0
6047000,3292,0,1,0
6047250,3297,0,1,0
6047500,3298,0,1,0
6047750,3295,0,1,0
6048000,3294,0,1,0
6048250,3299,0,1,0
6048500,3299,0,1,0
6048750,3294,0,1,0
6049000,3295,0,1,0
6049250,3294,0,1,0
6049500,3295,0,1,0
6049750,3295,0,1,0
6050000,3301,1,1,0
6050250,3298,1,1,0
6050500,3301,0,1,0
6050750,3296,0,1,0
6051000,3296,0,1,0
6051250,3299,0,1,0
6051500,3295,0,1,0
6051750,3296,0,1,0
6052000,3294,0,1,0
6052250,3293,0,1,0
6052500,3297,0,1,0
6052750,3292,0,1,0
6053000,3295,0,1,0
6053250,3290,0,1,0
6053500,3294,0,1,0
6053750,3292,0,1,0
6054000,3294,0,1,0
6054250,3292,0,1,0
6054500,3292,0,1,0
6054750,3294,0,1,0
6055000,3292,0,1,0
6055250,3288,0,1,0
6055500,3294,0,1,0
6055750,3293,0,1,0
6056000,3292,1,1,0
6056250,3291,1,1,0
6056500,3294,0,1,0
6056750,3293,0,1,0
6057000,3291,0,1,0
6057250,3293,0,1,0
6057500,3297,0,1,0
6057750,3297,0,1,0
6058000,3299,0,1,0
6058250,3296,0,1,0
6058500,3303,0,1,0
6058750,3302,0,1,0
6059000,3301,0,1,0
6059250,3304,0,1,0
6059500,3302,0,1,0
6059750,3302,0,1,0
6060000,3306,0,1,0
6060250,3303,0,1,0
6060500,3309,0,1,0
6060750,3311,0,1,0
6061000,3307,0,1,0
6061250,3310,0,1,0
6061500,3311,0,1,0
6061750,3311,0,1,0
6062000,3312,1,1,0
6062250,3306,1,1,0
6062500,3310,0,1,0
6062750,3307,0,1,0
6063000,3306,0,1,0
6063250,3310,0,1,0
6063500,3308,0,1,0
6063750,3307,0,1,0
6064000,3308,0,1,0
6064250,3309,0,1,0
6064500,3303,0,1,0
6064750,3303,0,1,0
6065000,3306,0,1,0
6065250,3306,0,1,0
6065500,3307,0,1,0
6065750,3306,0,1,0
6066000,3303,0,1,0
6066250,3306,0,1,0
6066500,3304,0,1,0
6066750,3303,0,1,0
6067000,3305,0,1,0
6067250,3302,0,1,0
6067500,3304,0,1,0
6067750,3305,0,1,0
6068000,3305,1,1,0
6068250,3300,1,1,0
6068500,3307,0,1,0
6068750,3302,0,1,0
6069000,3302,0,1,0
6069250,3307,0,1,0
6069500,3308,0,1,0
6069750,3305,0,1,0
6070000,3306,0,1,0
6070250,3305,0,1,0
6070500,3304,0,1,0
6070750,3305,0,1,0
6071000,3304,0,1,0
6071250,3310,0,1,0
6071500,3306,0,1,0
6071750,3308,0,1,0
6072000,3305,0,1,0
6072250,3306,0,1,0
6072500,3303,0,1,0
6072750,3307,0,1,0
6073000,3305,0,1,0
6073250,3304,0,1,0
6073500,3305,0,1,0
6073750,3300,0,1,0
6074000,3298,1,1,0
6074250,3301,1,1,0
6074500,3302,0,1,0
6074750,3297,0,1,0
6075000,3299,0,1,0
6075250,3299,0,1,0
6075500,3294,0,1,0
6075750,3296,0,1,0
6076000,3320,0,1,0
6076250,3316,0,1,0
6076500,3316,0,1,0
6076750,3292,0,1,0
6077000,3294,0,1,0
6077250,3292,0,1,0
6077500,3288,0,1,0
6077750,3292,0,1,0
6078000,3291,0,1,0
6078250,3286,0,1,0
6078500,3288,0,1,0
6078750,3287,0,1,0
6079000,3288,0,1,0
6079250,3293,0,1,0
6079500,3288,0,1,0
6079750,3291,0,1,0
6080000,3289,1,1,0
6080250,3290,1,1,0
6080500,3294,0,1,0
6080750,3294,0,1,0
6081000,3294,0,1,0
6081250,3292,0,1,0
6081500,3295,0,1,0
6081750,3295,0,1,0
6082000,3297,0,1,0
6082250,3327,0,1,0
6082500,3332,0,1,0
6082750,3327,0,1,0
6083000,3323,0,1,0
6083250,3297,0,1,0
6083500,3298,0,1,0
6083750,3296,0,1,0
6084000,3299,0,1,0
6084250,3297,0,1,0
6084500,3296,0,1,0
6084750,3301,0,1,0
6085000,3299,0,1,0
6085250,3298,0,1,0
6085500,3296,0,1,0
6085750,3296,0,1,0
6086000,3298,1,1,0
6086250,3298,1,1,0
6086500,3297,0,1,0
6086750,3295,0,1,0
6087000,3295,0,1,0
6087250,3294,0,1,0
6087500,3292,0,1,0
6087750,3298,0,1,0
6088000,3298,0,1,0
6088250,3298,0,1,0
6088500,3298,0,1,0
6088750,3294,0,1,0
6089000,3297,0,1,0
6089250,3300,0,1,0
6089500,3298,0,1,0
6089750,3295,0,1,0
6090000,3301,0,1,0
6090250,3299,0,1,0
6090500,3301,0,1,0
6090750,3298,0,1,0
6091000,3303,0,1,0
6091250,3300,0,1,0
6091500,3304,0,1,0
6091750,3302,0,1,0
6092000,3309,1,1,0
6092250,3304,1,1,0
6092500,3305,0,1,0
6092750,3312,0,1,0
6093000,3309,0,1,0
6093250,3313,0,1,0
6093500,3312,0,1,0
6093750,3311,0,1,0
6094000,3312,0,1,0
6094250,3314,0,1,0
6094500,3312,0,1,0
6094750,3311,0,1,0
6095000,3311,0,1,0
6095250,3312,0,1,0
6095500,3314,0,1,0
6095750,3310,0,1,0
6096000,3310,0,1,0
6096250,3311,0,1,0
6096500,3308,0,1,0
6096750,3309,0,1,0
6097000,3308,0,1,0
6097250,3309,0,1,0
6097500,3303,0,1,0
6097750,3308,0,1,0
6098000,3306,1,1,0
6098250,3305,1,1,0
6098500,3300,0,1,0
6098750,3301,0,1,0
6099000,3299,0,1,0
6099250,3298,0,1,0
6099500,3301,0,1,0
6099750,3298,0,1,0
6100000,3297,0,1,0
6100250,3328,0,1,0
6100500,3334,0,1,0
6100750,3326,0,1,0
6101000,3323,0,1,0
6101250,3300,0,1,0
6101500,3301,0,1,0
6101750,3299,0,1,0
6102000,3300,0,1,0
6102250,3302,0,1,0
6102500,3298,0,1,0
6102750,3302,0,1,0
6103000,3301,0,1,0
6103250,3302,0,1,0
6103500,3304,0,1,0
6103750,3300,0,1,0
6104000,3302,1,1,0
6104250,3302,1,1,0
6104500,3305,0,1,0
6104750,3304,0,1,0
6105000,3301,0,1,0
6105250,3302,0,1,0
6105500,3298,0,1,0
6105750,3300,0,1,0
6106000,3302,0,1,0
6106250,3299,0,1,0
6106500,3302,0,1,0
6106750,3300,0,1,0
6107000,3300,0,1,0
6107250,3296,0,1,0
6107500,3298,0,1,0
6107750,3292,0,1,0
6108000,3293,0,1,0
6108250,3294,0,1,0
6108500,3290,0,1,0
6108750,3293,0,1,0
6109000,3288,0,1,0
6109250,3287,0,1,0
6109500,3287,0,1,0
6109750,3289,0,1,0
6110000,3286,1,1,0
6110250,3287,1,1,0
6110500,3286,0,1,0
6110750,3289,0,1,0
6111000,3285,0,1,0
6111250,3287,0,1,0
6111500,3285,0,1,0
6111750,3286,0,1,0
6112000,3287,0,1,0
6112250,3289,0,1,0
6112500,3292,0,1,0
6112750,3288,0,1,0
6113000,3294,0,1,0
6113250,3290,0,1,0
6113500,3297,0,1,0
6113750,3297,0,1,0
6114000,3296,0,1,0
6114250,3294,0,1,0
6114500,3298,0,1,0
6114750,3299,0,1,0
6115000,3296,0,1,0
6115250,3298,0,1,0
6115500,3301,0,1,0
6115750,3297,0,1,0
6116000,3300,1,1,0
6116250,3298,1,1,0
6116500,3301,0,1,0
6116750,3299,0,1,0
6117000,3300,0,1,0
6117250,3299,0,1,0
6117500,3301,0,1,0
6117750,3305,0,1,0
6118000,3305,0,1,0
6118250,3299,0,1,0
6118500,3298,0,1,0
6118750,3298,0,1,0
6119000,3303,0,1,0
6119250,3299,0,1,0
6119500,3301,0,1,0
6119750,3297,0,1,0
6120000,3303,0,1,0
6120250,3300,0,1,0
6120500,3298,0,1,0
6120750,3303,0,1,0
6121000,3300,0,1,0
6121250,3302,0,1,0
6121500,3298,0,1,0
6121750,3300,0,1,0
6122000,3301,1,1,0
6122250,3298,1,1,0
6122500,3304,0,1,0
6122750,3301,0,1,0
6123000,3303,0,1,0
6123250,3302,0,1,0
6123500,3307,0,1,0
6123750,3306,0,1,0
6124000,3306,0,1,0
6124250,3307,0,1,0
6124500,3307,0,1,0
6124750,3306,0,1,0
6125000,3306,0,1,0
6125250,3308,0,1,0
6125500,3313,0,1,0
6125750,3313,0,1,0
6126000,3310,0,1,0
6126250,3312,0,1,0
6126500,3314,0,1,0
6126750,3315,0,1,0
6127000,3315,0,1,0
6127250,3314,0,1,0
6127500,3309,0,1,0
6127750,3309,0,1,0
6128000,3313,1,1,0
6128250,3308,1,1,0
6128500,3307,0,1,0
6128750,3306,0,1,0
6129000,3309,0,1,0
6129250,3309,0,1,0
6129500,3305,0,1,0
6129750,3303,0,1,0
6130000,3308,0,1,0
6130250,3307,0,1,0
6130500,3299,0,1,0
6130750,3299,0,1,0
6131000,3302,0,1,0
6131250,3302,0,1,0
6131500,3298,0,1,0
6131750,3300,0,1,0
6132000,3299,0,1,0
6132250,3300,0,1,0
6132500,3296,0,1,0
6132750,3296,0,1,0
6133000,3294,0,1,0
6133250,3299,0,1,0
6133500,3298,0,1,0
6133750,3294,0,1,0
6134000,3292,1,1,0
6134250,3296,1,1,0
6134500,3295,0,1,0
6134750,3293,0,1,0
6135000,3298,0,1,0
6135250,3297,0,1,0
6135500,3294,0,1,0
6135750,3297,0,1,0
6136000,3297,0,1,0
6136250,3299,0,1,0
6136500,3299,0,1,0
6136750,3300,0,1,0
6137000,3295,0,1,0
6137250,3302,0,1,0
6137500,3300,0,1,0
6137750,3298,0,1,0
6138000,3297,0,1,0
6138250,3298,0,1,0
6138500,3301,0,1,0
6138750,3301,0,1,0
6139000,3300,0,1,0
6139250,3297,0,1,0
6139500,3298,0,1,0
6139750,3299,0,1,0
6140000,3295,1,1,0
6140250,3298,1,1,0
6140500,3291,0,1,0
6140750,3290,0,1,0
6141000,3290,0,1,0
6141250,3295,0,1,0
6141500,3289,0,1,0
6141750,3294,0,1,0
6142000,3288,0,1,0
6142250,3289,0,1,0
6142500,3289,0,1,0
6142750,3290,0,1,0
6143000,3286,0,1,0
6143250,3287,0,1,0
6143500,3291,0,1,0
6143750,3286,0,1,0
6144000,3286,0,1,0
6144250,3287,0,1,0
6144500,3289,0,1,0
6144750,3294,0,1,0
6145000,3290,0,1,0
6145250,3293,0,1,0
6145500,3293,0,1,0
6145750,3294,0,1,0
6146000,3299,1,1,0
6146250,3297,1,1,0
6146500,3300,0,1,0
6146750,3299,0,1,0
6147000,3297,0,1,0
6147250,3300,0,1,0
6147500,3299,0,1,0
6147750,3304,0,1,0
6148000,3303,0,1,0
6148250,3306,0,1,0
6148500,3305,0,1,0
6148750,3307,0,1,0
6149000,3305,0,1,0
6149250,3308,0,1,0
6149500,3309,0,1,0
6149750,3305,0,1,0
6150000,3308,0,1,0
6150250,3307,0,1,0
6150500,3308,0,1,0
6150750,3307,0,1,0
6151000,3307,0,1,0
6151250,3305,0,1,0
6151500,3308,0,1,0
6151750,3309,0,1,0
6152000,3305,1,1,0
6152250,3307,1,1,0
6152500,3306,0,1,0
6152750,3301,0,1,0
6153000,3305,0,1,0
6153250,3305,0,1,0
6153500,3300,0,1,0
6153750,3300,0,1,0
6154000,3301,0,1,0
6154250,3299,0,1,0
6154500,3302,0,1,0
6154750,3299,0,1,0
6155000,3305,0,1,0
6155250,3302,0,1,0
6155500,3306,0,1,0
6155750,3300,0,1,0
6156000,3306,0,1,0
6156250,3307,0,1,0
6156500,3303,0,1,0
6156750,3302,0,1,0
6157000,3305,0,1,0
6157250,3306,0,1,0
6157500,3306,0,1,0
6157750,3307,0,1,0
6158000,3308,1,1,0
6158250,3308,1,1,0
6158500,3307,0,1,0
6158750,3308,0,1,0
6159000,3308,0,1,0
6159250,3310,0,1,0
6159500,3310,0,1,0
6159750,3308,0,1,0
6160000,3308,0,1,0
6160250,3306,0,1,0
6160500,3307,0,1,0
6160750,3308,0,1,0
6161000,3307,0,1,0
6161250,3309,0,1,0
6161500,3305,0,1,0
6161750,3308,0,1,0
6162000,3304,0,1,0
6162250,3304,0,1,0
6162500,3303,0,1,0
6162750,3304,0,1,0
6163000,3300,0,1,0
6163250,3298,0,1,0
6163500,3297,0,1,0
6163750,3296,0,1,0
6164000,3294,1,1,0
6164250,3294,1,1,0
6164500,3292,0,1,0
6164750,3296,0,1,0
6165000,3293,0,1,0
6165250,3290,0,1,0
6165500,3291,0,1,0
6165750,3293,0,1,0
6166000,3293,0,1,0
6166250,3291,0,1,0
6166500,3290,0,1,0
6166750,3290,0,1,0
6167000,3293,0,1,0
6167250,3293,0,1,0
6167500,3294,0,1,0
6167750,3289,0,1,0
6168000,3293,0,1,0
6168250,3295,0,1,0
6168500,3293,0,1,0
6168750,3291,0,1,0
6169000,3291,0,1,0
6169250,3297,0,1,0
6169500,3298,0,1,0
6169750,3299,0,1,0
6170000,3298,1,1,0
6170250,3295,1,1,0
6170500,3298,0,1,0
6170750,3294,0,1,0
6171000,3295,0,1,0
6171250,3300,0,1,0
6171500,3299,0,1,0
6171750,3297,0,1,0
6172000,3299,0,1,0
6172250,3300,0,1,0
6172500,3298,0,1,0
6172750,3300,0,1,0
6173000,3299,0,1,0
6173250,3296,0,1,0
6173500,3295,0,1,0
6173750,3295,0,1,0
6174000,3294,0,1,0
6174250,3294,0,1,0
6174500,3292,0,1,0
6174750,3292,0,1,0
6175000,3295,0,1,0
6175250,3291,0,1,0
6175500,3295,0,1,0
6175750,3294,0,1,0
6176000,3296,1,1,0
6176250,3290,1,1,0
6176500,3294,0,1,0
6176750,3294,0,1,0
6177000,3292,0,1,0
6177250,3298,0,1,0
6177500,3295,0,1,0
6177750,3299,0,1,0
6178000,3295,0,1,0
6178250,3268,0,1,0
6178500,3266,0,1,0
6178750,3273,0,1,0
6179000,3276,0,1,0
6179250,3301,0,1,0
6179500,3302,0,1,0
6179750,3303,0,1,0
6180000,3304,0,1,0
6180250,3303,0,1,0
6180500,3309,0,1,0
6180750,3305,0,1,0
6181000,3307,0,1,0
6181250,3309,0,1,0
6181500,3311,0,1,0
6181750,3308,0,1,0
6182000,3308,1,1,0
6182250,3313,1,1,0
6182500,3311,0,1,0
6182750,3308,0,1,0
6183000,3314,0,1,0
6183250,3310,0,1,0
6183500,3313,0,1,0
6183750,3312,0,1,0
6184000,3312,0,1,0
6184250,3309,0,1,0
6184500,3310,0,1,0
6184750,3309,0,1,0
6185000,3305,0,1,0
6185250,3308,0,1,0
6185500,3305,0,1,0
6185750,3302,0,1,0
6186000,3307,0,1,0
6186250,3307,0,1,0
6186500,3306,0,1,0
6186750,3300,0,1,0
6187000,3304,0,1,0
6187250,3303,0,1,0
6187500,3300,0,1,0
6187750,3303,0,1,0
6188000,3301,1,1,0
6188250,3298,1,1,0
6188500,3301,0,1,0
6188750,3302,0,1,0
6189000,3302,0,1,0
6189250,3301,0,1,0
6189500,3300,0,1,0
6189750,3302,0,1,0
6190000,3306,0,1,0
6190250,3275,0,1,0
6190500,3271,0,1,0
6190750,3274,0,1,0
6191000,3279,0,1,0
6191250,3302,0,1,0
6191500,3303,0,1,0
6191750,3302,0,1,0
6192000,3303,0,1,0
6192250,3304,0,1,0
6192500,3307,0,1,0
6192750,3304,0,1,0
6193000,3301,0,1,0
6193250,3307,0,1,0
6193500,3305,0,1,0
6193750,3304,0,1,0
6194000,3305,1,1,0
6194250,3300,1,1,0
6194500,3304,0,1,0
6194750,3298,0,1,0
6195000,3301,0,1,0
6195250,3298,0,1,0
6195500,3299,0,1,0
6195750,3299,0,1,0
6196000,3297,0,1,0
6196250,3268,0,1,0
6196500,3262,0,1,0
6196750,3266,0,1,0
6197000,3265,0,1,0
6197250,3292,0,1,0
6197500,3288,0,1,0
6197750,3287,0,1,0
6198000,3291,0,1,0
6198250,3290,0,1,0
6198500,3290,0,1,0
6198750,3289,0,1,0
6199000,3289,0,1,0
6199250,3288,0,1,0
6199500,3287,0,1,0
6199750,3287,0,1,0
6200000,3288,1,1,0
6200250,3292,1,1,0
6200500,3290,0,1,0
6200750,3292,0,1,0
6201000,3293,0,1,0
6201250,3291,0,1,0
6201500,3293,0,1,0
6201750,3297,0,1,0
6202000,3291,0,1,0
6202250,3324,0,1,0
6202500,3328,0,1,0
6202750,3329,0,1,0
6203000,3320,0,1,0
6203250,3297,0,1,0
6203500,3297,0,1,0
6203750,3298,0,1,0
6204000,3300,0,1,0
6204250,3302,0,1,0
6204500,3300,0,1,0
6204750,3303,0,1,0
6205000,3301,0,1,0
6205250,3303,0,1,0
6205500,3299,0,1,0
6205750,3298,0,1,0
6206000,3299,1,1,0
6206250,3298,1,1,0
6206500,3301,0,1,0
6206750,3300,0,1,0
6207000,3296,0,1,0
6207250,3296,0,1,0
6207500,3300,0,1,0
6207750,3295,0,1,0
6208000,3295,0,1,0
6208250,3271,0,1,0
6208500,3264,0,1,0
6208750,3270,0,1,0
6209000,3275,0,1,0
6209250,3299,0,1,0
6209500,3298,0,1,0
6209750,3297,0,1,0
6210000,3302,0,1,0
6210250,3300,0,1,0
6210500,3300,0,1,0
6210750,3297,0,1,0
6211000,3300,0,1,0
6211250,3304,0,1,0
6211500,3305,0,1,0
6211750,3303,0,1,0
6212000,3305,1,1,0
6212250,3303,1,1,0
6212500,3305,0,1,0
6212750,3308,0,1,0
6213000,3305,0,1,0
6213250,3312,0,1,0
6213500,3312,0,1,0
6213750,3311,0,1,0
6214000,3314,0,1,0
6214250,3311,0,1,0
6214500,3315,0,1,0
6214750,3312,0,1,0
6215000,3312,0,1,0
6215250,3311,0,1,0
6215500,3310,0,1,0
6215750,3314,0,1,0
6216000,3315,0,1,0
6216250,3309,0,1,0
6216500,3313,0,1,0
6216750,3313,0,1,0
6217000,3309,0,1,0
6217250,3308,0,1,0
6217500,3305,0,1,0
6217750,3304,0,1,0
6218000,3303,1,1,0
6218250,3306,1,1,0
6218500,3305,0,1,0
6218750,3304,0,1,0
6219000,3305,0,1,0
6219250,3301,0,1,0
6219500,3300,0,1,0
6219750,3297,0,1,0
6220000,3301,0,1,0
6220250,3303,0,1,0
6220500,3299,0,1,0
6220750,3299,0,1,0
6221000,3298,0,1,0
6221250,3301,0,1,0
6221500,3296,0,1,0
6221750,3295,0,1,0
6222000,3298,0,1,0
6222250,3295,0,1,0
6222500,3299,0,1,0
6222750,3301,0,1,0
6223000,3297,0,1,0
6223250,3298,0,1,0
6223500,3300,0,1,0
6223750,3298,0,1,0
6224000,3303,1,1,0
6224250,3297,1,1,0
6224500,3299,0,1,0
6224750,3302,0,1,0
6225000,3303,0,1,0
6225250,3302,0,1,0
6225500,3302,0,1,0
6225750,3299,0,1,0
6226000,3303,0,1,0
6226250,3268,0,1,0
6226500,3268,0,1,0
6226750,3249,0,1,0
6227000,3256,0,1,0
6227250,3273,0,1,0
6227500,3299,0,1,0
6227750,3296,0,1,0
6228000,3294,0,1,0
6228250,3293,0,1,0
6228500,3292,0,1,0
6228750,3294,0,1,0
6229000,3295,0,1,0
6229250,3293,0,1,0
6229500,3290,0,1,0
6229750,3287,0,1,0
6230000,3293,1,1,0
6230250,3292,1,1,0
6230500,3290,0,1,0
6230750,3291,0,1,0
6231000,3287,0,1,0
6231250,3285,0,1,0
6231500,3287,0,1,0
6231750,3288,0,1,0
6232000,3288,0,1,0
6232250,3314,0,1,0
6232500,3325,0,1,0
6232750,3320,0,1,0
6233000,3316,0,1,0
6233250,3291,0,1,0
6233500,3292,0,1,0
6233750,3294,0,1,0
6234000,3297,0,1,0
6234250,3297,0,1,0
6234500,3299,0,1,0
6234750,3297,0,1,0
6235000,3301,0,1,0
6235250,3301,0,1,0
6235500,3299,0,1,0
6235750,3297,0,1,0
6236000,3300,1,1,0
6236250,3300,1,1,0
6236500,3301,0,1,0
6236750,3301,0,1,0
6237000,3303,0,1,0
6237250,3306,0,1,0
6237500,3306,0,1,0
6237750,3302,0,1,0
6238000,3308,0,1,0
6238250,3303,0,1,0
6238500,3302,0,1,0
6238750,3302,0,1,0
6239000,3302,0,1,0
6239250,3301,0,1,0
6239500,3307,0,1,0
6239750,3307,0,1,0
6240000,3305,0,1,0
6240250,3304,0,1,0
6240500,3300,0,1,0
6240750,3302,0,1,0
6241000,3303,0,1,0
6241250,3304,0,1,0
6241500,3305,0,1,0
6241750,3299,0,1,0
6242000,3299,1,1,0
6242250,3304,1,1,0
6242500,3301,0,1,0
6242750,3301,0,1,0
6243000,3304,0,1,0
6243250,3301,0,1,0
6243500,3300,0,1,0
6243750,3305,0,1,0
6244000,3307,0,1,0
6244250,3307,0,1,0
6244500,3304,0,1,0
6244750,3302,0,1,0
6245000,3307,0,1,0
6245250,3309,0,1,0
6245500,3310,0,1,0
6245750,3311,0,1,0
6246000,3312,0,1,0
6246250,3312,0,1,0
6246500,3310,0,1,0
6246750,3310,0,1,0
6247000,3312,0,1,0
6247250,3311,0,1,0
6247500,3312,0,1,0
6247750,3313,0,1,0
6248000,3309,1,1,0
6248250,3314,1,1,0
6248500,3310,0,1,0
6248750,3312,0,1,0
6249000,3309,0,1,0
6249250,3309,0,1,0
6249500,3308,0,1,0
6249750,3306,0,1,0
6250000,3303,0,1,0
6250250,3305,0,1,0
6250500,3305,0,1,0
6250750,3303,0,1,0
6251000,3302,0,1,0
6251250,3300,0,1,0
6251500,3299,0,1,0
6251750,3299,0,1,0
6252000,3301,0,1,0
6252250,3298,0,1,0
6252500,3296,0,1,0
6252750,3297,0,1,0
6253000,3296,0,1,0
6253250,3295,0,1,0
6253500,3297,0,1,0
6253750,3291,0,1,0
6254000,3294,1,1,0
6254250,3295,1,1,0
6254500,3294,0,1,0
6254750,3293,0,1,0
6255000,3292,0,1,0
6255250,3292,0,1,0
6255500,3290,0,1,0
6255750,3295,0,1,0
6256000,3293,0,1,0
6256250,3265,0,1,0
6256500,3262,0,1,0
6256750,3263,0,1,0
6257000,3275,0,1,0
6257250,3294,0,1,0
6257500,3295,0,1,0
6257750,3295,0,1,0
6258000,3297,0,1,0
6258250,3296,0,1,0
6258500,3294,0,1,0
6258750,3300,0,1,0
6259000,3298,0,1,0
6259250,3295,0,1,0
6259500,3299,0,1,0
6259750,3298,0,1,0
6260000,3300,1,1,0
6260250,3299,1,1,0
6260500,3299,0,1,0
6260750,3293,0,1,0
6261000,3293,0,1,0
6261250,3298,0,1,0
6261500,3291,0,1,0
6261750,3292,0,1,0
6262000,3291,0,1,0
6262250,3290,0,1,0
6262500,3293,0,1,0
6262750,3290,0,1,0
6263000,3289,0,1,0
6263250,3289,0,1,0
6263500,3292,0,1,0
6263750,3290,0,1,0
6264000,3293,0,1,0
6264250,3291,0,1,0
6264500,3289,0,1,0
6264750,3292,0,1,0
6265000,3289,0,1,0
6265250,3291,0,1,0
6265500,3294,0,1,0
6265750,3290,0,1,0
6266000,3295,1,1,0
6266250,3297,1,1,0
6266500,3299,0,1,0
6266750,3297,0,1,0
6267000,3296,0,1,0
6267250,3299,0,1,0
6267500,3298,0,1,0
6267750,3300,0,1,0
6268000,3299,0,1,0
6268250,3272,0,1,0
6268500,3267,0,1,0
6268750,3275,0,1,0
6269000,3284,0,1,0
6269250,3305,0,1,0
6269500,3307,0,1,0
6269750,3310,0,1,0
6270000,3307,0,1,0
6270250,3310,0,1,0
6270500,3310,0,1,0
6270750,3310,0,1,0
6271000,3309,0,1,0
6271250,3310,0,1,0
6271500,3307,0,1,0
6271750,3312,0,1,0
6272000,3306,1,1,0
6272250,3305,1,1,0
6272500,3309,0,1,0
6272750,3308,0,1,0
6273000,3304,0,1,0
6273250,3306,0,1,0
6273500,3307,0,1,0
6273750,3302,0,1,0
6274000,3303,0,1,0
6274250,3275,0,1,0
6274500,3273,0,1,0
6274750,3274,0,1,0
6275000,3278,0,1,0
6275250,3305,0,1,0
6275500,3300,0,1,0
6275750,3302,0,1,0
6276000,3299,0,1,0
6276250,3302,0,1,0
6276500,3304,0,1,0
6276750,3303,0,1,0
6277000,3301,0,1,0
6277250,3301,0,1,0
6277500,3307,0,1,0
6277750,3304,0,1,0
6278000,3302,1,1,0
6278250,3305,1,1,0
6278500,3307,0,1,0
6278750,3304,0,1,0
6279000,3309,0,1,0
6279250,3310,0,1,0
6279500,3306,0,1,0
6279750,3308,0,1,0
6280000,3307,0,1,0
6280250,3304,0,1,0
6280500,3304,0,1,0
6280750,3304,0,1,0
6281000,3307,0,1,0
6281250,3309,0,1,0
6281500,3307,0,1,0
6281750,3302,0,1,0
6282000,3303,0,1,0
6282250,3305,0,1,0
6282500,3305,0,1,0
6282750,3299,0,1,0
6283000,3301,0,1,0
6283250,3303,0,1,0
6283500,3303,0,1,0
6283750,3299,0,1,0
6284000,3297,1,1,0
6284250,3297,1,1,0
6284500,3297,0,1,0
6284750,3294,0,1,0
6285000,3292,0,1,0
6285250,3293,0,1,0
6285500,3294,0,1,0
6285750,3294,0,1,0
6286000,3288,0,1,0
6286250,3259,0,1,0
6286500,3258,0,1,0
6286750,3259,0,1,0
6287000,3262,0,1,0
6287250,3288,0,1,0
6287500,3292,0,1,0
6287750,3291,0,1,0
6288000,3290,0,1,0
6288250,3290,0,1,0
6288500,3293,0,1,0
6288750,3294,0,1,0
6289000,3290,0,1,0
6289250,3291,0,1,0
6289500,3292,0,1,0
6289750,3293,0,1,0
6290000,3291,1,1,0
6290250,3292,1,1,0
6290500,3296,0,1,0
6290750,3297,0,1,0
6291000,3296,0,1,0
6291250,3294,0,1,0
6291500,3299,0,1,0
6291750,3297,0,1,0
6292000,3299,0,1,0
6292250,3301,0,1,0
6292500,3296,0,1,0
6292750,3300,0,1,0
6293000,3296,0,1,0
6293250,3296,0,1,0
6293500,3300,0,1,0
6293750,3298,0,1,0
6294000,3300,0,1,0
6294250,3301,0,1,0
6294500,3300,0,1,0
6294750,3296,0,1,0
6295000,3295,0,1,0
6295250,3295,0,1,0
6295500,3295,0,1,0
6295750,3298,0,1,0
6296000,3299,1,1,0
6296250,3295,1,1,0
6296500,3297,0,1,0
6296750,3297,0,1,0
6297000,3296,0,1,0
6297250,3295,0,1,0
6297500,3293,0,1,0
6297750,3297,0,1,0
6298000,3322,0,1,0
6298250,3294,0,1,0
6298500,3291,0,1,0
6298750,3268,0,1,0
6299000,3279,0,1,0
6299250,3302,0,1,0
6299500,3300,0,1,0
6299750,3298,0,1,0
6300000,3305,0,1,0
6300250,3307,0,1,0
6300500,3306,0,1,0
6300750,3303,0,1,0
6301000,3307,0,1,0
6301250,3310,0,1,0
6301500,3309,0,1,0
6301750,3308,0,1,0
6302000,3307,1,1,0
6302250,3309,1,1,0
6302500,3311,0,1,0
6302750,3314,0,1,0
6303000,3310,0,1,0
6303250,3315,0,1,0
6303500,3315,0,1,0
6303750,3309,0,1,0
6304000,3311,0,1,0
6304250,3313,0,1,0
6304500,3312,0,1,0
6304750,3314,0,1,0
6305000,3313,0,1,0
6305250,3308,0,1,0
6305500,3307,0,1,0
6305750,3308,0,1,0
6306000,3310,0,1,0
6306250,3305,0,1,0
6306500,3308,0,1,0
6306750,3304,0,1,0
6307000,3303,0,1,0
6307250,3301,0,1,0
6307500,3300,0,1,0
6307750,3303,0,1,0
6308000,3299,1,1,0
6308250,3301,1,1,0
6308500,3298,0,1,0
6308750,3298,0,1,0
6309000,3299,0,1,0
6309250,3300,0,1,0
6309500,3298,0,1,0
6309750,3300,0,1,0
6310000,3298,0,1,0
6310250,3273,0,1,0
6310500,3266,0,1,0
6310750,3268,0,1,0
6311000,3273,0,1,0
6311250,3301,0,1,0
6311500,3298,0,1,0
6311750,3303,0,1,0
6312000,3300,0,1,0
6312250,3305,0,1,0
6312500,3301,0,1,0
6312750,3302,0,1,0
6313000,3305,0,1,0
6313250,3304,0,1,0
6313500,3303,0,1,0
6313750,3301,0,1,0
6314000,3303,1,1,0
6314250,3300,1,1,0
6314500,3301,0,1,0
6314750,3298,0,1,0
6315000,3303,0,1,0
6315250,3297,0,1,0
6315500,3298,0,1,0
6315750,3296,0,1,0
6316000,3297,0,1,0
6316250,3299,0,1,0
6316500,3293,0,1,0
6316750,3292,0,1,0
6317000,3296,0,1,0
6317250,3295,0,1,0
6317500,3291,0,1,0
6317750,3294,0,1,0
6318000,3288,0,1,0
6318250,3290,0,1,0
6318500,3287,0,1,0
6318750,3287,0,1,0
6319000,3291,0,1,0
6319250,3286,0,1,0
6319500,3290,0,1,0
6319750,3286,0,1,0
6320000,3287,1,1,0
6320250,3288,1,1,0
6320500,3288,0,1,0
6320750,3290,0,1,0
6321000,3292,0,1,0
6321250,3293,0,1,0
6321500,3290,0,1,0
6321750,3291,0,1,0
6322000,3294,0,1,0
6322250,3291,0,1,0
6322500,3291,0,1,0
6322750,3295,0,1,0
6323000,3298,0,1,0
6323250,3300,0,1,0
6323500,3301,0,1,0
6323750,3302,0,1,0
6324000,3301,0,1,0
6324250,3299,0,1,0
6324500,3299,0,1,0
6324750,3297,0,1,0
6325000,3302,0,1,0
6325250,3300,0,1,0
6325500,3299,0,1,0
6325750,3301,0,1,0
6326000,3299,1,1,0
6326250,3299,1,1,0
6326500,3303,0,1,0
6326750,3300,0,1,0
6327000,3304,0,1,0
6327250,3302,0,1,0
6327500,3301,0,1,0
6327750,3298,0,1,0
6328000,3302,0,1,0
6328250,3268,0,1,0
6328500,3265,0,1,0
6328750,3270,0,1,0
6329000,3273,0,1,0
6329250,3298,0,1,0
6329500,3297,0,1,0
6329750,3298,0,1,0
6330000,3303,0,1,0
6330250,3297,0,1,0
6330500,3299,0,1,0
6330750,3297,0,1,0
6331000,3301,0,1,0
6331250,3302,0,1,0
6331500,3301,0,1,0
6331750,3299,0,1,0
6332000,3304,1,1,0
6332250,3303,1,1,0
6332500,3305,0,1,0
6332750,3305,0,1,0
6333000,3303,0,1,0
6333250,3304,0,1,0
6333500,3304,0,1,0
6333750,3310,0,1,0
6334000,3306,0,1,0
6334250,3342,0,1,0
6334500,3347,0,1,0
6334750,3340,0,1,0
6335000,3337,0,1,0
6335250,3309,0,1,0
6335500,3309,0,1,0
6335750,3312,0,1,0
6336000,3311,0,1,0
6336250,3312,0,1,0
6336500,3309,0,1,0
6336750,3311,0,1,0
6337000,3310,0,1,0
6337250,3313,0,1,0
6337500,3313,0,1,0
6337750,3309,0,1,0
6338000,3306,1,1,0
6338250,3310,1,1,0
6338500,3309,0,1,0
6338750,3302,0,1,0
6339000,3302,0,1,0
6339250,3303,0,1,0
6339500,3305,0,1,0
6339750,3302,0,1,0
6340000,3301,0,1,0
6340250,3300,0,1,0
6340500,3300,0,1,0
6340750,3301,0,1,0
6341000,3299,0,1,0
6341250,3299,0,1,0
6341500,3295,0,1,0
6341750,3297,0,1,0
6342000,3293,0,1,0
6342250,3298,0,1,0
6342500,3296,0,1,0
6342750,3292,0,1,0
6343000,3293,0,1,0
6343250,3293,0,1,0
6343500,3299,0,1,0
6343750,3297,0,1,0
6344000,3294,1,1,0
6344250,3294,1,1,0
6344500,3299,0,1,0
6344750,3299,0,1,0
6345000,3299,0,1,0
6345250,3301,0,1,0
6345500,3297,0,1,0
6345750,3299,0,1,0
6346000,3302,0,1,0
6346250,3300,0,1,0
6346500,3301,0,1,0
6346750,3300,0,1,0
6347000,3298,0,1,0
6347250,3296,0,1,0
6347500,3299,0,1,0
6347750,3295,0,1,0
6348000,3299,0,1,0
6348250,3299,0,1,0
6348500,3296,0,1,0
6348750,3294,0,1,0
6349000,3294,0,1,0
6349250,3291,0,1,0
6349500,3294,0,1,0
6349750,3296,0,1,0
6350000,3292,1,1,0
6350250,3291,1,1,0
6350500,3291,0,1,0
6350750,3293,0,1,0
6351000,3292,0,1,0
6351250,3289,0,1,0
6351500,3288,0,1,0
6351750,3291,0,1,0
6352000,3286,0,1,0
6352250,3287,0,1,0
6352500,3288,0,1,0
6352750,3290,0,1,0
6353000,3293,0,1,0
6353250,3292,0,1,0
6353500,3294,0,1,0
6353750,3292,0,1,0
6354000,3294,0,1,0
6354250,3294,0,1,0
6354500,3292,0,1,0
6354750,3296,0,1,0
6355000,3296,0,1,0
6355250,3300,0,1,0
6355500,3298,0,1,0
6355750,3299,0,1,0
6356000,3300,1,1,0
6356250,3300,1,1,0
6356500,3301,0,1,0
6356750,3305,0,1,0
6357000,3301,0,1,0
6357250,3305,0,1,0
6357500,3306,0,1,0
6357750,3305,0,1,0
6358000,3308,0,1,0
6358250,3308,0,1,0
6358500,3306,0,1,0
6358750,3305,0,1,0
6359000,3305,0,1,0
6359250,3307,0,1,0
6359500,3309,0,1,0
6359750,3308,0,1,0
6360000,3310,0,1,0
6360250,3308,0,1,0
6360500,3308,0,1,0
6360750,3305,0,1,0
6361000,3306,0,1,0
6361250,3303,0,1,0
6361500,3306,0,1,0
6361750,3306,0,1,0
6362000,3305,1,1,0
6362250,3300,1,1,0
6362500,3303,0,1,0
6362750,3300,0,1,0
6363000,3303,0,1,0
6363250,3300,0,1,0
6363500,3299,0,1,0
6363750,3304,0,1,0
6364000,3300,0,1,0
6364250,3303,0,1,0
6364500,3303,0,1,0
6364750,3306,0,1,0
6365000,3307,0,1,0
6365250,3307,0,1,0
6365500,3302,0,1,0
6365750,3303,0,1,0
6366000,3308,0,1,0
6366250,3309,0,1,0
6366500,3309,0,1,0
6366750,3307,0,1,0
6367000,3307,0,1,0
6367250,3308,0,1,0
6367500,3307,0,1,0
6367750,3309,0,1,0
6368000,3311,1,1,0
6368250,3310,1,1,0
6368500,3306,0,1,0
6368750,3306,0,1,0
6369000,3310,0,1,0
6369250,3309,0,1,0
6369500,3311,0,1,0
6369750,3306,0,1,0
6370000,3307,0,1,0
6370250,3304,0,1,0
6370500,3304,0,1,0
6370750,3302,0,1,0
6371000,3306,0,1,0
6371250,3302,0,1,0
6371500,3299,0,1,0
6371750,3298,0,1,0
6372000,3298,0,1,0
6372250,3297,0,1,0
6372500,3298,0,1,0
6372750,3296,0,1,0
6373000,3296,0,1,0
6373250,3294,0,1,0
6373500,3294,0,1,0
6373750,3296,0,1,0
6374000,3294,1,1,0
6374250,3290,1,1,0
6374500,3294,0,1,0
6374750,3288,0,1,0
6375000,3292,0,1,0
6375250,3291,0,1,0
6375500,3290,0,1,0
6375750,3290,0,1,0
6376000,3291,0,1,0
6376250,3260,0,1,0
6376500,3254,0,1,0
6376750,3261,0,1,0
6377000,3268,0,1,0
6377250,3294,0,1,0
6377500,3294,0,1,0
6377750,3291,0,1,0
6378000,3293,0,1,0
6378250,3295,0,1,0
6378500,3298,0,1,0
6378750,3298,0,1,0
6379000,3297,0,1,0
6379250,3298,0,1,0
6379500,3300,0,1,0
6379750,3298,0,1,0
6380000,3299,1,1,0
6380250,3301,1,1,0
6380500,3298,0,1,0
6380750,3296,0,1,0
6381000,3298,0,1,0
6381250,3295,0,1,0
6381500,3294,0,1,0
6381750,3300,0,1,0
6382000,3293,0,1,0
6382250,3295,0,1,0
6382500,3296,0,1,0
6382750,3295,0,1,0
6383000,3296,0,1,0
6383250,3295,0,1,0
6383500,3295,0,1,0
6383750,3296,0,1,0
6384000,3296,0,1,0
6384250,3296,0,1,0
6384500,3294,0,1,0
6384750,3292,0,1,0
6385000,3292,0,1,0
6385250,3290,0,1,0
6385500,3295,0,1,0
6385750,3291,0,1,0
6386000,3291,1,1,0
6386250,3293,1,1,0
6386500,3298,0,1,0
6386750,3294,0,1,0
6387000,3296,0,1,0
6387250,3295,0,1,0
6387500,3298,0,1,0
6387750,3297,0,1,0
6388000,3302,0,1,0
6388250,3299,0,1,0
6388500,3304,0,1,0
6388750,3302,0,1,0
6389000,3305,0,1,0
6389250,3305,0,1,0
6389500,3305,0,1,0
6389750,3307,0,1,0
6390000,3305,0,1,0
6390250,3306,0,1,0
6390500,3311,0,1,0
6390750,3311,0,1,0
6391000,3312,0,1,0
6391250,3312,0,1,0
6391500,3312,0,1,0
6391750,3311,0,1,0
6392000,3312,1,1,0
6392250,3313,1,1,0
6392500,3314,0,1,0
6392750,3311,0,1,0
6393000,3307,0,1,0
6393250,3311,0,1,0
6393500,3307,0,1,0
6393750,3311,0,1,0
6394000,3309,0,1,0
6394250,3304,0,1,0
6394500,3306,0,1,0
6394750,3304,0,1,0
6395000,3304,0,1,0
6395250,3306,0,1,0
6395500,3305,0,1,0
6395750,3304,0,1,0
6396000,3300,0,1,0
6396250,3301,0,1,0
6396500,3301,0,1,0
6396750,3301,0,1,0
6397000,3299,0,1,0
6397250,3300,0,1,0
6397500,3301,0,1,0
6397750,3302,0,1,0
6398000,3302,1,1,0
6398250,3305,1,1,0
6398500,3302,0,1,0
6398750,3299,0,1,0
6399000,3303,0,1,0
6399250,3303,0,1,0
6399500,3303,0,1,0
6399750,3304,0,1,0
6400000,3303,0,1,0
6400250,3330,0,1,0
6400500,3337,0,1,0
6400750,3334,0,1,0
6401000,3331,0,1,0
6401250,3302,0,1,0
6401500,3305,0,1,0
6401750,3306,0,1,0
6402000,3302,0,1,0
6402250,3301,0,1,0
6402500,3301,0,1,0
6402750,3304,0,1,0
6403000,3299,0,1,0
6403250,3304,0,1,0
6403500,3298,0,1,0
6403750,3299,0,1,0
6404000,3297,1,1,0
6404250,3295,1,1,0
6404500,3300,0,1,0
6404750,3297,0,1,0
6405000,3297,0,1,0
6405250,3295,0,1,0
6405500,3294,0,1,0
6405750,3291,0,1,0
6406000,3289,0,1,0
6406250,3260,0,1,0
6406500,3258,0,1,0
6406750,3261,0,1,0
6407000,3267,0,1,0
6407250,3288,0,1,0
6407500,3291,0,1,0
6407750,3291,0,1,0
6408000,3286,0,1,0
6408250,3290,0,1,0
6408500,3285,0,1,0
6408750,3288,0,1,0
6409000,3288,0,1,0
6409250,3290,0,1,0
6409500,3292,0,1,0
6409750,3289,0,1,0
6410000,3291,1,1,0
6410250,3295,1,1,0
6410500,3293,0,1,0
6410750,3297,0,1,0
6411000,3297,0,1,0
6411250,3292,0,1,0
6411500,3296,0,1,0
6411750,3299,0,1,0
6412000,3297,0,1,0
6412250,3299,0,1,0
6412500,3301,0,1,0
6412750,3297,0,1,0
6413000,3302,0,1,0
6413250,3298,0,1,0
6413500,3298,0,1,0
6413750,3297,0,1,0
6414000,3300,0,1,0
6414250,3299,0,1,0
6414500,3298,0,1,0
6414750,3302,0,1,0
6415000,3302,0,1,0
6415250,3301,0,1,0
6415500,3302,0,1,0
6415750,3301,0,1,0
6416000,3302,1,1,0
6416250,3300,1,1,0
6416500,3300,0,1,0
6416750,3296,0,1,0
6417000,3299,0,1,0
6417250,3300,0,1,0
6417500,3297,0,1,0
6417750,3295,0,1,0
6418000,3300,0,1,0
6418250,3300,0,1,0
6418500,3295,0,1,0
6418750,3299,0,1,0
6419000,3302,0,1,0
6419250,3297,0,1,0
6419500,3300,0,1,0
6419750,3298,0,1,0
6420000,3303,0,1,0
6420250,3301,0,1,0
6420500,3303,0,1,0
6420750,3306,0,1,0
6421000,3302,0,1,0
6421250,3303,0,1,0
6421500,3306,0,1,0
6421750,3306,0,1,0
6422000,3310,1,1,0
6422250,3306,1,1,0
6422500,3308,0,1,0
6422750,3311,0,1,0
6423000,3314,0,1,0
6423250,3313,0,1,0
6423500,3314,0,1,0
6423750,3315,0,1,0
6424000,3315,0,1,0
6424250,3344,0,1,0
6424500,3346,0,1,0
6424750,3342,0,1,0
6425000,3337,0,1,0
6425250,3309,0,1,0
6425500,3312,0,1,0
6425750,3307,0,1,0
6426000,3311,0,1,0
6426250,3306,0,1,0
6426500,3311,0,1,0
6426750,3305,0,1,0
6427000,3303,0,1,0
6427250,3305,0,1,0
6427500,3303,0,1,0
6427750,3300,0,1,0
6428000,3299,1,1,0
6428250,3302,1,1,0
6428500,3297,0,1,0
6428750,3303,0,1,0
6429000,3302,0,1,0
6429250,3297,0,1,0
6429500,3302,0,1,0
6429750,3301,0,1,0
6430000,3300,0,1,0
6430250,3272,0,1,0
6430500,3266,0,1,0
6430750,3266,0,1,0
6431000,3271,0,1,0
6431250,3297,0,1,0
6431500,3299,0,1,0
6431750,3299,0,1,0
6432000,3299,0,1,0
6432250,3297,0,1,0
6432500,3297,0,1,0
6432750,3303,0,1,0
6433000,3298,0,1,0
6433250,3302,0,1,0
6433500,3298,0,1,0
6433750,3299,0,1,0
6434000,3302,1,1,0
6434250,3297,1,1,0
6434500,3297,0,1,0
6434750,3297,0,1,0
6435000,3298,0,1,0
6435250,3298,0,1,0
6435500,3300,0,1,0
6435750,3301,0,1,0
6436000,3299,0,1,0
6436250,3299,0,1,0
6436500,3297,0,1,0
6436750,3300,0,1,0
6437000,3293,0,1,0
6437250,3294,0,1,0
6437500,3293,0,1,0
6437750,3296,0,1,0
6438000,3293,0,1,0
6438250,3291,0,1,0
6438500,3293,0,1,0
6438750,3292,0,1,0
6439000,3290,0,1,0
6439250,3289,0,1,0
6439500,3292,0,1,0
6439750,3290,0,1,0
6440000,3285,1,1,0
6440250,3287,1,1,0
6440500,3289,0,1,0
6440750,3286,0,1,0
6441000,3290,0,1,0
6441250,3291,0,1,0
6441500,3287,0,1,0
6441750,3292,0,1,0
6442000,3291,0,1,0
6442250,3291,0,1,0
6442500,3291,0,1,0
6442750,3290,0,1,0
6443000,3296,0,1,0
6443250,3292,0,1,0
6443500,3293,0,1,0
6443750,3294,0,1,0
6444000,3296,0,1,0
6444250,3296,0,1,0
6444500,3302,0,1,0
6444750,3303,0,1,0
6445000,3303,0,1,0
6445250,3304,0,1,0
6445500,3304,0,1,0
6445750,3302,0,1,0
6446000,3307,1,1,0
6446250,3305,1,1,0
6446500,3301,0,1,0
6446750,3304,0,1,0
6447000,3308,0,1,0
6447250,3304,0,1,0
6447500,3302,0,1,0
6447750,3307,0,1,0
6448000,3303,0,1,0
6448250,3301,0,1,0
6448500,3304,0,1,0
6448750,3306,0,1,0
6449000,3304,0,1,0
6449250,3300,0,1,0
6449500,3303,0,1,0
6449750,3302,0,1,0
6450000,3300,0,1,0
6450250,3301,0,1,0
6450500,3301,0,1,0
6450750,3299,0,1,0
6451000,3303,0,1,0
6451250,3302,0,1,0
6451500,3303,0,1,0
6451750,3304,0,1,0
6452000,3302,1,1,0
6452250,3304,1,1,0
6452500,3303,0,1,0
6452750,3301,0,1,0
6453000,3306,0,1,0
6453250,3302,0,1,0
6453500,3302,0,1,0
6453750,3308,0,1,0
6454000,3309,0,1,0
6454250,3305,0,1,0
6454500,3306,0,1,0
6454750,3311,0,1,0
6455000,3308,0,1,0
6455250,3311,0,1,0
6455500,3310,0,1,0
6455750,3311,0,1,0
6456000,3312,0,1,0
6456250,3310,0,1,0
6456500,3314,0,1,0
6456750,3311,0,1,0
6457000,3313,0,1,0
6457250,3309,0,1,0
6457500,3307,0,1,0
6457750,3310,0,1,0
6458000,3312,1,1,0
6458250,3309,1,1,0
6458500,3307,0,1,0
6458750,3305,0,1,0
6459000,3307,0,1,0
6459250,3303,0,1,0
6459500,3304,0,1,0
6459750,3304,0,1,0
6460000,3299,0,1,0
6460250,3272,0,1,0
6460500,3267,0,1,0
6460750,3270,0,1,0
6461000,3274,0,1,0
6461250,3298,0,1,0
6461500,3294,0,1,0
6461750,3299,0,1,0
6462000,3297,0,1,0
6462250,3297,0,1,0
6462500,3291,0,1,0
6462750,3291,0,1,0
6463000,3293,0,1,0
6463250,3296,0,1,0
6463500,3293,0,1,0
6463750,3295,0,1,0
6464000,3290,1,1,0
6464250,3291,1,1,0
6464500,3293,0,1,0
6464750,3296,0,1,0
6465000,3295,0,1,0
6465250,3297,0,1,0
6465500,3296,0,1,0
6465750,3296,0,1,0
6466000,3295,0,1,0
6466250,3297,0,1,0
6466500,3296,0,1,0
6466750,3296,0,1,0
6467000,3299,0,1,0
6467250,3297,0,1,0
6467500,3298,0,1,0
6467750,3295,0,1,0
6468000,3296,0,1,0
6468250,3299,0,1,0
6468500,3295,0,1,0
6468750,3299,0,1,0
6469000,3297,0,1,0
6469250,3300,0,1,0
6469500,3295,0,1,0
6469750,3298,0,1,0
6470000,3293,1,1,0
6470250,3292,1,1,0
6470500,3293,0,1,0
6470750,3295,0,1,0
6471000,3293,0,1,0
6471250,3291,0,1,0
6471500,3293,0,1,0
6471750,3289,0,1,0
6472000,3291,0,1,0
6472250,3294,0,1,0
6472500,3288,0,1,0
6472750,3292,0,1,0
6473000,3288,0,1,0
6473250,3291,0,1,0
6473500,3290,0,1,0
6473750,3293,0,1,0
6474000,3295,0,1,0
6474250,3290,0,1,0
6474500,3295,0,1,0
6474750,3293,0,1,0
6475000,3296,0,1,0
6475250,3296,0,1,0
6475500,3299,0,1,0
6475750,3296,0,1,0
6476000,3296,1,1,0
6476250,3300,1,1,0
6476500,3302,0,1,0
6476750,3299,0,1,0
6477000,3301,0,1,0
6477250,3302,0,1,0
6477500,3301,0,1,0
6477750,3306,0,1,0
6478000,3308,0,1,0
6478250,3278,0,1,0
6478500,3273,0,1,0
6478750,3277,0,1,0
6479000,3285,0,1,0
6479250,3309,0,1,0
6479500,3312,0,1,0
6479750,3310,0,1,0
6480000,3309,0,1,0
6480250,3311,0,1,0
6480500,3311,0,1,0
6480750,3312,0,1,0
6481000,3311,0,1,0
6481250,3305,0,1,0
6481500,3308,0,1,0
6481750,3309,0,1,0
6482000,3304,1,1,0
6482250,3309,1,1,0
6482500,3306,0,1,0
6482750,3302,0,1,0
6483000,3304,0,1,0
6483250,3304,0,1,0
6483500,3307,0,1,0
6483750,3303,0,1,0
6484000,3302,0,1,0
6484250,3305,0,1,0
6484500,3299,0,1,0
6484750,3300,0,1,0
6485000,3300,0,1,0
6485250,3300,0,1,0
6485500,3305,0,1,0
6485750,3302,0,1,0
6486000,3301,0,1,0
6486250,3302,0,1,0
6486500,3307,0,1,0
6486750,3307,0,1,0
6487000,3304,0,1,0
6487250,3303,0,1,0
6487500,3306,0,1,0
6487750,3305,0,1,0
6488000,3306,1,1,0
6488250,3306,1,1,0
6488500,3307,0,1,0
6488750,3308,0,1,0
6489000,3304,0,1,0
6489250,3305,0,1,0
6489500,3308,0,1,0
6489750,3305,0,1,0
6490000,3310,0,1,0
6490250,3307,0,1,0
6490500,3305,0,1,0
6490750,3307,0,1,0
6491000,3305,0,1,0
6491250,3306,0,1,0
6491500,3304,0,1,0
6491750,3304,0,1,0
6492000,3300,0,1,0
6492250,3299,0,1,0
6492500,3300,0,1,0
6492750,3298,0,1,0
6493000,3294,0,1,0
6493250,3295,0,1,0
6493500,3292,0,1,0
6493750,3291,0,1,0
6494000,3294,1,1,0
6494250,3290,1,1,0
6494500,3289,0,1,0
6494750,3290,0,1,0
6495000,3291,0,1,0
6495250,3288,0,1,0
6495500,3288,0,1,0
6495750,3292,0,1,0
6496000,3288,0,1,0
6496250,3291,0,1,0
6496500,3287,0,1,0
6496750,3292,0,1,0
6497000,3290,0,1,0
6497250,3287,0,1,0
6497500,3289,0,1,0
6497750,3289,0,1,0
6498000,3292,0,1,0
6498250,3291,0,1,0
6498500,3295,0,1,0
6498750,3297,0,1,0
6499000,3293,0,1,0
6499250,3295,0,1,0
6499500,3299,0,1,0
6499750,3298,0,1,0
6500000,3294,1,1,0
6500250,3298,1,1,0
6500500,3295,0,1,0
6500750,3297,0,1,0
6501000,3300,0,1,0
6501250,3301,0,1,0
6501500,3297,0,1,0
6501750,3302,0,1,0
6502000,3297,0,1,0
6502250,3299,0,1,0
6502500,3299,0,1,0
6502750,3298,0,1,0
6503000,3299,0,1,0
6503250,3299,0,1,0
6503500,3297,0,1,0
6503750,3294,0,1,0
6504000,3298,0,1,0
6504250,3295,0,1,0
6504500,3295,0,1,0
6504750,3299,0,1,0
6505000,3298,0,1,0
6505250,3296,0,1,0
6505500,3296,0,1,0
6505750,3298,0,1,0
6506000,3297,1,1,0
6506250,3296,1,1,0
6506500,3299,0,1,0
6506750,3295,0,1,0
6507000,3296,0,1,0
6507250,3301,0,1,0
6507500,3295,0,1,0
6507750,3301,0,1,0
6508000,3301,0,1,0
6508250,3303,0,1,0
6508500,3300,0,1,0
6508750,3305,0,1,0
6509000,3302,0,1,0
6509250,3306,0,1,0
6509500,3303,0,1,0
6509750,3304,0,1,0
6510000,3309,0,1,0
6510250,3306,0,1,0
6510500,3310,0,1,0
6510750,3308,0,1,0
6511000,3313,0,1,0
6511250,3313,0,1,0
6511500,3313,0,1,0
6511750,3312,0,1,0
6512000,3314,1,1,0
6512250,3310,1,1,0
6512500,3309,0,1,0
6512750,3312,0,1,0
6513000,3313,0,1,0
6513250,3312,0,1,0
6513500,3311,0,1,0
6513750,3308,0,1,0
6514000,3307,0,1,0
6514250,3312,0,1,0
6514500,3311,0,1,0
6514750,3309,0,1,0
6515000,3309,0,1,0
6515250,3307,0,1,0
6515500,3302,0,1,0
6515750,3307,0,1,0
6516000,3302,0,1,0
6516250,3304,0,1,0
6516500,3302,0,1,0
6516750,3299,0,1,0
6517000,3304,0,1,0
6517250,3298,0,1,0
6517500,3303,0,1,0
6517750,3299,0,1,0
6518000,3302,1,1,0
6518250,3298,1,1,0
6518500,3298,0,1,0
6518750,3300,0,1,0
6519000,3303,0,1,0
6519250,3301,0,1,0
6519500,3301,0,1,0
6519750,3300,0,1,0
6520000,3324,0,1,0
6520250,3327,0,1,0
6520500,3325,0,1,0
6520750,3302,0,1,0
6521000,3301,0,1,0
6521250,3303,0,1,0
6521500,3301,0,1,0
6521750,3300,0,1,0
6522000,3300,0,1,0
6522250,3301,0,1,0
6522500,3305,0,1,0
6522750,3304,0,1,0
6523000,3301,0,1,0
6523250,3302,0,1,0
6523500,3299,0,1,0
6523750,3298,0,1,0
6524000,3300,1,1,0
6524250,3302,1,1,0
6524500,3300,0,1,0
6524750,3295,0,1,0
6525000,3298,0,1,0
6525250,3295,0,1,0
6525500,3294,0,1,0
6525750,3296,0,1,0
6526000,3296,0,1,0
6526250,3295,0,1,0
6526500,3294,0,1,0
6526750,3291,0,1,0
6527000,3288,0,1,0
6527250,3290,0,1,0
6527500,3287,0,1,0
6527750,3290,0,1,0
6528000,3290,0,1,0
6528250,3286,0,1,0
6528500,3287,0,1,0
6528750,3287,0,1,0
6529000,3286,0,1,0
6529250,3288,0,1,0
6529500,3289,0,1,0
6529750,3287,0,1,0
6530000,3287,1,1,0
6530250,3287,1,1,0
6530500,3292,0,1,0
6530750,3290,0,1,0
6531000,3291,0,1,0
6531250,3291,0,1,0
6531500,3294,0,1,0
6531750,3296,0,1,0
6532000,3294,0,1,0
6532250,3298,0,1,0
6532500,3299,0,1,0
6532750,3298,0,1,0
6533000,3299,0,1,0
6533250,3302,0,1,0
6533500,3301,0,1,0
6533750,3301,0,1,0
6534000,3302,0,1,0
6534250,3303,0,1,0
6534500,3301,0,1,0
6534750,3300,0,1,0
6535000,3303,0,1,0
6535250,3305,0,1,0
6535500,3302,0,1,0
6535750,3299,0,1,0
6536000,3301,1,1,0
6536250,3305,1,1,0
6536500,3299,0,1,0
6536750,3302,0,1,0
6537000,3304,0,1,0
6537250,3303,0,1,0
6537500,3303,0,1,0
6537750,3299,0,1,0
6538000,3303,0,1,0
6538250,3330,0,1,0
6538500,3336,0,1,0
6538750,3330,0,1,0
6539000,3323,0,1,0
6539250,3301,0,1,0
6539500,3300,0,1,0
6539750,3302,0,1,0
6540000,3297,0,1,0
6540250,3304,0,1,0
6540500,3301,0,1,0
6540750,3301,0,1,0
6541000,3301,0,1,0
6541250,3303,0,1,0
6541500,3307,0,1,0
6541750,3304,0,1,0
6542000,3304,1,1,0
6542250,3305,1,1,0
6542500,3308,0,1,0
6542750,3309,0,1,0
6543000,3312,0,1,0
6543250,3308,0,1,0
6543500,3311,0,1,0
6543750,3310,0,1,0
6544000,3309,0,1,0
6544250,3314,0,1,0
6544500,3312,0,1,0
6544750,3292,0,1,0
6545000,3289,0,1,0
6545250,3293,0,1,0
6545500,3313,0,1,0
6545750,3311,0,1,0
6546000,3314,0,1,0
6546250,3313,0,1,0
6546500,3308,0,1,0
6546750,3307,0,1,0
6547000,3305,0,1,0
6547250,3304,0,1,0
6547500,3303,0,1,0
6547750,3303,0,1,0
6548000,3306,1,1,0
6548250,3306,1,1,0
6548500,3302,0,1,0
6548750,3302,0,1,0
6549000,3302,0,1,0
6549250,3297,0,1,0
6549500,3299,0,1,0
6549750,3299,0,1,0
6550000,3299,0,1,0
6550250,3294,0,1,0
6550500,3296,0,1,0
6550750,3293,0,1,0
6551000,3294,0,1,0
6551250,3298,0,1,0
6551500,3293,0,1,0
6551750,3296,0,1,0
6552000,3295,0,1,0
6552250,3298,0,1,0
6552500,3297,0,1,0
6552750,3293,0,1,0
6553000,3297,0,1,0
6553250,3300,0,1,0
6553500,3298,0,1,0
6553750,3299,0,1,0
6554000,3297,1,1,0
6554250,3298,1,1,0
6554500,3300,0,1,0
6554750,3298,0,1,0
6555000,3300,0,1,0
6555250,3302,0,1,0
6555500,3297,0,1,0
6555750,3298,0,1,0
6556000,3302,0,1,0
6556250,3300,0,1,0
6556500,3300,0,1,0
6556750,3296,0,1,0
6557000,3295,0,1,0
6557250,3298,0,1,0
6557500,3299,0,1,0
6557750,3294,0,1,0
6558000,3298,0,1,0
6558250,3293,0,1,0
6558500,3295,0,1,0
6558750,3292,0,1,0
6559000,3294,0,1,0
6559250,3295,0,1,0
6559500,3293,0,1,0
6559750,3289,0,1,0
6560000,3293,1,1,0
6560250,3290,1,1,0
6560500,3291,0,1,0
6560750,3291,0,1,0
6561000,3289,0,1,0
6561250,3292,0,1,0
6561500,3291,0,1,0
6561750,3286,0,1,0
6562000,3292,0,1,0
6562250,3287,0,1,0
6562500,3292,0,1,0
6562750,3291,0,1,0
6563000,3290,0,1,0
6563250,3292,0,1,0
6563500,3294,0,1,0
6563750,3296,0,1,0
6564000,3298,0,1,0
6564250,3298,0,1,0
6564500,3300,0,1,0
6564750,3299,0,1,0
6565000,3301,0,1,0
6565250,3303,0,1,0
6565500,3304,0,1,0
6565750,3306,0,1,0
6566000,3301,1,1,0
6566250,3301,1,1,0
6566500,3306,0,1,0
6566750,3305,0,1,0
6567000,3307,0,1,0
6567250,3310,0,1,0
6567500,3308,0,1,0
6567750,3308,0,1,0
6568000,3307,0,1,0
6568250,3307,0,1,0
6568500,3309,0,1,0
6568750,3308,0,1,0
6569000,3308,0,1,0
6569250,3305,0,1,0
6569500,3304,0,1,0
6569750,3304,0,1,0
6570000,3306,0,1,0
6570250,3308,0,1,0
6570500,3301,0,1,0
6570750,3303,0,1,0
6571000,3300,0,1,0
6571250,3305,0,1,0
6571500,3302,0,1,0
6571750,3303,0,1,0
6572000,3301,1,1,0
6572250,3301,1,1,0
6572500,3302,0,1,0
6572750,3299,0,1,0
6573000,3301,0,1,0
6573250,3302,0,1,0
6573500,3300,0,1,0
6573750,3307,0,1,0
6574000,3302,0,1,0
6574250,3274,0,1,0
6574500,3270,0,1,0
6574750,3274,0,1,0
6575000,3280,0,1,0
6575250,3306,0,1,0
6575500,3304,0,1,0
6575750,3309,0,1,0
6576000,3305,0,1,0
6576250,3308,0,1,0
6576500,3312,0,1,0
6576750,3307,0,1,0
6577000,3312,0,1,0
6577250,3310,0,1,0
6577500,3308,0,1,0
6577750,3309,0,1,0
6578000,3308,1,1,0
6578250,3308,1,1,0
6578500,3305,0,1,0
6578750,3308,0,1,0
6579000,3309,0,1,0
6579250,3307,0,1,0
6579500,3308,0,1,0
6579750,3307,0,1,0
6580000,3301,0,1,0
6580250,3301,0,1,0
6580500,3301,0,1,0
6580750,3301,0,1,0
6581000,3297,0,1,0
6581250,3299,0,1,0
6581500,3301,0,1,0
6581750,3295,0,1,0
6582000,3293,0,1,0
6582250,3294,0,1,0
6582500,3292,0,1,0
6582750,3291,0,1,0
6583000,3295,0,1,0
6583250,3290,0,1,0
6583500,3294,0,1,0
6583750,3294,0,1,0
6584000,3291,1,1,0
6584250,3289,1,1,0
6584500,3293,0,1,0
6584750,3290,0,1,0
6585000,3291,0,1,0
6585250,3289,0,1,0
6585500,3293,0,1,0
6585750,3290,0,1,0
6586000,3290,0,1,0
6586250,3267,0,1,0
6586500,3258,0,1,0
6586750,3263,0,1,0
6587000,3273,0,1,0
6587250,3294,0,1,0
6587500,3298,0,1,0
6587750,3293,0,1,0
6588000,3296,0,1,0
6588250,3299,0,1,0
6588500,3296,0,1,0
6588750,3295,0,1,0
6589000,3301,0,1,0
6589250,3296,0,1,0
6589500,3298,0,1,0
6589750,3300,0,1,0
6590000,3299,1,1,0
6590250,3295,1,1,0
6590500,3299,0,1,0
6590750,3296,0,1,0
6591000,3294,0,1,0
6591250,3295,0,1,0
6591500,3297,0,1,0
6591750,3294,0,1,0
6592000,3292,0,1,0
6592250,3291,0,1,0
6592500,3291,0,1,0
6592750,3290,0,1,0
6593000,3294,0,1,0
6593250,3295,0,1,0
6593500,3295,0,1,0
6593750,3295,0,1,0
6594000,3294,0,1,0
6594250,3292,0,1,0
6594500,3295,0,1,0
6594750,3297,0,1,0
6595000,3294,0,1,0
6595250,3295,0,1,0
6595500,3293,0,1,0
6595750,3297,0,1,0
6596000,3294,1,1,0
6596250,3300,1,1,0
6596500,3300,0,1,0
6596750,3297,0,1,0
6597000,3301,0,1,0
6597250,3301,0,1,0
6597500,3302,0,1,0
6597750,3306,0,1,0
6598000,3302,0,1,0
6598250,3307,0,1,0
6598500,3306,0,1,0
6598750,3310,0,1,0
6599000,3309,0,1,0
6599250,3310,0,1,0
6599500,3307,0,1,0
6599750,3312,0,1,0
6600000,3310,0,1,0
6600250,3313,0,1,0
6600500,3310,0,1,0
6600750,3309,0,1,0
6601000,3310,0,1,0
6601250,3313,0,1,0
6601500,3312,0,1,0
6601750,3311,0,1,0
6602000,3309,1,1,0
6602250,3306,1,1,0
6602500,3310,0,1,0
6602750,3305,0,1,0
6603000,3309,0,1,0
6603250,3307,0,1,0
6603500,3307,0,1,0
6603750,3303,0,1,0
6604000,3305,0,1,0
6604250,3303,0,1,0
6604500,3303,0,1,0
6604750,3304,0,1,0
6605000,3304,0,1,0
6605250,3304,0,1,0
6605500,3301,0,1,0
6605750,3300,0,1,0
6606000,3300,0,1,0
6606250,3302,0,1,0
6606500,3303,0,1,0
6606750,3301,0,1,0
6607000,3301,0,1,0
6607250,3299,0,1,0
6607500,3301,0,1,0
6607750,3305,0,1,0
6608000,3302,1,1,0
6608250,3305,1,1,0
6608500,3303,0,1,0
6608750,3304,0,1,0
6609000,3305,0,1,0
6609250,3306,0,1,0
6609500,3305,0,1,0
6609750,3304,0,1,0
6610000,3303,0,1,0
6610250,3305,0,1,0
6610500,3308,0,1,0
6610750,3302,0,1,0
6611000,3302,0,1,0
6611250,3306,0,1,0
6611500,3306,0,1,0
6611750,3303,0,1,0
6612000,3300,0,1,0
6612250,3304,0,1,0
6612500,3298,0,1,0
6612750,3303,0,1,0
6613000,3299,0,1,0
6613250,3299,0,1,0
6613500,3300,0,1,0
6613750,3297,0,1,0
6614000,3295,1,1,0
6614250,3294,1,1,0
6614500,3294,0,1,0
6614750,3293,0,1,0
6615000,3288,0,1,0
6615250,3289,0,1,0
6615500,3293,0,1,0
6615750,3288,0,1,0
6616000,3287,0,1,0
6616250,3285,0,1,0
6616500,3290,0,1,0
6616750,3291,0,1,0
6617000,3287,0,1,0
6617250,3286,0,1,0
6617500,3285,0,1,0
6617750,3287,0,1,0
6618000,3290,0,1,0
6618250,3287,0,1,0
6618500,3292,0,1,0
6618750,3289,0,1,0
6619000,3292,0,1,0
6619250,3292,0,1,0
6619500,3295,0,1,0
6619750,3296,0,1,0
6620000,3292,1,1,0
6620250,3299,1,1,0
6620500,3294,0,1,0
6620750,3295,0,1,0
6621000,3296,0,1,0
6621250,3296,0,1,0
6621500,3296,0,1,0
6621750,3302,0,1,0
6622000,3298,0,1,0
6622250,3301,0,1,0
6622500,3302,0,1,0
6622750,3297,0,1,0
6623000,3299,0,1,0
6623250,3297,0,1,0
6623500,3299,0,1,0
6623750,3301,0,1,0
6624000,3300,0,1,0
6624250,3299,0,1,0
6624500,3298,0,1,0
6624750,3300,0,1,0
6625000,3299,0,1,0
6625250,3302,0,1,0
6625500,3300,0,1,0
6625750,3297,0,1,0
6626000,3301,1,1,0
6626250,3301,1,1,0
6626500,3297,0,1,0
6626750,3300,0,1,0
6627000,3295,0,1,0
6627250,3298,0,1,0
6627500,3300,0,1,0
6627750,3301,0,1,0
6628000,3299,0,1,0
6628250,3298,0,1,0
6628500,3297,0,1,0
6628750,3301,0,1,0
6629000,3298,0,1,0
6629250,3303,0,1,0
6629500,3304,0,1,0
6629750,3303,0,1,0
6630000,3303,0,1,0
6630250,3304,0,1,0
6630500,3305,0,1,0
6630750,3305,0,1,0
6631000,3308,0,1,0
6631250,3310,0,1,0
6631500,3313,0,1,0
6631750,3311,0,1,0
6632000,3312,1,1,0
6632250,3309,1,1,0
6632500,3311,0,1,0
6632750,3312,0,1,0
6633000,3313,0,1,0
6633250,3313,0,1,0
6633500,3312,0,1,0
6633750,3314,0,1,0
6634000,3312,0,1,0
6634250,3311,0,1,0
6634500,3309,0,1,0
6634750,3311,0,1,0
6635000,3312,0,1,0
6635250,3306,0,1,0
6635500,3308,0,1,0
6635750,3309,0,1,0
6636000,3309,0,1,0
6636250,3304,0,1,0
6636500,3306,0,1,0
6636750,3304,0,1,0
6637000,3302,0,1,0
6637250,3301,0,1,0
6637500,3297,0,1,0
6637750,3303,0,1,0
6638000,3303,1,1,0
6638250,3298,1,1,0
6638500,3300,0,1,0
6638750,3295,0,1,0
6639000,3298,0,1,0
6639250,3299,0,1,0
6639500,3297,0,1,0
6639750,3298,0,1,0
6640000,3301,0,1,0
6640250,3296,0,1,0
6640500,3300,0,1,0
6640750,3296,0,1,0
6641000,3299,0,1,0
6641250,3296,0,1,0
6641500,3296,0,1,0
6641750,3303,0,1,0
6642000,3303,0,1,0
6642250,3298,0,1,0
6642500,3303,0,1,0
6642750,3303,0,1,0
6643000,3298,0,1,0
6643250,3303,0,1,0
6643500,3303,0,1,0
6643750,3302,0,1,0
6644000,3300,1,1,0
6644250,3300,1,1,0
6644500,3302,0,1,0
6644750,3299,0,1,0
6645000,3295,0,1,0
6645250,3298,0,1,0
6645500,3300,0,1,0
6645750,3298,0,1,0
6646000,3298,0,1,0
6646250,3294,0,1,0
6646500,3294,0,1,0
6646750,3291,0,1,0
6647000,3294,0,1,0
6647250,3293,0,1,0
6647500,3291,0,1,0
6647750,3293,0,1,0
6648000,3286,0,1,0
6648250,3286,0,1,0
6648500,3291,0,1,0
6648750,3286,0,1,0
6649000,3290,0,1,0
6649250,3285,0,1,0
6649500,3285,0,1,0
6649750,3289,0,1,0
6650000,3287,1,1,0
6650250,3289,1,1,0
6650500,3290,0,1,0
6650750,3290,0,1,0
6651000,3294,0,1,0
6651250,3294,0,1,0
6651500,3289,0,1,0
6651750,3294,0,1,0
6652000,3296,0,1,0
6652250,3298,0,1,0
6652500,3293,0,1,0
6652750,3299,0,1,0
6653000,3295,0,1,0
6653250,3302,0,1,0
6653500,3302,0,1,0
6653750,3298,0,1,0
6654000,3298,0,1,0
6654250,3301,0,1,0
6654500,3300,0,1,0
6654750,3302,0,1,0
6655000,3301,0,1,0
6655250,3305,0,1,0
6655500,3303,0,1,0
6655750,3308,0,1,0
6656000,3308,1,1,0
6656250,3307,1,1,0
6656500,3306,0,1,0
6656750,3304,0,1,0
6657000,3305,0,1,0
6657250,3304,0,1,0
6657500,3304,0,1,0
6657750,3306,0,1,0
6658000,3302,0,1,0
6658250,3304,0,1,0
6658500,3299,0,1,0
6658750,3299,0,1,0
6659000,3302,0,1,0
6659250,3300,0,1,0
6659500,3302,0,1,0
6659750,3298,0,1,0
6660000,3299,0,1,0
6660250,3298,0,1,0
6660500,3299,0,1,0
6660750,3303,0,1,0
6661000,3305,0,1,0
6661250,3303,0,1,0
6661500,3306,0,1,0
6661750,3302,0,1,0
6662000,3301,1,1,0
6662250,3306,1,1,0
6662500,3305,0,1,0
6662750,3306,0,1,0
6663000,3310,0,1,0
6663250,3308,0,1,0
6663500,3310,0,1,0
6663750,3306,0,1,0
6664000,3308,0,1,0
6664250,3312,0,1,0
6664500,3310,0,1,0
6664750,3312,0,1,0
6665000,3312,0,1,0
6665250,3311,0,1,0
6665500,3311,0,1,0
6665750,3312,0,1,0
6666000,3310,0,1,0
6666250,3310,0,1,0
6666500,3311,0,1,0
6666750,3310,0,1,0
6667000,3310,0,1,0
6667250,3311,0,1,0
6667500,3309,0,1,0
6667750,3309,0,1,0
6668000,3306,1,1,0
6668250,3303,1,1,0
6668500,3301,0,1,0
6668750,3305,0,1,0
6669000,3304,0,1,0
6669250,3301,0,1,0
6669500,3300,0,1,0
6669750,3298,0,1,0
6670000,3298,0,1,0
6670250,3297,0,1,0
6670500,3295,0,1,0
6670750,3296,0,1,0
6671000,3298,0,1,0
6671250,3291,0,1,0
6671500,3294,0,1,0
6671750,3296,0,1,0
6672000,3292,0,1,0
6672250,3290,0,1,0
6672500,3291,0,1,0
6672750,3293,0,1,0
6673000,3295,0,1,0
6673250,3291,0,1,0
6673500,3296,0,1,0
6673750,3297,0,1,0
6674000,3294,1,1,0
6674250,3292,1,1,0
6674500,3293,0,1,0
6674750,3294,0,1,0
6675000,3293,0,1,0
6675250,3294,0,1,0
6675500,3298,0,1,0
6675750,3294,0,1,0
6676000,3299,0,1,0
6676250,3295,0,1,0
6676500,3295,0,1,0
6676750,3298,0,1,0
6677000,3296,0,1,0
6677250,3299,0,1,0
6677500,3299,0,1,0
6677750,3297,0,1,0
6678000,3299,0,1,0
6678250,3294,0,1,0
6678500,3297,0,1,0
6678750,3296,0,1,0
6679000,3294,0,1,0
6679250,3297,0,1,0
6679500,3291,0,1,0
6679750,3294,0,1,0
